style,file,brand,category,duration_s,aspect,resolution,word_count,wpm,wpm_speech,cuts,cuts_per_10s,low_speech,hook_verbal_0_3s,first_sentence,hook_onscreen_text,cta_text,end_onscreen_text,offer_devices,brand_first_mention_s,cta_start_s,language,web_view_link
AI - Cartoon Style,ai_cartoon-Ad-1-IM8 Health.mp4,IM8 Health,Supplements & wellness,110.8,9:16,720x1280,381,206.2,238.6,36,3.25,False,If your gut has gotten worse every year and you drink more than twice,"If your gut has gotten worse every year and you drink more than twice a week, those two things aren't a coincidence.",If your / has gotten | DRINK MORE THAN / TWICE A WEEK,30-day money back guarantee. Link below.,More Energy / of participants felt / a noticeable boost in / daily energy | More Energy / of participants felt / a noticeable boost in / daily energy / A Healthier Gut / of participants / experienced ,guarantee;price_anchor,,99.6,en,https://drive.google.com/file/d/1YYLuiPtmZY0euNex7dXkgHJ19ltij5CQ/view?usp=drivesdk
AI - Cartoon Style,ai_cartoon-Ad-10-IM8 Health.mp4,IM8 Health,Supplements & wellness,78.5,9:16,720x1280,200,152.9,208.3,16,2.04,False,"If a 37 -year -old man keeps drinking without supporting his body,","If a 37-year-old man keeps drinking without supporting his body, this is what's happening to him right now.",M F A 37 YEAR aT MAN / Fine | bidet so laa / A Bee,Try IMA today.,THE PROS' SECRET / IS NOW YOURS / Trusted by David Beckham / World 1 Tennis Player Aryna Sabalenka,guarantee;urgency_time,,57.6,en,https://drive.google.com/file/d/1KiVjz9I4hcP9kr9mhPvsvPg17rKaJYbY/view?usp=drivesdk
AI - Cartoon Style,ai_cartoon-Ad-11-Everyday Dose.mp4,Everyday Dose,Supplements & wellness,95.4,9:16,720x1280,268,168.5,184.2,38,3.98,False,Here's what happens to a 60 -year -old woman after 30 days,Here's what happens to a 60-year-old woman after 30 days of drinking mushroom coffee instead of her regular cup.,30 DAYS,"We're running a sale right now with a 45-day money back guarantee, so if you grab every day dose today, you'll get a free welcome kit throw your first order also applies last",ORDER | EVERYDAY / COFFEE / CLARITY,free_gift;guarantee;urgency_time;price_anchor,85.52,80.22,en,https://drive.google.com/file/d/1HSqd3vly-AtZFDG8kdwWTD5H-pwE_-CW/view?usp=drivesdk
AI - Cartoon Style,ai_cartoon-Ad-12-Feel Goods.mp4,Feel Goods,Supplements & wellness,145.3,9:16,720x1280,432,178.4,193.5,45,3.1,False,"Every single time you eat a healthy meal, you are not actually feeding","Every single time you eat a healthy meal, you are not actually feeding your body.",,"With a 4.7 star rating over 1,600 reviews and a 60-day money-back guarantee, it is time to reclaim your gut. Tap the link below to try digestion plus risk-free today before our flash sale ends.",were / PANG,guarantee;urgency_time,12.56,132.12,en,https://drive.google.com/file/d/1EqNcd8BFvaY5Dz-c8XuJAT42GHNRDbDG/view?usp=drivesdk
AI - Cartoon Style,ai_cartoon-Ad-13-IM8 Health.mp4,IM8 Health,Supplements & wellness,113.0,9:16,720x1280,320,169.9,233.1,38,3.36,False,,"the every glass of wine, every drink you have is quietly stripping your gut of the bacteria it needs to function.",IF YOU'RE BLOATED BY NOON / GASSY AFTER EVERY MEAL | YOUR DIGESTION HASN'T / BEEN RIGHT IN YEARS,"co-founded by David Beckham, under $3 a day, 30-day money-back guarantee. If you don't feel the difference, you don't pay, link below.",Vote / Link below | More Energy / of participants felt / a noticeable boost in / daily energy / A Healthier Gut / of participants / experienced better / digestion and less bloating / 30 DAY MONEY BACK,guarantee;price_anchor,,99.52,en,https://drive.google.com/file/d/1AXkuESsVRObMrbnPNe3PMcH2VB2UyyfY/view?usp=drivesdk
AI - Cartoon Style,ai_cartoon-Ad-14-Calm-1.mp4,Calm,"Software, apps & info",25.1,9:16,720x1280,0,0.0,,0,0.0,True,,,AI GENERATED VIDEO | AI GENERATED VIDEO | AI GENERATED VIDEO,,AI GENERATED VIDEO | AI GENERATED VIDEO,,,,en,https://drive.google.com/file/d/1zfse84w1Jn61wYyHcGtDrkXAiqiNJBRq/view?usp=drivesdk
AI - Cartoon Style,ai_cartoon-Ad-15-Everyday Dose.mp4,Everyday Dose,Supplements & wellness,64.1,9:16,720x1280,186,174.2,195.9,29,4.53,False,"If you've got a puffy cortisol face, love handles that hang no","If you've got a puffy cortisol face, love handles that hang no matter what, and brain fall wrecks your whole day, then listen up because your body is running on empty from the inside.",IF YOU,ingredients and right now they're throwing in free gifts with free shipping. The link's down below.,EVERYDAY / COFFEE,free_shipping;free_gift;urgency_time;price_anchor,25.76,49.12,en,https://drive.google.com/file/d/1yQVg3_yGawqvkIIbRIRizRAF57Re9enY/view?usp=drivesdk
AI - Cartoon Style,ai_cartoon-Ad-16-Dr. Squatch.mp4,Dr. Squatch,Men's grooming,74.1,9:16,720x1280,243,196.7,239.3,38,5.13,False,Officials are asking the public to remain calm. The Dr. Squatch,Officials are asking the public to remain calm.,OFFICIALS | This advertisement features an Al generated performer | SqUATCH DEAL / This advertisement features / who is not a real person / an Al generated,"The doctor's squash bundle, six bars, two deodorants, three free gifts, 59% off.",3 FREE GIFTS | 3 FREE GIFTS,percent_off;free_gift;bogo_bundle,2.86,62.1,en,https://drive.google.com/file/d/1G-w17yVNg5UgRNCsazCLOsSvPkJooZG9/view?usp=drivesdk
AI - Cartoon Style,ai_cartoon-Ad-17-Obvi Health.mp4,Obvi Health,Supplements & wellness,89.0,4:5,720x900,131,88.3,134.7,23,2.58,False,I'm the belly fat you've been trying to get rid of,I'm the belly fat you've been trying to get rid of for years and I need to tell you something nobody else will.,iiMiTHE BELLY FAT / TO GETRID OF,"capsules a day, morning and night, no mixing, no shakes, no complicated routine, 90-day money-back Guarantee. Tap the link below and finally get rid of me.",,guarantee,,82.16,en,https://drive.google.com/file/d/13aOMTtnOq8ocwlX3DyIwHB0f2G_2FILD/view?usp=drivesdk
AI - Cartoon Style,ai_cartoon-Ad-18-Create Wellness-1.mp4,Create Wellness,Supplements & wellness,15.6,4:5,720x900,51,196.5,221.7,2,1.28,False,I'm here to support the weight loss plan. And I'm here to keep strength and,I'm here to support the weight loss plan.,GLP I / Gummies | a lean / create / Creatine / and muse cle,,Creatine / Gummies | stronger / Gummies,,,,en,https://drive.google.com/file/d/1cDcjD6fc06pqsVFLcOc3dmOpjVErdCA0/view?usp=drivesdk
AI - Cartoon Style,ai_cartoon-Ad-19-Onnit.mp4,Onnit,Supplements & wellness,54.9,9:16,720x1280,210,229.6,252.2,30,5.47,False,You're not lazy. You just haven't slept properly in years. When sleep,You're not lazy.,,"Try Total Human, risk free for 30 days, and feel what you've been missing.",our joints stop | HUMAN,guarantee,23.06,51.34,en,https://drive.google.com/file/d/1e0pqAXizGSY6lSoWcCRPCkPUvrmFg2ol/view?usp=drivesdk
AI - Cartoon Style,ai_cartoon-Ad-2-Everyday Dose.mp4,Everyday Dose,Supplements & wellness,143.5,9:16,720x1280,174,72.8,107.6,58,4.04,False,Most women don't realize what happens,Most women don't realize what happens when they start drinking coffee plus for two weeks Day one you stir one scoop in the water nothing dramatic by afternoon a calm steady hum something shifting inside you Day three your energy holds the LV nine from coffee plus is lower in the cortisol spike your ,neil / MOST WOMEN DON'T REALIZE | DON'T REALIZE | WHAT HAPPENS,,WITH A BUNCH OF FREE GIFTS / A DOVE | EVERYDay / IF YOU W / YOURSELF AGAIN / EEL LIKE,free_gift;urgency_time,,,en,https://drive.google.com/file/d/1EsJgdXjtf2CLOtZy1muAAbYBedqvXZI1/view?usp=drivesdk
AI - Cartoon Style,ai_cartoon-Ad-20-Everyday Dose.mp4,Everyday Dose,Supplements & wellness,101.3,9:16,720x1280,327,193.7,202.4,20,1.97,False,"You've tried everything to get rid of me and nothing works,","You've tried everything to get rid of me and nothing works, here's why.",YOUVE TRIED EVERYTHING | YOU'VE TRIED EVERYTHING | Seen,"Click below to try it risk-free for 45 days. They sell out constantly, so grab it while it's here.",,guarantee;scarcity;price_anchor,,89.65,en,https://drive.google.com/file/d/1yfnjOUvSlfIzn2zuwmTM3uPzaqlJ_VFC/view?usp=drivesdk
AI - Cartoon Style,ai_cartoon-Ad-21-Shapermint-1.mp4,Shapermint,Apparel & shapewear,57.3,9:16,720x1280,220,230.5,277.2,12,2.1,False,"When you look at your wardrobe, and nothing seems to fit anymore,","When you look at your wardrobe, and nothing seems to fit anymore, this is what happens inside your brain.",When you lo / ok at your wardrobe | When you look at your wardrobe | and nothing seems to fit anyinore,Get it now with 30% off.,Paipo your waist,percent_off,,55.14,en,https://drive.google.com/file/d/19iqLOZb10pSEX3tScuDZ8IOXAVouAsbT/view?usp=drivesdk
AI - Cartoon Style,ai_cartoon-Ad-22-PetLab Co..mp4,PetLab Co.,Pet,59.5,9:16,720x1280,179,180.6,229.5,32,5.38,False,3 signs of yeast issues in your dog's pores,"3 signs of yeast issues in your dog's pores If your dog's ears or pores smell like cheese, popcorn or nachos and you've also spotted them licking or biting their pores, that's one coincidence too many, as these are all signs that there may be yeast in your dog's pores and ears.",aws smelling like cheese ae | VET WARNING / Paws smelling like cheese ae / feet | Paws smelling like cheese,"Happy term means a happy pup, so click the Learn More button below to find out more.",TO HELP SUPPORT | 30 Consultant Results may vary,,,52.88,en,https://drive.google.com/file/d/1xR73nbGx8clNYN7emKW9_zHF51gyBH1q/view?usp=drivesdk
AI - Cartoon Style,ai_cartoon-Ad-23-Dailygutscience.mp4,Dailygutscience,Supplements & wellness,55.1,9:16,720x1280,102,111.0,161.3,4,0.73,False,"Did you know we can help you poop? Regularly, without",Did you know we can help you poop?,you know we can | Neat / Did your know we can / poop regular | hout any laxatives / or discomfort,,Weldon / people | beforesyoulgo to peal,,,,en,https://drive.google.com/file/d/1XRz8-dwa3ecaXs7JCmzMKMv3zJQT7DyN/view?usp=drivesdk
AI - Cartoon Style,ai_cartoon-Ad-24-RYZE Superfoods.mp4,RYZE Superfoods,Supplements & wellness,148.5,9:16,720x1280,506,204.4,215.8,50,3.37,False,This is Jake. He used to undress in front of his wife without a second,This is Jake.,SED TO UNDRESS | Elves / SECOND THOUGHT,It's at 40% off right now. Tap the link below before it sells out again.,Hi tried the mushroom coffee for 2 / weeks,percent_off;guarantee;scarcity;urgency_time,,132.52,en,https://drive.google.com/file/d/1gYLDrcpXjh17101fXpspWmV9T4_37n66/view?usp=drivesdk
AI - Cartoon Style,ai_cartoon-Ad-25-Try Spartan-1.mp4,Try Spartan,Supplements & wellness,60.0,9:16,720x1280,145,145.1,178.4,5,0.83,False,Hi! I'm Polygon Multifluorum. I'm the awakening compound,Hi!,You finally found the page that / explains how natural solutions work,Click below to get up to 66% off with a 90-day money back guarantee.,CLICK nai ORDER | CLICK TO ORDER,percent_off;guarantee,37.06,49.52,en,https://drive.google.com/file/d/1FxO6lkHFjnKNbh0toMFFb9TqalJiSbTQ/view?usp=drivesdk
AI - Cartoon Style,ai_cartoon-Ad-26-Hismile-1.mp4,Hismile,Beauty & skincare,89.4,9:16,720x1280,241,161.8,179.7,38,4.25,False,Did you know your teeth can literally regenerate and heal themselves?,Did you know your teeth can literally regenerate and heal themselves?,,,corrosive diet / Benefits of Tooth Armour are derived from individual / ingredients in combination with good oral habits | that lead / Benefits of Tooth Armour are defived from individual / ingredient,,,,en,https://drive.google.com/file/d/196MnuAfa8BnmCpgWozO8eiwkKDuOGGYJ/view?usp=drivesdk
AI - Cartoon Style,ai_cartoon-Ad-27-Primal Queen.mp4,Primal Queen,Supplements & wellness,96.3,9:16,720x1280,234,145.8,161.4,35,3.63,False,They told you this is just being a woman.,They told you this is just being a woman.,THEY TOLD YO / THIS | THEY TOLD YO / THIS | A WOMAN,,THE PROBLEM,urgency_time;price_anchor,93.72,,en,https://drive.google.com/file/d/1ytnYEQIx5WwagQbjVelB3-YtOj22vkxl/view?usp=drivesdk
AI - Cartoon Style,ai_cartoon-Ad-28-Obvi Health.mp4,Obvi Health,Supplements & wellness,63.7,4:5,720x900,177,166.7,189.4,17,2.67,False,Take me I'm the shot. Everyone's on the,Take me I'm the shot.,Take me | everyone's on,,AMAZING REALLY WORKS / DOWN / Amazing Really worksillll Down from 238 to 203 / WAS THIS REVIEW HELPFUL 4 39 3 5 / week / ED THIS PRODUCT / yed this product,,,,en,https://drive.google.com/file/d/12yWttMIxJKPpxQzR7__xn5_9Z8nDr4oA/view?usp=drivesdk
AI - Cartoon Style,ai_cartoon-Ad-29-Goli.mp4,Goli,Supplements & wellness,58.2,9:16,720x1280,185,190.8,194.9,25,4.3,False,"If your face looks like this, always tired and craving","If your face looks like this, always tired and craving sweets, you fart and it smells like your insides or rotten thing and your handles hang like this, then listen up because all of those might be rooted in a much deeper problem and no, it's not because you're eating foods like this or constantly m",,"So if you're tired of looking like this, craving sweets when you're already full, I recommend trying these before they sell out. The link's down below.",AGAIN,scarcity;price_anchor,,50.82,en,https://drive.google.com/file/d/1LM3SdDSWdnGS0RD-hXFoAi6PzXdn91EB/view?usp=drivesdk
AI - Cartoon Style,ai_cartoon-Ad-3-Onnit-1.mp4,Onnit,Supplements & wellness,51.3,9:16,720x1280,160,187.1,203.6,34,6.63,False,You're not lazy. You're a Ferrari running on gas station coffee.,You're not lazy.,,Try Total Human risk-free for 30 days and feel energy actually feel like.,TOTAL / risk free / FOR 30 DAYS S / TOTAL HUMAN TOTAL HUMAI / ACTUALLY FEELS LIKE,guarantee,,46.96,en,https://drive.google.com/file/d/1UMs9Cfz4C4W9-fofezzdqnKfsn-Vems8/view?usp=drivesdk
AI - Cartoon Style,ai_cartoon-Ad-30-RYZE Superfoods.mp4,RYZE Superfoods,Supplements & wellness,84.6,9:16,720x1280,273,193.6,208.3,32,3.78,False,I'm the backed up poop making your belly stick out and here,I'm the backed up poop making your belly stick out and here are three things that keep me here.,7 a ie ace OP 1 | I'M THE BAD poop 13 | AND HERE AR ARE 3 THINGS / THAT KEEP ME HERE,"Rise is on sale right now with free shipping and a 30-day guarantee. Tap below, unless you enjoy my company.",STOP DOING WHAT WANT,free_shipping;guarantee;urgency_time;price_anchor,,74.52,en,https://drive.google.com/file/d/1uAs4vAcuEhia-AR4UGXVp-IHZwdC_sAc/view?usp=drivesdk
AI - Cartoon Style,ai_cartoon-Ad-31-PetLab Co..mp4,PetLab Co.,Pet,70.2,9:16,720x1280,148,126.4,206.7,21,2.99,False,"If your dog licks his paws every night, scratches one spot till","If your dog licks his paws every night, scratches one spot till he shakes his head hard enough to ring his collar tags, listen up, something's off in his gut.",,Try it 90 days. Tap below for up to 50% off today.,Learn More Belows / Probiotic Chew / FORK FLA / PetLap o AdWertisement Packaging may Vary Results may vary / from domesticandglobaliy sourced ingredient,percent_off;urgency_time,,63.28,en,https://drive.google.com/file/d/1qoNHRjhu6vdjuc_N9F8TEjPfw7CqQjoS/view?usp=drivesdk
AI - Cartoon Style,ai_cartoon-Ad-32-Grüns-1.mp4,Grüns,Supplements & wellness,20.7,9:16,720x1280,0,0.0,,3,1.45,True,,,WEIGHT | Were,,FIBER / e YOU HAVE / FREE GIFTS | get up to / Fresh Sweep Sweet / SERVING 20 / shop now at gruns co,free_gift,,,en,https://drive.google.com/file/d/1bSf1wl9JDPuhrV-Jeq8qkz9XNx1yz4_N/view?usp=drivesdk
AI - Cartoon Style,ai_cartoon-Ad-33-Primal Queen.mp4,Primal Queen,Supplements & wellness,56.4,9:16,720x1280,133,141.4,185.3,17,3.01,False,"For three generations, we have been told we are tired,","For three generations, we have been told we are tired, moody, broken, just being a woman.",FOR THREE GENERAT / IONS | FOR THREE / GENERATIONS | WE ARE TIRED,,Seen / STOP SETTLING,,14.24,,en,https://drive.google.com/file/d/1eULUIfOVTalh0wvsCp8Car6Mic3TvpVg/view?usp=drivesdk
AI - Cartoon Style,ai_cartoon-Ad-34-Obvi Health.mp4,Obvi Health,Supplements & wellness,60.1,9:16,712x1276,185,184.6,269.5,19,3.16,False,"You look beautiful. I mean, you genuinely do. Please don't do that right",You look beautiful.,you look | right now,"They're running 20% off your first order, but keep it between us.",so confident,percent_off;urgency_time,,51.04,en,https://drive.google.com/file/d/1zRe8NALQMjEOmU7CuV74atHivrgLCo24/view?usp=drivesdk
AI - Cartoon Style,ai_cartoon-Ad-35-PetLab Co..mp4,PetLab Co.,Pet,78.2,9:16,720x1280,173,132.7,195.3,2,0.26,False,"It's an impolic and every night, mom, why","It's an impolic and every night, mom, why did you look away?",why did you look away / Al generated visuals,,4 Allergy / Probiotic Chew / 50% off today | Tine / LEARN MORE BELOV / biotic Chew / porn FLA / Cane 27 0 909 / PetLabCo Advertisement Individual results may vary Visuals are Al generated / and or sim,percent_off;urgency_time,,,en,https://drive.google.com/file/d/1qFPPKU5B6DAOROlDwm8T80MgtRxDQQ7n/view?usp=drivesdk
AI - Cartoon Style,ai_cartoon-Ad-36-Grüns-1.mp4,Grüns,Supplements & wellness,63.4,9:16,720x1280,145,137.2,151.6,24,3.78,False,Why is nobody talking about what perimenopause does to your,Why is nobody talking about what perimenopause does to your digestion?,NOBODY WARNS YOU WHAT / PERIMENOPAUSE DOES / TO YOUR DIGESTION | NOBODY WARNS YOU WHAT / PERIMENOPAUSE DOES / TO YOUR DIGESTION / talking | NOBODY WARNS YOU WHAT / PERIMENOPAUSE DOES / your,"Free gifts and a 30-day money-back guarantee Go grab your grins, risk free today",This statements / This product is / t intended to diagnose treat cure or prevent any disease / e not been evaluated by the Food and Drug Administration | COMPREHENSIVE NUTRITION / Superfoods / Greens ,percent_off;free_shipping;free_gift;guarantee;urgency_time,,46.72,en,https://drive.google.com/file/d/1wddT7JbbVBbZolZtZarAPCUVkIxnqG35/view?usp=drivesdk
AI - Cartoon Style,ai_cartoon-Ad-37-Everyday Dose.mp4,Everyday Dose,Supplements & wellness,95.4,9:16,720x1280,267,167.9,188.8,37,3.88,False,Here's what happens to a 60 year old woman who finally,Here's what happens to a 60 year old woman who finally tries the mushroom coffee her daughter wouldn't stop talking about.,Vial,"with a 45-day money-back guarantee. So if you grab every day dose today, you'll get a free welcome kit thrown in with your first order while supplies last",ORDER | Sized all day / EVERYDAY / COFFEE / CLARITY,free_gift;guarantee;scarcity;urgency_time;price_anchor,85.52,80.06,en,https://drive.google.com/file/d/1huB9sYSa2jLlnDosGJPx5xSQyBz2dJCL/view?usp=drivesdk
AI - Cartoon Style,ai_cartoon-Ad-38-nutritiongeeks.mp4,nutritiongeeks,Supplements & wellness,34.7,9:16,720x1280,116,200.8,245.1,0,0.0,False,What happens when a man over 50 takes creatine every day?,What happens when a man over 50 takes creatine every day?,What happens when a / man over 50 takes / creatine every day | What happens when a / man over 50 takes / creatine every day,,And you MEAN it 5 oe | 5 M CUSTOMERS / No sweeteners,,,,en,https://drive.google.com/file/d/122u9KtmXOq8s29NvfInpv2SdSV50HiB4/view?usp=drivesdk
AI - Cartoon Style,ai_cartoon-Ad-39-Try Spartan-1.mp4,Try Spartan,Supplements & wellness,38.7,9:16,720x1280,100,154.9,179.7,3,0.77,False,"Ah, stop using this shampoo! Not a","Ah, stop using this shampoo!",Dime / STOP,Just replace it with that chemical stuff and we will be clean and healthy get it now for up to 66% off,,percent_off,19.54,27.34,en,https://drive.google.com/file/d/1p-KFypg90OKoaGSl_70pyqHsOTzA_I0S/view?usp=drivesdk
AI - Cartoon Style,ai_cartoon-Ad-4-Everyday Dose.mp4,Everyday Dose,Supplements & wellness,63.0,9:16,720x1280,94,89.5,200.6,29,4.6,False,"If your face is carrying extra puff, your energy crashes every","If your face is carrying extra puff, your energy crashes every single afternoon and your midsection won't budge no matter how clean you eat, then listen up because those are all connected.",YOUR / FACE | CRASHES,,BEFORE THEY'RE | Gized all day / EVERYDAY / DOSE / COFFEE / Sour,price_anchor,23.64,,en,https://drive.google.com/file/d/1XakvXwnNkZAtvNtoBW55o0LRoORD9so1/view?usp=drivesdk
AI - Cartoon Style,ai_cartoon-Ad-40-Shapermint-1.mp4,Shapermint,Apparel & shapewear,51.2,9:16,720x1280,199,233.4,289.8,10,1.95,False,I'm calling an emergency session. There are dresses in that closet that haven't,I'm calling an emergency session.,POV Your brain when yout / clothes don t fit anymore | session / SHAME BRAIN | haven't,Get it now with 30% off.,,percent_off,,49.04,en,https://drive.google.com/file/d/1AFP7ZGKBsBC_AslHnVXnVQPsyJdCxk0Z/view?usp=drivesdk
AI - Cartoon Style,ai_cartoon-Ad-41-PetLab Co..mp4,PetLab Co.,Pet,75.5,9:16,720x1280,263,209.1,220.9,28,3.71,False,Three signs your dog is getting older and what you can do to help.,Three signs your dog is getting older and what you can do to help.,THREE SIGNS YOUR DOG / IS GET TING OLDER | AND WHAT / HELP,DF 14 can't stop aging But it gives you one simple daily routine to support the dog They are today and the older dog they're becoming because healthy aging shouldn't begin once they look old It should begin while you can still make a difference. Click learn more below.,SHOULDN'T BEGIN / THEY LOOK OLD | BELOW iN / Foundation / Health / content created / TESTES,urgency_time,,66.44,en,https://drive.google.com/file/d/1CLBzWt-EopQ5M3mjL6yLYPjoAHPn_0hh/view?usp=drivesdk
AI - Cartoon Style,ai_cartoon-Ad-42-RYZE Superfoods.mp4,RYZE Superfoods,Supplements & wellness,293.9,9:16,720x1280,573,117.0,143.9,145,4.93,False,His new baby mama walks in the daycare Drop,"His new baby mama walks in the daycare Drop off, snatch waist to 24 And I still hadn't lost the baby wait four years later And the only reason I helped my head up Was what my hairstylist gave me the week before So let me take it back to the start Me and Marcus, six years, never did get married We do",MOMMA | His NEW BABY / MOMMA,,IF MARCUS NOTICES | FOR HIM ANYMORE,guarantee;scarcity;urgency_time,,272.97,en,https://drive.google.com/file/d/1JUxdoMqeWta04RLiGg_Bo8RoHMF73NAC/view?usp=drivesdk
AI - Cartoon Style,ai_cartoon-Ad-5-Rise Science.mp4,Rise Science,Supplements & wellness,57.0,9:16,720x1280,163,171.6,186.6,19,3.33,False,"I hit my forties and my sleep fell apart,","I hit my forties and my sleep fell apart, wide awake at 3am every single night.",IT MY 40 s | APART,,RISE / WRECKED YOUR SLEEP | RISE / It s Time to / Start Taking / Your Sleep / Serious / REAT in 3 aye,,34.16,,en,https://drive.google.com/file/d/1-EX74ACEsg0ux6TsBVtXxqtQRebZz8gK/view?usp=drivesdk
AI - Cartoon Style,ai_cartoon-Ad-6-PetLab Co..mp4,PetLab Co.,Pet,53.5,9:16,720x1280,153,171.7,188.4,15,2.8,False,How does a dog ask for help with poor gut health?,How does a dog ask for help with poor gut health?,,,EARN MORE BELOW,,,,en,https://drive.google.com/file/d/1Gzi7Gtef8Hf2cFVjktg8WedHyGzLL9Of/view?usp=drivesdk
AI - Cartoon Style,ai_cartoon-Ad-7-Grüns-1.mp4,Grüns,Supplements & wellness,56.4,9:16,720x1280,134,142.4,163.7,5,0.89,False,"Okay, I have to be quiet. My husband is there","Okay, I have to be quiet.",SINGLE | Fresh / SINGLE SERVING / Dietary Supplement | my husband's isithere,"It's up to 61% off, plus free gifts right now.",plus free gifts right now | get up to / Superfoods / Pelement Sinai SERVING 20 gy / shop now at gruns co,percent_off;free_gift;urgency_time,,46.96,en,https://drive.google.com/file/d/1V6ldRANni9kW8QM1HPCD_b-ntbQb3CcO/view?usp=drivesdk
AI - Cartoon Style,ai_cartoon-Ad-8-Create Wellness-1.mp4,Create Wellness,Supplements & wellness,38.9,9:16,720x1280,98,151.3,165.3,17,4.37,False,A man on GLP once took creatine gummies,"A man on GLP once took creatine gummies for 30 days, but it wasn't all fat.",,,create a / Creatine / Gummies,,34.94,,en,https://drive.google.com/file/d/1ObxStGfqSvFkHpBRfnWiJggwnSyYX8_M/view?usp=drivesdk
AI - Cartoon Style,ai_cartoon-Ad-9-Obvi Health.mp4,Obvi Health,Supplements & wellness,74.0,9:16,720x1280,77,62.4,78.7,32,4.32,False,"I'm your fupa, and I've been living rent -free on","I'm your fupa, and I've been living rent-free on your body for years.",,,Pace,,,,en,https://drive.google.com/file/d/1zkt01tOym1CQ_TadUw3RliaGlWJe7WZn/view?usp=drivesdk
App Walkthrough,app_walk_through_-Ad-1-Calm.mp4,Calm,"Software, apps & info",42.7,4:5,720x900,0,0.0,,0,0.0,True,,,d is nits / rest here,,d relax you / Music / Featured / See All / Recently Played | The 1 gO a ee / mindfulness and relaxation,,,,en,https://drive.google.com/file/d/1uXqSjfbPHE5RC_-bww7XlBfDYtFcd36m/view?usp=drivesdk
App Walkthrough,app_walk_through_-Ad-10-Rise Science.mp4,Rise Science,Supplements & wellness,15.0,9:16,720x1280,0,0.0,,4,2.67,True,,,Taser / ines at | Your bedtime / t down ike / 5 fours,,longer / ep debt down to / you're crushing it | quiz / Morning Peak / 3 days,,,,en,https://drive.google.com/file/d/15EXt_sfv6SSajl_o0vm0cQ-IJVF9O3nR/view?usp=drivesdk
App Walkthrough,app_walk_through_-Ad-11-Motion.mp4,Motion,"Software, apps & info",29.5,9:16,360x640,115,234.2,263.8,2,0.68,False,"Here's my set up in motion that handles all my busy work. First, we have Suki,",Here's my set up in motion that handles all my busy work.,Here's,Click the link below and try out motion for free.,the changes | week in half,bogo_bundle,0.66,27.2,en,https://drive.google.com/file/d/1Kkzme5MZ0k0JAO-mKszXg3LMqBf-ORUI/view?usp=drivesdk
App Walkthrough,app_walk_through_-Ad-12-Canva.mp4,Canva,"Software, apps & info",42.8,4:5,720x900,187,262.1,283.3,19,4.44,False,"If your photo library also looks like this, here's how you're gonna get these pictures","If your photo library also looks like this, here's how you're gonna get these pictures off your phone and into the hands of your friends.",IF YOUR PI | pial THESE PICT,"When you're all set, you just click the little print button and that is it. Go make your first photo book with Canva Print Shop right now.",foun PHONE ANYMORE,bogo_bundle;guarantee;urgency_time,41.54,33.72,en,https://drive.google.com/file/d/1llulpojeLFwYuDJngzHChsRA7_1Ry8G3/view?usp=drivesdk
App Walkthrough,app_walk_through_-Ad-2-Remini - AI Photo Enhancer.mp4,Remini - AI Photo Enhancer,"Software, apps & info",12.7,9:16,720x1280,32,151.8,240.6,4,3.16,False,"I ask the eye to show my progression in life. Open Remini,",I ask the eye to show my progression in life.,50 years,"Open Remini, choose, see your future, and tap on, get your aging video.",Get your aging / aging in a 20 second / lifetime wateh yourself or your loved anes,,2.82,,en,https://drive.google.com/file/d/1DT-m3za_ij_eW-_wdk0f5-NuELQwXqqd/view?usp=drivesdk
App Walkthrough,app_walk_through_-Ad-3-Savvy Finds.mp4,Savvy Finds,Apparel & shapewear,21.4,9:16,720x1280,71,199.1,215.8,18,8.41,False,How to earn as a smaller creator online. Once you've created,How to earn as a smaller creator online.,earn,Then congratulate yourself to find the easiest brand deal ever with no follow-up minimum weightless or approval process. Get started with Linktree and you can start earning today.,today,urgency_time,,14.88,en,https://drive.google.com/file/d/1GrAnc0Jy6tKPVklqHpi4w_ih02Yhqn38/view?usp=drivesdk
App Walkthrough,app_walk_through_-Ad-5-Motion.mp4,Motion,"Software, apps & info",12.7,9:16,720x1280,0,0.0,,0,0.0,True,,,,,coon / peace,,,,en,https://drive.google.com/file/d/14yQsa6vgj6wmftToTp0i6vtxX1mWv6-T/view?usp=drivesdk
App Walkthrough,app_walk_through_-Ad-6-Canva.mp4,Canva,"Software, apps & info",34.5,9:16,720x1280,131,228.1,249.2,8,2.32,False,what experienced content creators won't tell you. They don't use a whole stack of,what experienced content creators won't tell you.,Witty / Mors Won't tall your | Content armenian / shouldn't have to buy / multiple subscriptions / Wviinat experienced content,,You literally erase whatever / is cluttering up the shot | Whole stack,price_anchor,10.14,,en,https://drive.google.com/file/d/1Ut9Rqw_uJhyv3J71-Bw1GTgIooWPOZs7/view?usp=drivesdk
App Walkthrough,app_walk_through_-Ad-7-Savvy Finds.mp4,Savvy Finds,Apparel & shapewear,35.5,9:16,720x1280,118,199.7,209.5,26,7.33,False,"Stoping to, stop waiting for brands to discover you. spewp. There's a much easier","Stoping to, stop waiting for brands to discover you.",WAITING | uch easier way,Just add the link once and keep getting paid. Don't let your virality go to waste. Get started with Linktree today while they still have their 7-day free trial.,Wile thay sill have Thick,percent_off;free_gift;urgency_time,,25.86,en,https://drive.google.com/file/d/1kB0yc9Pb1ryHR64yJIEHA82h3NTzjbq5/view?usp=drivesdk
App Walkthrough,app_walk_through_-Ad-8-Michellexcomputer.mp4,Michellexcomputer,"Software, apps & info",62.6,9:16,720x1280,262,251.2,253.9,21,3.36,False,"This is how you do a whole creative photo shoot with just your phone,","This is how you do a whole creative photo shoot with just your phone, a tripod, and canva.",his tS how,This was so much want to do and I want to see you do it too so go ahead get some shots and head to Canva to make them you,Pal ai,,,,en,https://drive.google.com/file/d/1xH9qt01uvJKT37cjiBaVAKZ0yiMhx3r0/view?usp=drivesdk
App Walkthrough,app_walk_through_-Ad-9-Calm.mp4,Calm,"Software, apps & info",25.1,9:16,720x1280,1,2.4,103.4,0,0.0,True,You,You,0 0 ' seconds | If your bra itigeds a / break / this for | camera / Note / heal a / Meet,,Calm your mind | The 1 app for sleep / ndfulness and relaxation / Download on the / Google Play / bad App Store,,,,en,https://drive.google.com/file/d/1JPjmLNfypl0X6JlVf4RnZEwrMHu5KUzT/view?usp=drivesdk
B-Roll + Voiceover,broll_voice_over-Ad-1-Oats Overnight.mp4,Oats Overnight,Food & beverage,25.4,9:16,720x1280,111,261.9,283.6,22,8.65,False,How many protein bars can you realistically eat for breakfast before you just,How many protein bars can you realistically eat for breakfast before you just get sick of them?,Hint | leach,Give oats overnight a try today.,,urgency_time;price_anchor,7.62,23.92,en,https://drive.google.com/file/d/1mc4uCdsIl6FTsznQplMH2rHsjfTQ4bm9/view?usp=drivesdk
B-Roll + Voiceover,broll_voice_over-Ad-10-Savvy Finds-1.mp4,Savvy Finds,Apparel & shapewear,34.6,9:16,720x1280,116,200.9,213.2,27,7.79,False,"Summer called and fresh clean threads picked up, with the best staple","Summer called and fresh clean threads picked up, with the best staple pieces for your closet this season.",and Fresh Clean Threads | with e best,Shop your new favorite closet staples for summer and honestly all year round from FreshCleanThreads.com and use code fresh15 to get 15% first order.,for any occasion | from freshcleanthreads com,promo_code,,25.86,en,https://drive.google.com/file/d/1xUiBP95K_Mv7-DLfDOtNmpK322ciweiV/view?usp=drivesdk
B-Roll + Voiceover,broll_voice_over-Ad-100-Oats Overnight.mp4,Oats Overnight,Food & beverage,35.5,9:16,720x1280,132,223.1,246.9,21,5.92,False,"I'm sorry, which one? Oh, which one? Ugh, why am I back at the drive","I'm sorry, which one?",3 MEAT LOVERS BURRITO / COMBO / BURRITO / 4 LOADED BREAKFAST / 5 EXTREME SAUSAGE / SANDWICH / COMBO / ULTIMATE BREAKFAST / COMBO / SANDWICH | COMBO / SANDWICH / 22 CROISSANT / SANDWICH / COMBO / BURRITO / 4 LOADED Oh / COMBO / SANDWICH | Pick Up Hdd / hive / Why am I back at the sity thru,So that took the pressure off my mornings are healthier because of these oats easier with a grab and go breakfast I actually like,Y recommend this product / Healthy Donut / Really spot on taste for Boston Cream / Review left on Boston Cream / Was this review helpful tf 4 40 / VERIFIED BUYER / Y recommend this product / Love / Ta,,13.34,33.54,en,https://drive.google.com/file/d/1H6FGM0DN-TRzFuoWQCHtpppDExby5UJC/view?usp=drivesdk
B-Roll + Voiceover,broll_voice_over-Ad-101-Savvy Finds.mp4,Savvy Finds,Apparel & shapewear,28.7,9:16,720x1280,90,187.9,207.5,17,5.92,False,Years of rough dead skin gone in minutes.,Years of rough dead skin gone in minutes.,YEARS of rough dead skin | YEARS of rough dead skin | RATED CALLUS AEMOVER / Silk 3 Pi / i ice / bets,,And you can see salon level results / right away at home | errs,,,,en,https://drive.google.com/file/d/1-fmVGPIYyr0WVZnRTUn7BWghC79SmLdW/view?usp=drivesdk
B-Roll + Voiceover,broll_voice_over-Ad-102-Jones Road Beauty-1.mp4,Jones Road Beauty,Beauty & skincare,56.5,9:16,720x1280,111,117.9,171.6,42,7.44,False,This is the mascara for people who don't wear mascara.,This is the mascara for people who don't wear mascara.,This is the mascara for paoni / i who don t Wise mascara | This is the mascara for people | fuller lashes,,JONES ROAD / MINIMALIST DEFINING / MASCARA | JONES ROAD / MINIMALIST DEFINING / MASCARA / SHOP NOW,,,,en,https://drive.google.com/file/d/1wWNw_HTfIpm9iquOoePL14Q4S-34kDuT/view?usp=drivesdk
B-Roll + Voiceover,broll_voice_over-Ad-103-Shapermint-1.mp4,Shapermint,Apparel & shapewear,39.2,4:5,720x900,39,59.6,60.3,18,4.59,False,C. C. C.,C.,The bra that sold out 3 x | The bra that sold out 3 x | The bra that sold out 3 x / and there's a reason,C stretchy too so this bra is going to last you a lifetime they will get sold out again if you're interested click on the link on this video now and get 40% off,and super stretchy too / shaping confidence / shapermint,percent_off;scarcity,,34.6,en,https://drive.google.com/file/d/1IrmPzVgqZ6b2hHMbCGl83mi_fCh6xfNu/view?usp=drivesdk
B-Roll + Voiceover,broll_voice_over-Ad-104-Shapermint-1.mp4,Shapermint,Apparel & shapewear,86.2,9:16,720x1280,295,205.3,215.9,40,4.64,False,This is my mom's secret for looking confident in literally every,This is my mom's secret for looking confident in literally every outfit.,This is my mom s secret for if / leech Be confident i in EVERY OUTFI | This is my mom s / looking Se in EVERY OWMFIT | This is my mom s secret for / looking confident in EY,,While feeling like / you're wearing a clo | Shapermint / BUY 1 GET 1 / FREE,,,,en,https://drive.google.com/file/d/1xam-bF-KIAGsOGhf-Xj-UAkRLPvUGgVy/view?usp=drivesdk
B-Roll + Voiceover,broll_voice_over-Ad-105-Shapermint.mp4,Shapermint,Apparel & shapewear,48.1,9:16,720x1280,122,152.3,181.9,16,3.33,False,"If you hate hammers that create muffin tops and love handles,","If you hate hammers that create muffin tops and love handles, you need to watch this.",I youlhate camis that create,,Shapermint keeps all of | Shapermint com / Get the / WINTER SALE,,,,en,https://drive.google.com/file/d/1hu6UZVg-5KOI0pwCvmBLEdf6ZgHmrpqb/view?usp=drivesdk
B-Roll + Voiceover,broll_voice_over-Ad-106-Dore & Rose.mp4,Dore & Rose,Beauty & skincare,64.0,9:16,720x1280,187,175.4,194.3,29,4.53,False,"I look five years younger thanks to this eye mask, and let me","I look five years younger thanks to this eye mask, and let me tell you, it's not your average sleep mask.",look 5 year younger thanks to this / eye mask | look 5 year younger thanks to this / eye mask | And let me tell you it's not your / average sleep mask f,"It's right here, with the door in Rose Deep Sleep Mask, get a special discount now and experience the difference for yourself.",is not secret anyiiiore | Get a special discount and / experience,,7.72,55.96,en,https://drive.google.com/file/d/1ZtrdZDk_aKBW2QadyLboKRxsF4FvD-ZR/view?usp=drivesdk
B-Roll + Voiceover,broll_voice_over-Ad-107-Norse Organics.mp4,Norse Organics,Beauty & skincare,9.9,9:16,718x1280,0,0.0,,0,0.0,True,,,10 years of acne / ended in 9 days | 10 years of acne / ended in 9 days | 10 years of acne / ended in 9 days,,10 years of acne / ended in 9 days | ended in 9 days,,,,en,https://drive.google.com/file/d/1mokPY6sjdDszG-Dbe3S0NPGpg0qUJ1pr/view?usp=drivesdk
B-Roll + Voiceover,broll_voice_over-Ad-108-Oats Overnight.mp4,Oats Overnight,Food & beverage,31.5,9:16,720x1280,127,242.0,261.3,15,4.76,False,"When I skip breakfast, it sucks. I'm starving by","When I skip breakfast, it sucks.",This ie what regret looks like / en skip breakfast | is what regret looks,Give Oats Over Night a try today and see for yourself.,oats / over / just add milk / Caramel / Suga whey protein and Ai / With diced apples carargiged / aor Caramel Apple | Oats / over / Space / Brownie / Gluten / With cocoa / a try today,free_shipping;guarantee;urgency_time,6.1,28.7,en,https://drive.google.com/file/d/13wJmfa_9neh8FxL_iT55lPVS6FFzMuiD/view?usp=drivesdk
B-Roll + Voiceover,broll_voice_over-Ad-109-Oats Overnight.mp4,Oats Overnight,Food & beverage,35.6,9:16,720x1280,116,195.6,211.8,26,7.31,False,I didn't have enough time,I didn't have enough time for breakfast but all I had to do was open up the refrigerator and this was waiting for me.,Oats Overnight | has been life changing | didn't have enttan time,It's perfect energy for what I need to go to the gym in the morning.,Coconut / Cream Pie / With coconut oi chia lax / we 806 Protein and more / to go to theygymiinithe morning,,,27.08,en,https://drive.google.com/file/d/1tRe0CJlHPakmO7FznglIiItvPNjuc934/view?usp=drivesdk
B-Roll + Voiceover,broll_voice_over-Ad-11-DRMTLGY.mp4,DRMTLGY,Beauty & skincare,39.2,9:16,720x1280,18,27.6,180.6,18,4.59,False,,I and cost less than a tube in mascara.,So I tried / the lazy girl beauty hack / from TikTeke and i | il Iso I tried / the the oxy girl beauty hack / from TikTok and | So I tried / the lazy girl beauty hack / from TikTok and,,This was a total / game changer and costs less / than a tube of mascara | So eheck out the thousands / lof 5 s star reviews / beauty / Home / Discover / Inbox,,,,en,https://drive.google.com/file/d/1QNkTr_JBY8YZJV8HW6VUjBptNkYxH9tO/view?usp=drivesdk
B-Roll + Voiceover,broll_voice_over-Ad-110-Oats Overnight.mp4,Oats Overnight,Food & beverage,24.5,9:16,720x1280,15,36.8,37.7,16,6.54,False,"When it's time to get back on track,","When it's time to get back on track, I don't want to eat healthy food.",body / about,,OatS / over / night / night / Coconut Cream Pie / Cinnamon Roll / Strawberries / Cream / oats / over / might / Chocolate Chip / Green Apple / Dark Chocolate Sea / Cookie Dough / Cinnamon / Salt / oats,guarantee,,,en,https://drive.google.com/file/d/1jxgODR-wR4QE6O1expNMs7ReSB05tPyC/view?usp=drivesdk
B-Roll + Voiceover,broll_voice_over-Ad-111-DRMTLGY.mp4,DRMTLGY,Beauty & skincare,38.8,9:16,720x1280,117,181.0,186.8,6,1.55,False,Am I the only one that has slept on eye correctors?,Am I the only one that has slept on eye correctors?,one' that has,,The warm peach colors / counteract the / lue purple tones | makes your skin look Y,,,,en,https://drive.google.com/file/d/1UjqWSea7tX2SkF26a1k_WjEdsSXSxRGH/view?usp=drivesdk
B-Roll + Voiceover,broll_voice_over-Ad-112-Bearenger Content Creator.mp4,Bearenger Content Creator,Supplements & wellness,32.7,9:16,720x1280,116,213.1,238.2,10,3.06,False,Let's make a healthy matcha milkshake. I have been seeing everyone adding,Let's make a healthy matcha milkshake.,,,,,,,en,https://drive.google.com/file/d/1EpGrJC0NeAwdtYsMT_0CDwDYRYmkqgw1/view?usp=drivesdk
B-Roll + Voiceover,broll_voice_over-Ad-113-Mars Men.mp4,Mars Men,Supplements & wellness,51.9,4:5,720x900,150,173.5,211.7,36,6.94,False,Most guys blame man boobs on pizza and missed workouts.,Most guys blame man boobs on pizza and missed workouts.,Ripped guys / Sports bras / The real culprit | Ripped guys / Sports bras / The real culprit / BOOBS ON | Ripped guys / Sports bras / The real culprit,,Win the war / inside your body / Try Mars Men | MARS / Natural / Testosterone / Support,,14.68,,en,https://drive.google.com/file/d/13Yhbl-e_JK-b-MrwWIC99-LsdPQpwKl9/view?usp=drivesdk
B-Roll + Voiceover,broll_voice_over-Ad-114-Savvy Finds.mp4,Savvy Finds,Apparel & shapewear,36.4,4:5,720x900,108,178.1,198.8,24,6.59,False,"This is how to level up your shape. First, start by slowing",This is how to level up your shape.,1 G Gown,,,,,,en,https://drive.google.com/file/d/1HSNOMIB-iHPdUu7RojWCwv5oE65uNhvu/view?usp=drivesdk
B-Roll + Voiceover,broll_voice_over-Ad-115-Oats Overnight.mp4,Oats Overnight,Food & beverage,22.1,9:16,720x1280,100,272.0,298.2,16,7.25,False,"I've learned to embrace meal prepping, but it is definitely a ton of work.","I've learned to embrace meal prepping, but it is definitely a ton of work.",embrace meal pi | definitely a ton of work,"In 30 seconds to the night before, you can have an oatmeal shake with 20 grams of protein that's ready to grab out of the fridge and take with you in the morning. Simplify your mornings and give Oats overnight a try today.",Simplify your mornings,urgency_time;price_anchor,4.94,13.64,en,https://drive.google.com/file/d/1Dd9ZIF1k-X25PlgtzDBBf-iShY8enrDT/view?usp=drivesdk
B-Roll + Voiceover,broll_voice_over-Ad-116-The Foldie.mp4,The Foldie,Travel & accessories,39.4,4:5,720x900,107,162.9,192.2,14,3.55,False,How do I know if it fits carry -on rules? The Foldy,How do I know if it fits carry-on rules?,How do know if it fits / carry on rules | ow do know if it fits / carry on rules,,item / I Gees,,,,en,https://drive.google.com/file/d/1sEwz2DuuSzN5SqJvUv0wT8QU77zf-lm8/view?usp=drivesdk
B-Roll + Voiceover,broll_voice_over-Ad-117-Oats Overnight.mp4,Oats Overnight,Food & beverage,30.1,4:5,720x900,135,269.5,294.8,19,6.32,False,"Man, this dude is always late to work because he's got a stop","Man, this dude is always late to work because he's got a stop on the way to grab the most ridiculous breakfast.",this dude / to work,"which honestly might explain the energy you add today. And I'm pretty sure it's saving him money too, because when you subscribe, you get 25% off your first box. Head to OddsEverynight.com and check it out for yourself.",moneyed | Age HS not just / making 5,percent_off;urgency_time,12.98,17.64,en,https://drive.google.com/file/d/1FfS8fQWN18sn8pFtAW_VrCxDuc1_SiVE/view?usp=drivesdk
B-Roll + Voiceover,broll_voice_over-Ad-118-Cymbiotika-1.mp4,Cymbiotika,Supplements & wellness,37.5,9:16,720x1280,128,204.8,210.0,14,3.73,False,This is the easiest hack for more sustained energy and,This is the easiest hack for more sustained energy and nobody is talking about it.,,,Boosts energy / Improves mood / Supports heart health | daily routine,,,,en,https://drive.google.com/file/d/1yCRN6aYxU3R3mkaoKNbpDAfvEHSxgtfL/view?usp=drivesdk
B-Roll + Voiceover,broll_voice_over-Ad-119-BURGA.mp4,BURGA,Travel & accessories,13.4,9:16,720x1280,38,169.9,188.4,8,5.96,False,"I wish I could de -influence you, well, but I can't.","I wish I could de-influence you, well, but I can't.",,,,,12.24,,en,https://drive.google.com/file/d/1pIDa1Ow1hiGhmbu7uk-bBHjJtgb-7UnL/view?usp=drivesdk
B-Roll + Voiceover,broll_voice_over-Ad-12-Purdy & Figg.mp4,Purdy & Figg,Home & kitchen,40.9,9:16,720x1280,145,212.9,219.5,28,6.85,False,I've got five free gifts with this complete starter kit and I'm going to,I've got five free gifts with this complete starter kit and I'm going to show you exactly what's inside.,five free gifts | to show you,Grab your complete starter kit now.,THis | A starter,free_gift,5.72,37.1,en,https://drive.google.com/file/d/175sHSZG8t-aoOi4dWliqrmzOjMVqNlD4/view?usp=drivesdk
B-Roll + Voiceover,broll_voice_over-Ad-120-Shapermint-1.mp4,Shapermint,Apparel & shapewear,54.4,9:16,720x1280,159,175.4,193.6,47,8.64,False,I was about to give up on strapless bras forever. Then I,I was about to give up on strapless bras forever.,was about to give up / on strapless bras forever | then found this,,LINK,,,,en,https://drive.google.com/file/d/1i3qJx4i2PFHBFWf8AmwE50gWm86sNt5y/view?usp=drivesdk
B-Roll + Voiceover,broll_voice_over-Ad-121-Mott & Bow-1.mp4,Mott & Bow,Apparel & shapewear,45.6,9:16,720x1280,158,207.9,238.8,23,5.05,False,This tea makes everyone think I've been working out. I got rid of all,This tea makes everyone think I've been working out.,,Stop hiding your back and try the everyday tea today.,,urgency_time,8.58,39.94,en,https://drive.google.com/file/d/1b_MTGeybur6pb-r-Fbj-Crp1AYWRDhNd/view?usp=drivesdk
B-Roll + Voiceover,broll_voice_over-Ad-122-Shop with Beshada.mp4,Shop with Beshada,Beauty & skincare,32.1,9:16,720x1280,132,246.8,254.0,21,6.54,False,I want you to stop waiting months for your vitamin C to work and get with,I want you to stop waiting months for your vitamin C to work and get with this 10 minute glow up from gleaming instead.,Mask / want you to stop wait / months for your vite | Pall / want you to stop wait / months for your vita | and get with this 10 minute / glow up from Gleamin,,give your skin | a and get thi / Vitamin C Clay Mask,,2.98,,en,https://drive.google.com/file/d/1zuiayaMgDO3zYpBz3GTnB7VFDf0C0MJ-/view?usp=drivesdk
B-Roll + Voiceover,broll_voice_over-Ad-123-Oats Overnight.mp4,Oats Overnight,Food & beverage,37.6,9:16,720x1280,151,240.9,259.7,11,2.92,False,"I didn't want to check out this brand for a while, it's called Oats Overnight. It's","I didn't want to check out this brand for a while, it's called Oats Overnight.",FREE SHAKER WITH FIRST ORDER FREE SHIPPING / oats / over / night / Products Chocolate Peanut Butter Banana / oats / over / night / Chocolate Peanut Butter / Banana / check out / Peres a great / flavor for a Brote / ad great flavor for / oatmeal too 22 g Protein | oats / over / night / Products Cooki,,oats / over / night / Soy Free / Gluten Free / Non GMO / No Artificial Colors Flavors / No Preservatives / artificial flavors | FREE SHAKER WITH FIRST ORDER FREE SHIPPING / oats / over / oats / over /,free_shipping;guarantee;price_anchor,2.04,,en,https://drive.google.com/file/d/1UGIPqPDARY53vseY_LeNVdLzTAo0nY2w/view?usp=drivesdk
B-Roll + Voiceover,broll_voice_over-Ad-124-SheCurve.mp4,SheCurve,Apparel & shapewear,31.4,9:16,720x1280,102,195.1,200.9,9,2.87,False,Ahora entiendo por qué tantas personas dicen que duermen con estos,"Ahora entiendo por qué tantas personas dicen que duermen con estos bras, porque son demasiado cómodos.",,,DROP CLICK HERE / cig SHOP Now,,,,es,https://drive.google.com/file/d/1qn6UWpVomULL1R1fIQ6qWhULNJ5MJyIu/view?usp=drivesdk
B-Roll + Voiceover,broll_voice_over-Ad-125-Shapermint-1.mp4,Shapermint,Apparel & shapewear,29.1,9:16,720x1280,83,171.3,189.4,12,4.13,False,"After 40, my boobs stop sitting where they used to.","After 40, my boobs stop sitting where they used to.",After 40 my boob / sitting where they used to | After 40 my boobs stopped / sitting ware they used to,"support with a smoothing bra, but don't stress, you don't need to buy all those separate bras.",The Shapermint Wireless / Shaping Bra packs lift / pars | Try the Shapermint / Wireless Shaping Bra / GET Ue NOW,,18.84,,en,https://drive.google.com/file/d/13InmexhilGD1wkXG1sVsfGqj5j6oMSPW/view?usp=drivesdk
B-Roll + Voiceover,broll_voice_over-Ad-126-The Foldie.mp4,The Foldie,Travel & accessories,57.4,4:5,720x900,229,239.3,260.4,35,6.1,False,"I just found the ultimate, go anywhere, do anything bag. And honestly,","I just found the ultimate, go anywhere, do anything bag.",just found the / ultimate go anywhere / do anything bag | and honestly,"And right now, Foldy is even running a buy one get one free offer, so you can grab one for yourself and one for someone you love.",get one / free offer | Shop The Foldie,bogo_bundle;urgency_time,,46.66,en,https://drive.google.com/file/d/1Kz7EAKTsQpkLTzOguDRZV8ADRMoQvJlE/view?usp=drivesdk
B-Roll + Voiceover,broll_voice_over-Ad-127-Jones Road Beauty-1.mp4,Jones Road Beauty,Beauty & skincare,34.8,9:16,720x1280,82,141.3,174.6,19,5.46,False,"skin care and coverage in one step. Yes, really.",skin care and coverage in one step.,JONES,grab yours at jonesroadbeauty.com,eal skin Real coverage | JONES ROAD / FOUNDATION STICK,,27.36,26.1,en,https://drive.google.com/file/d/1Ol-2lYN69mZREu3fSKX4TxlBY9HQyDSw/view?usp=drivesdk
B-Roll + Voiceover,broll_voice_over-Ad-128-Creatives by Heather.mp4,Creatives by Heather,Home & kitchen,39.1,4:5,720x900,112,171.9,183.9,25,6.4,False,I heard you like home design. So why do you keep buying,I heard you like home design.,Home Design | keep,,far more Sensory,price_anchor,,,en,https://drive.google.com/file/d/1gjk90cIKDlYjQ9ZMTL65InQ7wtariBzG/view?usp=drivesdk
B-Roll + Voiceover,broll_voice_over-Ad-129-DRMTLGY.mp4,DRMTLGY,Beauty & skincare,54.1,9:16,720x1280,149,165.1,209.7,15,2.77,False,That's why my daughter hates tinted m - Number,"That's why my daughter hates tinted m- Number one, she said it feels so, lightweight.",This is why my daughter / hates uu moisturizers / sort | This is why my daughter / hates uted moisturizers | VOW pre / trim,I'm stocking up right now before they start selling out again.,and it s recommended / by dermatologists | Get sunscreen sheer coverage / a moisturizer all in one / monet,scarcity;urgency_time,,39.44,en,https://drive.google.com/file/d/1Rde3EANcd12ksAvdAc84XDI_86AKFF1i/view?usp=drivesdk
B-Roll + Voiceover,broll_voice_over-Ad-13-Shapermint-1.mp4,Shapermint,Apparel & shapewear,56.0,9:16,720x1280,187,200.5,220.6,28,5.0,False,What's the ideal way to smooth back bulges? Most women,What's the ideal way to smooth back bulges?,ideal way to,,Shapermint / SHOP NOW,,,,en,https://drive.google.com/file/d/1v59OAIKrusbsNuqA2pk1fNEjJf0Lp3V3/view?usp=drivesdk
B-Roll + Voiceover,broll_voice_over-Ad-130-The Foldie.mp4,The Foldie,Travel & accessories,61.8,4:5,720x900,180,174.8,196.4,27,4.37,False,Foldy Crossbody are back in stock. And if you missed,Foldy Crossbody are back in stock.,Foldie Crossbody / ate back in stock / Foldie | Foldie Crossbody / are back in stock y | And if you missed / out last time,Tap below and grab yours before they sell out again.,they're gone for / at least 4 weeks | Shop The Foldie,bogo_bundle;scarcity;price_anchor,,56.24,en,https://drive.google.com/file/d/1pn1su6CkU7qF0o_plz2wOBkfky9_V2wU/view?usp=drivesdk
B-Roll + Voiceover,broll_voice_over-Ad-131-BURGA.mp4,BURGA,Travel & accessories,25.9,9:16,720x1280,82,189.8,243.1,21,8.1,False,"We're not cheap because we're not like the rest. At Berga, we don't do",We're not cheap because we're not like the rest.,pane,Upgrade your phone case today. Go to berga.com.,BURGA,urgency_time,,23.18,en,https://drive.google.com/file/d/1lHfOQlH5DQyS8UfO7yuhHn4u6juIdE_T/view?usp=drivesdk
B-Roll + Voiceover,broll_voice_over-Ad-132-Oats Overnight.mp4,Oats Overnight,Food & beverage,34.4,9:16,720x1280,144,251.1,270.2,18,5.23,False,"I've always wanted to have ice cream for breakfast, so I finally just","I've always wanted to have ice cream for breakfast, so I finally just did it.",I've always wanted to have,Give Oat's Overnight a try today.,oats / over / night / S'mores / Yes there's marshmallows 22 g Protein / over / Stores / ion Label / like S'mores and / 100% Money Back / Free Fast Shipping / Guarantee / First Order / in the USA | Pee,free_shipping;guarantee;urgency_time,12.18,32.96,en,https://drive.google.com/file/d/1mTqnFo0pPqNjklYykFKPVYag4dU7Q0kb/view?usp=drivesdk
B-Roll + Voiceover,broll_voice_over-Ad-133-SheCurve.mp4,SheCurve,Apparel & shapewear,31.6,9:16,720x1280,133,252.9,257.8,10,3.17,False,This brand of jelly bra is the number one selling bra,This brand of jelly bra is the number one selling bra right now and for good reason are so soft and comfortable.,hie bra noes tt / LEERY | this / rand / f jelly bra is th / selling bra,Grab one. You might as well grab two and get free shipping.,ALL DAY COW / SHOP NOW,free_shipping;urgency_time,,28.0,en,https://drive.google.com/file/d/1ht7j77kcjQMlvPl2xvP8hB6pfkmpAfrH/view?usp=drivesdk
B-Roll + Voiceover,broll_voice_over-Ad-134-Jones Road Beauty-1.mp4,Jones Road Beauty,Beauty & skincare,40.3,9:16,720x1280,92,137.1,185.6,33,8.19,False,The ultimate hack for the perfect summer glow. If your,The ultimate hack for the perfect summer glow.,The Ultimate Hack for / the Perfect Suminier Glow | The Ultimate / Hack for / the Perfect Summer Glow,Get yours starting June 30th while supplies last.,JONES ROAD / MIRACLE BALM PALETTE 2 0 | JONES ROAD / MIRACLE BALM PALETTE 2 0,scarcity,,30.06,en,https://drive.google.com/file/d/1ElS6F-OAiqMfWvIy0syuOV2mJRo00UTZ/view?usp=drivesdk
B-Roll + Voiceover,broll_voice_over-Ad-135-The Foldie.mp4,The Foldie,Travel & accessories,39.5,4:5,720x900,144,219.0,249.1,18,4.56,False,My mom gave me this before our trip and now I take it everywhere.,My mom gave me this before our trip and now I take it everywhere.,My mom gave me this / before our trip | My mom gave me this / before our trip | OWT I take,It was such a thoughtful gift because it is genuinely useful take a look at the foldy and try it risk-free for 60 days,and try it risk free / for 60 days,guarantee,,29.44,en,https://drive.google.com/file/d/1xTbFCbnvh2oNGVRgytJKB6KG6pUB6JQs/view?usp=drivesdk
B-Roll + Voiceover,broll_voice_over-Ad-136-BURGA.mp4,BURGA,Travel & accessories,17.6,9:16,720x1280,37,125.8,134.2,12,6.8,False,"Showstopping case, matching power bank and a phone strap,","Showstopping case, matching power bank and a phone strap, same vibe, same energy.",,,,bogo_bundle,15.82,,en,https://drive.google.com/file/d/1NVrKaBW8PebXjPAvLNH4u4e3JeGrnNDG/view?usp=drivesdk
B-Roll + Voiceover,broll_voice_over-Ad-137-Loop.mp4,Loop,Travel & accessories,31.8,9:16,720x1280,112,211.4,247.6,16,5.03,False,So I thought I just ordered a sleep mask. But turns out I ordered,So I thought I just ordered a sleep mask.,loop / Sleep Mask | Eclipse / ones 2 gen / Soot Sore | But turns out Iforderedithe best,You can try it too for 100 nights with hassle-free returns if you don't love it.,Loop Eclipse Sleep Mask / Designed for total darkness and comfort / Sleeping / Napping / Traveling / if you / don't love it / Wear Care / Hand wash ar dry only / Routine washing / Deep cleaning / Hang,,,21.88,en,https://drive.google.com/file/d/1mEh2IeaRvpPb2RJGgbJz4e1aPaFWQNZF/view?usp=drivesdk
B-Roll + Voiceover,broll_voice_over-Ad-138-DRMTLGY.mp4,DRMTLGY,Beauty & skincare,37.7,9:16,720x1280,27,43.0,268.2,14,3.72,False,,"I threw out my old foundation, I threw out my So check out the thousands of 5 star reviews and snag yours today before it sells out.",THIS is the ultimate / lazy girl skincare routine | THIS is Pei ultimate / lazy girl skincare routine | I threw out my old foundation,"I threw out my old foundation, I threw out my So check out the thousands of 5 star reviews and snag yours today before it sells out.",This was a total 4 / game changer and costs less / than a tube of mascara | and snag yours today / before it sells out,scarcity;urgency_time,,32.43,en,https://drive.google.com/file/d/1-iyVWQdGIiIIvkxpPSBuCbKfeHHwDSMr/view?usp=drivesdk
B-Roll + Voiceover,broll_voice_over-Ad-139-Dore & Rose.mp4,Dore & Rose,Beauty & skincare,29.5,9:16,720x1280,95,193.5,220.6,10,3.39,False,I thought I would live with tired eyes forever. These,I thought I would live with tired eyes forever.,I thought would live with / tired eyes forever | thought would live with | These Dore Rose eye patches / s the best investment,"Trust me, these eye patches are my new favorite thing right now, and once you try them you'll see why.",With natural fragrance free / ingredients | Trust me these ous patches / are my new favorite thing right now,urgency_time,3.02,27.5,en,https://drive.google.com/file/d/19fWiuCaQq0mA3qujQwZbWr6a7TpHJ97o/view?usp=drivesdk
B-Roll + Voiceover,broll_voice_over-Ad-14-Loop-1.mp4,Loop,Travel & accessories,13.8,9:16,720x1280,0,0.0,,3,2.18,True,,,,,,,,,en,https://drive.google.com/file/d/1oPRGoSVffSnCf0kAdZF5zagqRbnu3lgu/view?usp=drivesdk
B-Roll + Voiceover,broll_voice_over-Ad-140-Oats Overnight.mp4,Oats Overnight,Food & beverage,37.6,4:5,720x900,146,232.7,255.4,22,5.84,False,We use the best ingredients available the most in our meals because,We use the best ingredients available the most in our meals because that's my job.,wile / How do know we use the best | How do Iiknow we use the best | Because that's my job,,Cookies Cream / This is everyone's new favorite flavor 20 g Protein / ace moo / Cookies / Cream | See what you're missing out on,,5.22,,en,https://drive.google.com/file/d/16Csow8wnYyb5j_sCQfJ8Iw2jIlZjz6Eh/view?usp=drivesdk
B-Roll + Voiceover,broll_voice_over-Ad-141-DRMTLGY.mp4,DRMTLGY,Beauty & skincare,69.0,9:16,720x1280,225,195.6,208.7,21,3.04,False,"If you have dark circles, stop doing these three things.","If you have dark circles, stop doing these three things.",If you have dark circles / STOP doing these 3 things | 3 If you have dark circles / STOP doing these 3 things J | 3 If you have dark circles / STOP doing these 3 things J,"It's blowing up on TikTok, so check out the hundreds of five star reviews and snag yours today before they sell out for the sixth time.",This was a total game changer / and cost less than a tube / of concealer | ANTI AGING / BUNDLES / BEST SELLERS / SKIN / my enn feeling hydrated keep them / in the fridge so they are very refreshing / ,bogo_bundle;guarantee;scarcity;urgency_time,,50.06,en,https://drive.google.com/file/d/1SoDCnfQwhbSHdC19rP8chnnUq8fvsX1V/view?usp=drivesdk
B-Roll + Voiceover,broll_voice_over-Ad-142-SheCurve.mp4,SheCurve,Apparel & shapewear,27.9,9:16,720x1280,113,243.1,260.0,14,5.02,False,"If you're tired of getting bent, you get up struggling to pee through a tiny gusset","If you're tired of getting bent, you get up struggling to pee through a tiny gusset at the bottom of your shapewear.",The real shapewear flex / you can pee without doing a full striptease | The real shapewear flex / you can pee without doing a full'strip tease | through Tiny GUSSeigaiaine,"I'm 5'4"", 140 pounds, wearing an extra small, I'll have the shapewear link so you can try it for yourself too.",,,,21.96,en,https://drive.google.com/file/d/1RNX2wdjWFhC2DBM-wXTgbkGTquh9SuhJ/view?usp=drivesdk
B-Roll + Voiceover,broll_voice_over-Ad-143-Shapermint-1.mp4,Shapermint,Apparel & shapewear,29.0,9:16,720x1280,79,163.6,177.4,10,3.45,False,"Hey, so you told me this bra made you feel sexy","Hey, so you told me this bra made you feel sexy and I rolled my eyes at you.",you mexthis bra,,,,,,en,https://drive.google.com/file/d/1eH2LHEPk7V6UdDmwn7OlcEqUwlK7HrI5/view?usp=drivesdk
B-Roll + Voiceover,broll_voice_over-Ad-144-Oats Overnight.mp4,Oats Overnight,Food & beverage,17.5,9:16,720x1280,82,281.6,298.5,18,10.3,False,I spent less than 80 bucks to have most of my breakfast covered this month and this,I spent less than 80 bucks to have most of my breakfast covered this month and this is what I got.,Never get b,Save time in the morning while still eating good and just try it.,,price_anchor,5.04,14.84,en,https://drive.google.com/file/d/1xOGj8-yChh69YDd7LCdWGcTYTJssM-JH/view?usp=drivesdk
B-Roll + Voiceover,broll_voice_over-Ad-145-Oats Overnight-1.mp4,Oats Overnight,Food & beverage,28.4,9:16,720x1280,102,215.9,230.6,12,4.23,False,Coffee isn't breakfast! There's really no nutrition,Coffee isn't breakfast!,themes whet co you clo,,1 serving per container / Serving size / 1 Pouch 779 / Amount Per Serving / Calories / Daily Value / Total Fat 6 g / Saturated Fat 2 g / Trans Fat 0 g / Cholesterol 40 mg / Sodium 140 mg / Total Carbo,guarantee,8.8,,en,https://drive.google.com/file/d/1yegbL3PlBDg4SAXdM6-u9SHHS_Nr_Fgl/view?usp=drivesdk
B-Roll + Voiceover,broll_voice_over-Ad-146-Savvy Finds-1.mp4,Savvy Finds,Apparel & shapewear,26.9,9:16,720x1280,89,198.7,208.6,20,7.44,False,"for convenient low impact workouts postpartum,","for convenient low impact workouts postpartum, this is exactly what you need.",If you / relooking for convenient / low impact workouts postpartum | If you / relooking for convenient / low impact workouts postpartum | If you're looking for convenient / low impact workouts postpartum,,intensity of any move | Check these,bogo_bundle,,,en,https://drive.google.com/file/d/1wsfuPNJFb6i9RV2mUb7UWLu0l2hcG7rf/view?usp=drivesdk
B-Roll + Voiceover,broll_voice_over-Ad-147-Oats Overnight-1.mp4,Oats Overnight,Food & beverage,40.2,9:16,720x1280,132,196.9,203.4,26,6.46,False,We just got an order from Jen and Encino. Let's count up how much protein,We just got an order from Jen and Encino.,This is how much / protein you get | This is how much / protein you get | protein you get / just add milk / Glut / Neon,with a first time order. Go to oats overnight dot com and try it out.,FIBER | night,,38.38,26.28,en,https://drive.google.com/file/d/1hC3dlKm_JsZbFhZ1H35yBtH_w6dVDJVq/view?usp=drivesdk
B-Roll + Voiceover,broll_voice_over-Ad-148-Oats Overnight-1.mp4,Oats Overnight,Food & beverage,54.1,9:16,720x1280,208,230.7,240.7,25,4.62,False,I just started working at Oats overnight. Lex is going to show me,I just started working at Oats overnight.,Sara | Sara | oatS / night,"Oh, I'm just throw that in there and I know they get a free blender bottle on their first order so I'm gonna throw that in here as well, right? All right, I think that's an order. Yeah, and if you want us to pack your order like this, head to oatsovernight.com. Try it out for yourself today.",,urgency_time,1.18,39.92,en,https://drive.google.com/file/d/1zWX3PjjfqcTMKe8OSkNSRz6J5iHmZxkB/view?usp=drivesdk
B-Roll + Voiceover,broll_voice_over-Ad-149-DRMTLGY.mp4,DRMTLGY,Beauty & skincare,50.9,9:16,720x1280,87,102.5,238.8,20,3.93,False,Hot Girl Hack Stop being cocky and your skin,Hot Girl Hack Stop being cocky and your skin will finally start glowing.,Hot girl hack Stop wearing / a full ace every day | Hot girl hack Stop wearing / a full face every day | Hot girl hack Stop wearing / a full face every day / and your skin will / finally start glowing,Grab yours now before they sell out.,MEDIC / GRADE SKIN / Get sunscreen sheer coverage | GRADE SKIN / Get sunscreen sheer coverage / a moisturizer all in one / DERMATOLOGIST / FRAGRANCE / RECOMMENDED / FREE / FREE,scarcity,,43.02,en,https://drive.google.com/file/d/1QbSdWfsIQWM2hLPS7ep31bcwtjw9o362/view?usp=drivesdk
B-Roll + Voiceover,broll_voice_over-Ad-15-Dore & Rose.mp4,Dore & Rose,Beauty & skincare,25.0,9:16,720x1280,70,167.8,224.1,6,2.4,False,My boss was curious why I finally came well rested to work.,My boss was curious why I finally came well rested to work.,Came | to work,Don't wait too long and shop the hype now.,the second week,,,22.78,en,https://drive.google.com/file/d/1r6p3qWgR9tYKL8GnxVwPEclUny_ozm_F/view?usp=drivesdk
B-Roll + Voiceover,broll_voice_over-Ad-150-Dore & Rose.mp4,Dore & Rose,Beauty & skincare,30.1,9:16,720x1280,95,189.4,206.2,16,5.32,False,Why do plastic surgeons hate this eye mask? How to rejuvenate,Why do plastic surgeons hate this eye mask?,Why Do Plastic / Surgeons HATE THIS | Why Do Plastic / Surgeons HATE THIS | How to rejuvenate your / skin while you sleep,Click through now to get a special discount and try it for yourself.,and helps reduce fine / Lines and Wrinkles | Literally I wake up with,,,26.92,en,https://drive.google.com/file/d/12RO82-Ry9ERGKSb2kc9SI_5_iWJRKrJ8/view?usp=drivesdk
B-Roll + Voiceover,broll_voice_over-Ad-151-Gleamin.mp4,Gleamin,Beauty & skincare,32.1,4:5,720x900,108,201.8,208.9,17,5.3,False,The ultimate glow -up mask. I never thought a mask could replace my,The ultimate glow-up mask.,The ultimate glow up mask | The ultimate glow up mask / hole / brig,,week | VOUT Glow up,,,,en,https://drive.google.com/file/d/1_Kt-HegnVeySlq1va10I6dDaTJmfxBE1/view?usp=drivesdk
B-Roll + Voiceover,broll_voice_over-Ad-152-The Foldie.mp4,The Foldie,Travel & accessories,73.5,4:5,720x900,228,186.1,208.7,40,5.44,False,can I borrow,"can I borrow your folding got too many souvenirs sure take it but seriously just buy one for me no wonder she doesn't have enough space she can't even bring everything she wants on our vacation, it's incredibly roomy features multiple pockets for organizing my belongings is amazing even when filled ",My fliend asks me | wanna / My friendiasks me,,highly,bogo_bundle,,,en,https://drive.google.com/file/d/1IR-4PoTOYmjySs-3oUpAg1pMjlOFAvLk/view?usp=drivesdk
B-Roll + Voiceover,broll_voice_over-Ad-153-Shapermint.mp4,Shapermint,Apparel & shapewear,47.7,9:16,720x1280,135,170.0,197.4,19,3.99,False,I finally tried the Viral TikTok Shaper Kami,I finally tried the Viral TikTok Shaper Kami and this is my honest review.,I finally tried the / Viral tiktok / shaper Cami | I finally tried the / Viral tiktok shaper Cami | I finally tried the / Viral tiktok shaper Cami,,the way that get | Shapermint / GET YOURS,,,,en,https://drive.google.com/file/d/1VYzZykf7NRJaaS1KVB_5MXxwtt6SwZVL/view?usp=drivesdk
B-Roll + Voiceover,broll_voice_over-Ad-154-Oats Overnight.mp4,Oats Overnight,Food & beverage,24.2,9:16,720x1280,16,39.6,39.8,29,11.98,False,Over 20 % of our customers made the switch from fast food to Oats,Over 20% of our customers made the switch from fast food to Oats overnight's high protein,We converted 250 K people / from fast food / DRIVE / THRU | We converted 250 K people / from fast food / Up Here | We converted 250 K people / from fast food,,Aria / Nest,,2.84,,en,https://drive.google.com/file/d/1v7iARb-xj4rE56GwNpZnU7DTuejvw7tZ/view?usp=drivesdk
B-Roll + Voiceover,broll_voice_over-Ad-155-DRMTLGY.mp4,DRMTLGY,Beauty & skincare,49.8,9:16,360x640,113,136.0,203.7,14,2.81,False,,"It's a powerful color corrector that cancels out purple hues under the eyes to instantly give you younger, more awake eyes.",Hot girl hack | Hot girl hack,,So whatare you waiting for | Vanish the look of dark circles smooth / out fine lines and protect your eyes,guarantee,,29.98,en,https://drive.google.com/file/d/1arQaDCGpSUo4GiHcGdIrLhZ8Q13Z38qA/view?usp=drivesdk
B-Roll + Voiceover,broll_voice_over-Ad-156-Oats Overnight.mp4,Oats Overnight,Food & beverage,30.9,9:16,720x1280,120,233.1,249.5,34,11.01,False,We started out in a really small facility making about 100 units per,We started out in a really small facility making about 100 units per day.,Brian in 2017,"Scaling it to what it is today, we're really proud to say we've kept that same level of commitment and our same standards have been high the entire time.",Oats / over / night | Pate / over,urgency_time,13.08,17.0,en,https://drive.google.com/file/d/1Yhg2eAk_MTg4aoIajKTpH0Rqds1bMsK5/view?usp=drivesdk
B-Roll + Voiceover,broll_voice_over-Ad-157-Dore & Rose.mp4,Dore & Rose,Beauty & skincare,30.5,9:16,720x1280,69,135.9,137.4,15,4.92,False,"I look 5, thanks to this eye mask, how to rejuvenate your skin while you sleep. The number one thing I use is this","I look 5, thanks to this eye mask, how to rejuvenate your skin while you sleep.",MAKER / look / a YEARS YOUNGER | look / 5 YEARS YOUNGER / Nets | How to rejuvenagin / skin while you,,Literally wake | CLICK THROUGH / FOR a DISCOUNT,,,,en,https://drive.google.com/file/d/1Skbvhk1dxF_7vsV-MRQdeCxkpLzKckCs/view?usp=drivesdk
B-Roll + Voiceover,broll_voice_over-Ad-158-Dore & Rose.mp4,Dore & Rose,Beauty & skincare,53.5,9:16,720x1280,157,176.2,188.2,25,4.68,False,This pillowcase is a game -changer for acne. You won't believe how.,This pillowcase is a game-changer for acne.,,,This isn't magic 1 s science | corns / Check out Dore Rose / Lark / bade / Sana,,17.8,,en,https://drive.google.com/file/d/15FyksACDb5HqS6Mz199mwc0iLEJKxYK8/view?usp=drivesdk
B-Roll + Voiceover,broll_voice_over-Ad-159-BURGA.mp4,BURGA,Travel & accessories,25.5,9:16,720x1280,76,178.7,213.3,20,7.84,False,"Yes, we're expensive, and that's because we don't cut corners.","Yes, we're expensive, and that's because we don't cut corners.",,"Buy two, get two free. Visit berga.com now and grab your favorites before they're gone.",,,,19.64,en,https://drive.google.com/file/d/15TWIuFhobYFx_sYAo8UIvOfnThMVTvmU/view?usp=drivesdk
B-Roll + Voiceover,broll_voice_over-Ad-16-The Foldie.mp4,The Foldie,Travel & accessories,49.7,9:16,720x1280,80,96.6,162.3,26,5.24,False,Frequent flyers! This was made for you!,Frequent flyers!,Frequent flyers / this was made for you | this was made for you | this was made for you 4,,a nd pn uf risk free for 60 days,guarantee,,,en,https://drive.google.com/file/d/1SH5N4n5L5-MlfbcBufCJ2VvikOLzf_Y2/view?usp=drivesdk
B-Roll + Voiceover,broll_voice_over-Ad-160-Mott & Bow-1.mp4,Mott & Bow,Apparel & shapewear,35.0,9:16,720x1280,112,191.7,232.8,17,4.85,False,Who wears jeans in 90 degree heat?,Who wears jeans in 90 degree heat?,WHO WEARS JEANS | IN 90 HEAT,That's why I keep grabbing more pears go to Mott and bow and get yours today,MOTT BOW / Model is 5 ' 10 wearing size 32 / SLIM MERCER JEANS / Slim / $108 EACH / 2 PACK / Seasonal Colors Sage | PAIRS / Betty,urgency_time;price_anchor,30.8,28.6,en,https://drive.google.com/file/d/10z4i0kTW1C-9p65X5JuZ37V-yh8mIgOL/view?usp=drivesdk
B-Roll + Voiceover,broll_voice_over-Ad-17-Oats Overnight.mp4,Oats Overnight,Food & beverage,55.9,9:16,720x1280,191,205.1,221.7,71,12.71,False,"We really are convenient, tasty and nutritious.","We really are convenient, tasty and nutritious.",We really are convenient,"Scaling it to what it is today, we're really proud to say we've kept that same level and so we are truly delivering an exceptional quality product.",,urgency_time,24.8,43.54,en,https://drive.google.com/file/d/19-RkQwVATfwuVmNOQPDk6h7doLIEWM9I/view?usp=drivesdk
B-Roll + Voiceover,broll_voice_over-Ad-18-Bloom Nutrition-1.mp4,Bloom Nutrition,Supplements & wellness,28.3,9:16,720x1280,104,220.5,244.1,23,8.13,False,"Skin care, hair care, immune care, I just drink it now. I","Skin care, hair care, immune care, I just drink it now.",No 12 step skincare / routines,,Bloom,,,,en,https://drive.google.com/file/d/1fFeF3acNbcF47Gsvh35wtpzthAR2HqGI/view?usp=drivesdk
B-Roll + Voiceover,broll_voice_over-Ad-19-Joana-1.mp4,Joana,Travel & accessories,18.2,4:5,720x900,71,234.6,243.7,24,13.22,False,"The real question is, which loop earplugs should I use? Loop quiet is","The real question is, which loop earplugs should I use?",,,when hanging,,,,en,https://drive.google.com/file/d/1brV5y7jU4-JrCuA6iDhSwmo-T_opAosp/view?usp=drivesdk
B-Roll + Voiceover,broll_voice_over-Ad-2-The Foldie.mp4,The Foldie,Travel & accessories,91.2,9:16,720x1280,300,197.3,270.4,48,5.26,False,I thought this was one of those Facebook products that never lives up to the hype.,I thought this was one of those Facebook products that never lives up to the hype.,thought this was one of those | that never lives up / to the hype,,you'll understand | Shop The Foldie,,,,en,https://drive.google.com/file/d/1pSwQbek1_8gs7nufVljix0i7EqM1AeXV/view?usp=drivesdk
B-Roll + Voiceover,broll_voice_over-Ad-21-Shapermint-1.mp4,Shapermint,Apparel & shapewear,36.1,9:16,720x1280,108,179.6,193.4,7,1.94,False,"I haven't lost a pound, but every photo of me looks","I haven't lost a pound, but every photo of me looks like I did, and no, it's not a fit.",haven't lost a pound | ost a pound | But every photo of me / looks like did,,ff my figure | Shapermint / SHOP NOW,,,,en,https://drive.google.com/file/d/1JTvJm9bOy7G8lsxjTzja0d_L4RkwYMwF/view?usp=drivesdk
B-Roll + Voiceover,broll_voice_over-Ad-22-Loop.mp4,Loop,Travel & accessories,25.8,9:16,720x1280,86,200.2,217.2,13,5.04,False,"Now boarding, anyone with noise sensitivity. Now boarding someone","Now boarding, anyone with noise sensitivity.",with / noise sensitivity / Shuttle To Terminal / waffles | with / incise sensitivity / Bowie | le To Terminal / Bowie,,,,8.36,,en,https://drive.google.com/file/d/1pa-X1laIDZ1y1HjizejstY3_kNVmQ9Q2/view?usp=drivesdk
B-Roll + Voiceover,broll_voice_over-Ad-23-Jones Road Beauty-1.mp4,Jones Road Beauty,Beauty & skincare,55.0,9:16,720x1280,58,63.3,73.8,37,6.73,False,"If you don't like mascara, you haven't tried this one.","If you don't like mascara, you haven't tried this one.",If you don't like mascara / you haven't tried this one | If you don't like mascara / you haven't tried this one | If you don't like mascara / you haven't tried t / his one,,Minimalist Defining Mascara | JONES ROAD / MINIMALIST DEFINING / MASCARA / SHOP NOW,,45.32,,en,https://drive.google.com/file/d/1_tlot3v9eNHjeE7HC-0oU_PxYSos5DH0/view?usp=drivesdk
B-Roll + Voiceover,broll_voice_over-Ad-24-Cymbiotika-1.mp4,Cymbiotika,Supplements & wellness,22.0,9:16,720x1280,65,177.0,180.6,7,3.18,False,You're still drinking high calorie zero benefit coffee every,You're still drinking high calorie zero benefit coffee every morning you're doing it wrong.,SUPERFOOD / cold | SUPERFOOD / Gold | leffective hack for,,less brain fog improved / energy | moot / Golden / Ming / start ab cbsrging your daily / coffee with CYMBIOTIKA / geese,,,,en,https://drive.google.com/file/d/1JEQJG4mtThqKV99bWXVuapBviFdtGnUt/view?usp=drivesdk
B-Roll + Voiceover,broll_voice_over-Ad-25-DRMTLGY.mp4,DRMTLGY,Beauty & skincare,54.9,9:16,720x1280,145,158.6,185.6,21,3.83,False,I've hated my dark circles for 15 years.,I've hated my dark circles for 15 years.,VE HATED MY / DARK CIRCLES FOR / 15 YEARS | VE HATED MY / DARK CIRCLES FOR / 15 YEARS | VE HATED MY / DARK CIRCLES FOR / 15 YEARS,,because once | recommend these / enough,,,,en,https://drive.google.com/file/d/1WnDfdZJ5eHrC4FEXNByeJmLE0_0qQmuz/view?usp=drivesdk
B-Roll + Voiceover,broll_voice_over-Ad-26-Shapermint-1.mp4,Shapermint,Apparel & shapewear,26.1,9:16,720x1280,75,172.2,190.7,12,4.59,False,"Sagging got you dealing with a flat cleavage, support with","Sagging got you dealing with a flat cleavage, support with a push-up, wires digging in and leaving red marks, support with a wire free, back rolls and side spillage ruining fitted tops, support with a smoothing bra, but don't stress, you donian't need to buy all those separate bras.",Sagging got you dealing / with a flat cleavage | Sagging got you dealing / with a flat cleavage | with a push u up,"support with a smoothing bra, but don't stress, you donian't need to buy all those separate bras.",for simple / all day support after 40 / GET YOURS NOW,,,,en,https://drive.google.com/file/d/1n4Luni_s1wzIbv7AwRX9z6mp8EqwGYTv/view?usp=drivesdk
B-Roll + Voiceover,broll_voice_over-Ad-27-Mars Men-1.mp4,Mars Men,Supplements & wellness,58.7,9:16,720x1280,192,196.4,227.6,31,5.28,False,"Once you start TRT, you kill your natural testosterone","Once you start TRT, you kill your natural testosterone forever.",e you starts | you kill your natural / testosterone forever,Tap the button next to this video to start with Mars men today.,to Big Pharma,urgency_time,24.54,52.68,en,https://drive.google.com/file/d/1vAunCqw7hQELzsUy5Sk-cy_SErdAed1b/view?usp=drivesdk
B-Roll + Voiceover,broll_voice_over-Ad-28-Oats Overnight-1.mp4,Oats Overnight,Food & beverage,23.5,9:16,720x1280,98,250.4,273.0,29,12.35,False,Easy it is to start your day with 20 grams of protein.,Easy it is to start your day with 20 grams of protein.,evenly i / This is how easy it is | This is how easy itis | with 20 g of protein,,has never tasted,,16.14,,en,https://drive.google.com/file/d/19n7lsYl7zQZpgkOP_Lmx9S3FYsIp4W17/view?usp=drivesdk
B-Roll + Voiceover,broll_voice_over-Ad-29-BURGA.mp4,BURGA,Travel & accessories,24.1,9:16,720x1280,25,62.1,172.8,13,5.38,False,"All the power, half the bulk, meet the new slim","All the power, half the bulk, meet the new slim and perfected magnetic power bank from Berga.",,,,,,,en,https://drive.google.com/file/d/1Jz9-Y7ZVNprZoj0jx_nQj2XxkCTMGTeY/view?usp=drivesdk
B-Roll + Voiceover,broll_voice_over-Ad-3-Jones Road Beauty-1.mp4,Jones Road Beauty,Beauty & skincare,33.6,9:16,720x1280,71,126.9,180.1,25,7.45,False,"Our viral eyeliner just got two new shades, richly","Our viral eyeliner just got two new shades, richly pigmented, water and transfer resistant, built to outlast heat, humidity, anything summer throws at it.",Our viral eyeliner just got / two new shades | Our viral eyeliner just got / two new shades aS,Grab yours at jonesroadbeauty.com.,JONES ROAD / GEL LINER / puss tom,,10.84,23.18,en,https://drive.google.com/file/d/1t5S56tkuzGLhvveLTTyecbjiStJ2Tzot/view?usp=drivesdk
B-Roll + Voiceover,broll_voice_over-Ad-30-Purdy & Figg.mp4,Purdy & Figg,Home & kitchen,33.4,9:16,720x1280,8,14.4,285.7,16,4.79,True,How I prepare my home for a guest.,How I prepare my home for a guest.,epare my home | pie spare my home / for guests Me,,Counter Clean / Latter,,,,en,https://drive.google.com/file/d/1htfeCOS0m9HPQSEdbNIvXA5mCmhc3Hn-/view?usp=drivesdk
B-Roll + Voiceover,broll_voice_over-Ad-31-The Foldie.mp4,The Foldie,Travel & accessories,51.7,4:5,720x900,144,167.2,182.7,30,5.81,False,Watch this tiny folded pouch turn into a,Watch this tiny folded pouch turn into a full-size travel bag.,Watch this tiny folded pouch / turn into a full size travel bag | Watch this tiny folded pouch / turn into a full size travel bag | Watch this tiny folded pouch / turn into a full size travel bag,Take a look at the Foldy and try it risk-free for 60 days.,Take a look at The Foldie | Shop The Foldie,guarantee,,44.98,en,https://drive.google.com/file/d/1n8w_yUeFr-yM9FSbOnD5qjY-nXAHHnB-/view?usp=drivesdk
B-Roll + Voiceover,broll_voice_over-Ad-32-Alittlebitoftrish-1.mp4,Alittlebitoftrish,Apparel & shapewear,51.6,9:16,720x1280,106,123.3,160.2,20,3.88,False,I don't think Shaper Mint is going to make this deal again.,I don't think Shaper Mint is going to make this deal again.,is going to make / this deal again | is going to make / this deal again,"There's even a succeeding money-back guarantee, showcasing the brand's confidence in this top-rated product.",Shapermint / the brand's confi | Shapermint / BUY 1 GET 1 / FREE,guarantee,,43.09,en,https://drive.google.com/file/d/13GHof2ZmIqz4mwWoZDKId3Wwvu7Qw6TZ/view?usp=drivesdk
B-Roll + Voiceover,broll_voice_over-Ad-33-Mars Men-1.mp4,Mars Men,Supplements & wellness,55.6,9:16,360x640,159,171.7,182.2,25,4.5,False,I almost started testosterone injections until I found,I almost started testosterone injections until I found this.,l almost started testosterone / injections until found this | l almost started testosterone / injections until found this | l almost started testosterone / injections until found this,"They're so confident it works, they offer a 90-day guarantee, but they keep selling out. Try it today and get their hormone optimization guide free with your order.",,guarantee;scarcity;urgency_time,10.86,44.5,en,https://drive.google.com/file/d/1Jl7ixXIqmlHeiAuzkip2ncKbHkf5ReEk/view?usp=drivesdk
B-Roll + Voiceover,broll_voice_over-Ad-34-DRMTLGY.mp4,DRMTLGY,Beauty & skincare,48.4,9:16,720x1280,159,197.2,239.9,20,4.13,False,I screamed when I saw this was back in stock. After I,I screamed when I saw this was back in stock.,this was back in stock | SCREAMED when I saw / this was back in stock | After started / working from home,Grab yours now before they sell out.,Perfect for those / no makeup makeup days | GRADE SKIN / Get sunscreen sheer coverage / a moisturizer all in one / DERMATOLOGIST / FRAGRANCE / RECOMMENDED / FREE / FREE,scarcity,,40.46,en,https://drive.google.com/file/d/1wY7JIbaDWWm2bznNLvmVDFNHdHl5bser/view?usp=drivesdk
B-Roll + Voiceover,broll_voice_over-Ad-35-Purdy & Figg.mp4,Purdy & Figg,Home & kitchen,29.1,9:16,720x1280,84,173.2,182.2,19,6.53,False,"your bank holiday cleaning routine, sorted in five minutes.","your bank holiday cleaning routine, sorted in five minutes.",ties / Beet / bane / Seas | cleaning / pelt,,lees,,,,en,https://drive.google.com/file/d/1jpqjB9-JVuTYN8hvGKGggYM_Ccfq9iSO/view?usp=drivesdk
B-Roll + Voiceover,broll_voice_over-Ad-36-DRMTLGY.mp4,DRMTLGY,Beauty & skincare,40.3,9:16,720x1280,96,142.9,174.0,13,3.23,False,Am I the only one that slept on tinted moisturizers? I'm not talking,Am I the only one that slept on tinted moisturizers?,Am the only one that slept on om on | NOT talking foundation,,orgy / ieee / and itm kes your skin look | UNIVERSAL / PROTECT / glow prevent / Get yours at DRMTLGY com,,,,en,https://drive.google.com/file/d/1Y29xdaVAmFJYwYps0hT8cvgdVw9lXmHK/view?usp=drivesdk
B-Roll + Voiceover,broll_voice_over-Ad-37-Dore & Rose.mp4,Dore & Rose,Beauty & skincare,31.3,9:16,720x1280,103,197.3,211.9,11,3.51,False,"Who wants to sleep better, look more refreshed in the morning,","Who wants to sleep better, look more refreshed in the morning, and have more energy?",Dome / us on Ee | in the mornin g A,"to want to wake up more productive and refreshed, link below.",more productive andjrefreshed,,6.54,27.22,en,https://drive.google.com/file/d/1A2WNeWbZFGagdanahIa1Xy8FBtFGtJKu/view?usp=drivesdk
B-Roll + Voiceover,broll_voice_over-Ad-38-DRMTLGY.mp4,DRMTLGY,Beauty & skincare,41.5,9:16,720x1280,126,182.4,195.6,11,2.65,False,Dehydrated under eyes makes dark circles and puffy,Dehydrated under eyes makes dark circles and puffy eyes more pronounced.,dehydrated under eyes | pane / dehydrated under eyes | and puffy eyes,,So if dark circles | can't recommend / them enough,,,,en,https://drive.google.com/file/d/1tD9_IngrXmN0Td4vDxj_VvUX7XmpvZzv/view?usp=drivesdk
B-Roll + Voiceover,broll_voice_over-Ad-39-Content by Els .mp4,Content by Els,Home & kitchen,41.2,9:16,720x1280,141,205.4,218.2,41,9.95,False,Cleaning was always something I dreaded until I found this kit that,Cleaning was always something I dreaded until I found this kit that works for every room in my house.,peony / oats | Glean / thin,,O getting the house | for 70% off,percent_off,35.82,,en,https://drive.google.com/file/d/1V2s_6a8SuJ9y5j3cfWQUb5yAGREGN2UU/view?usp=drivesdk
B-Roll + Voiceover,broll_voice_over-Ad-4-Loop.mp4,Loop,Travel & accessories,23.1,9:16,720x1280,76,197.4,211.7,18,7.79,False,"When people say earplugs are for going out, they don't","When people say earplugs are for going out, they don't just mean festivals or bars.",When people / are for / going out | When people say earplugs / are for / going out | they don't just / mean festivals or bars,,BUT still hear all commentary i / with crisp clear sound | or any LOUD events / are your thing,,10.92,,en,https://drive.google.com/file/d/1nSwy34eu4UYnKWPsotuQEdZXbCxRHjDT/view?usp=drivesdk
B-Roll + Voiceover,broll_voice_over-Ad-40-BetterMe.mp4,BetterMe,Supplements & wellness,29.8,9:16,720x1280,106,213.1,265.4,5,1.68,False,"Do it for crop tops, do it for the skinny jeans, do it for the compliments,,","Do it for crop tops, do it for the skinny jeans, do it for the compliments, , do it for the jealousy stairs, do it for the confidence, do it in three weeksichi weeks, do it for you.",Do it for crop p | Do it for crop top / he skinny jeans | Do it for crop top / he skinny jeans 4 / do it for t,Tap the screen right now to try it.,,urgency_time,,20.46,en,https://drive.google.com/file/d/1IEhTCT-wAnjXEAa7zfnZh161-TIlIgTE/view?usp=drivesdk
B-Roll + Voiceover,broll_voice_over-Ad-41-Mott & Bow.mp4,Mott & Bow,Apparel & shapewear,39.6,9:16,720x1280,130,197.1,239.3,29,7.33,False,Every guy I know who dresses well owns a pair of dark jeans that,"Every guy I know who dresses well owns a pair of dark jeans that actually fit, just one.",Every a know who dresses wel ke / noes | Every guy know who dresses wel | Owns a pairof dark jeansithat / Song,I'll leave the link.,handcrafted premium denim | athe price is the last thing you'd / expect,price_anchor,27.06,33.46,en,https://drive.google.com/file/d/1HYrXKadQ8zuKdFkRDIA0sIPflC8K-f50/view?usp=drivesdk
B-Roll + Voiceover,broll_voice_over-Ad-42-Oats Overnight-1.mp4,Oats Overnight,Food & beverage,35.2,9:16,720x1280,108,184.2,196.6,9,2.56,False,Today I'm packing a first -time subscription order and also showing,Today I'm packing a first-time subscription order and also showing you what it's like to build a box on our site.,Today I'm packing | first tim | and also showing you,Build your own box and I give votes overnight to try today.,oats / over / Wor in development / oats / our Flavor In FA sou | Oats Overnight a try today,free_shipping;urgency_time,33.52,32.38,en,https://drive.google.com/file/d/1YHZ6SAe1c0uYDiTRTqienPs4hrvX4SdZ/view?usp=drivesdk
B-Roll + Voiceover,broll_voice_over-Ad-43-Oats Overnight.mp4,Oats Overnight,Food & beverage,27.8,9:16,720x1280,119,257.1,274.4,18,6.48,False,I always see my drivers eating junk food. It makes sense because they're,I always see my drivers eating junk food.,cami / 7 always see my drivers | COVERED / filmed all my / drivers this week / 4 always see my drivers | filmed all my / cause they're always chlthe fee,"There's over 20 delicious flavors and a full refund if you don't love it, so there's really no reason not to order. Give it what's overnight to try today and you'll understand.",DICED BANANAS / MAPLE SUGAR / CHIA FLAXSEED / HIMALAYAN PINK SALT / PLANT BASED PROTEIN / keep you filled up / PROTEIN / SUGAR | not to order,urgency_time,5.68,23.6,en,https://drive.google.com/file/d/1do7_Q81GoT02WJjLlO70de6i3Set3qcm/view?usp=drivesdk
B-Roll + Voiceover,broll_voice_over-Ad-44-BURGA.mp4,BURGA,Travel & accessories,27.1,9:16,720x1280,70,154.9,169.2,28,10.33,False,"Yes, we're pricey, and that's because we don't cut corners every","Yes, we're pricey, and that's because we don't cut corners every burger piece of design and durability Crafted to deliver on where I'm not sure and timeless style.",terse / recites,,Your Best / May We Alwa / none 17 Pro Max Case / iPhone 17 Pro Max C / lite Mirror MagSafe / Elite Mirror MagSafe,price_anchor,,,en,https://drive.google.com/file/d/1sYQ6GQKITXOVkQqiplG3yf20VS-cKN-6/view?usp=drivesdk
B-Roll + Voiceover,broll_voice_over-Ad-45-Jones Road Beauty-1.mp4,Jones Road Beauty,Beauty & skincare,59.2,9:16,720x1280,191,193.4,226.9,40,6.75,False,"I don't want to wear foundation every day, so I do this instead.","I don't want to wear foundation every day, so I do this instead.",I don t want to wear / so I do this instead | I don t want to wear / at foundation everyday i / so I do this instead | so I do this instead,,JONES ROAD / Colorless Glow All Over / Tint / SKIN CONCERNS / Redness / SKIN TYPE / Based On Your Results / We Suggest / you get 30 days to / exchange or return / Flushed / COLOR / DESCRIPTION A cool ,,,35.46,en,https://drive.google.com/file/d/1jccQTu10T94opmLorpO2CibO_Tcfprh6/view?usp=drivesdk
B-Roll + Voiceover,broll_voice_over-Ad-46-Dore & Rose.mp4,Dore & Rose,Beauty & skincare,28.6,9:16,720x1280,72,151.3,158.8,12,4.2,False,"I was desperate for better sleep. Nothing worked,",I was desperate for better sleep.,,"It's a total game changer for a better night If we get yours now, superserve it.",sleep,,8.44,25.18,en,https://drive.google.com/file/d/1GMZ2Ocg7olwZ0yDOow4mdOoP6X0KtTc6/view?usp=drivesdk
B-Roll + Voiceover,broll_voice_over-Ad-47-paidangain.mp4,paidangain,Supplements & wellness,15.5,9:16,720x1280,48,186.3,224.3,5,3.23,False,"Are you hitting a wall in the gym? Well, it could be your test levels.",Are you hitting a wall in the gym?,,You can try risk-free for 90 days.,Mars,guarantee,,13.12,en,https://drive.google.com/file/d/1bguk4orSpLAyHNl6n3BJCiql3doQ4NAn/view?usp=drivesdk
B-Roll + Voiceover,broll_voice_over-Ad-48-BetterMe.mp4,BetterMe,Supplements & wellness,27.9,9:16,720x1280,83,178.8,276.7,6,2.15,False,Make it a habit. 40 minutes three days per week all the way,Make it a habit.,lays per W | days per W / r can typically expect to lose Up / fans ony i | days per W / greatly impact / can typically expect to lose Up to,Tap the screen to try it and thank me later.,GYM WORKOUT / FOR WOMEN / Main goal / Current Weight / Keep fit / Your progress / Full Body Conditioning / 18 min no equipment,,,15.44,en,https://drive.google.com/file/d/1iqmZQaY_f4Nkojb0kCEK6MhHLa16G589/view?usp=drivesdk
B-Roll + Voiceover,broll_voice_over-Ad-49-Oats Overnight-1.mp4,Oats Overnight,Food & beverage,20.6,9:16,720x1280,81,236.1,269.7,17,8.26,False,"Last year, my husband tried to pack his famous overnight oats for a","Last year, my husband tried to pack his famous overnight oats for a road trip.",DIY OVERNIGHT OATS / Raisins | NIGH / RAISINS / chia / my husband 6 | for a road trip,Make things easier with oats overnight and try it for yourself today.,night / it out,urgency_time,2.06,16.74,en,https://drive.google.com/file/d/1eASyGKw0vTNukxWvoaL34nZE-OFS5hKS/view?usp=drivesdk
B-Roll + Voiceover,broll_voice_over-Ad-5-The Foldie.mp4,The Foldie,Travel & accessories,28.8,4:5,720x900,81,168.8,213.3,14,4.86,False,My wife literally screamed when she saw the Foldy 20,My wife literally screamed when she saw the Foldy 20% off sale.,the Foldie 20% off sale,And grab your Foldy before they're gone.,So don't wait | BUY I,percent_off;urgency_time,,22.88,en,https://drive.google.com/file/d/1cd1evVDcMkYy1OKonjxmJt8dbtLTil6K/view?usp=drivesdk
B-Roll + Voiceover,broll_voice_over-Ad-50-HexClad.mp4,HexClad,Home & kitchen,31.1,4:5,720x900,94,181.1,228.5,15,4.82,False,The one kitchen upgrade that made me feel better about my meals. I've been,The one kitchen upgrade that made me feel better about my meals.,THE ONE KITCHEN UPGRADE | HE ONE KITCHEN UPGRADE | BEEN WANTING T / MO TOWARD CLEANER,,HEAL | HEXCLAD / SHOP NOW,,6.1,,en,https://drive.google.com/file/d/1baFTq6EBI2_AQ5CrrgywKNzTqk9Xfysx/view?usp=drivesdk
B-Roll + Voiceover,broll_voice_over-Ad-51-Suhaine fashion buys-1.mp4,Suhaine fashion buys,Apparel & shapewear,40.0,9:16,720x1280,128,192.2,213.7,5,1.25,False,You won't believe it. Shaper Mint forgot to turn off,You won't believe it.,You won't believe it | You won't believe it | Shapermint forgot to turn off / their End of Season discount,"Go get one before they sell out again. and thank me later."" It's for a limited time. Remember that you have to click on the link below to get the scoop neck cami at 40% off.",the link b,percent_off;scarcity,,27.88,en,https://drive.google.com/file/d/1M1uYWSOhZGVB1O5m--Q-rpd15h_Kh3jh/view?usp=drivesdk
B-Roll + Voiceover,broll_voice_over-Ad-52-Bloom Nutrition.mp4,Bloom Nutrition,Supplements & wellness,10.3,9:16,720x1280,28,162.3,185.0,1,0.97,False,"Macha, drinking this matcha","Macha, drinking this matcha that you made me, your famous matcha.",,,,,,,en,https://drive.google.com/file/d/1oSmnMtynnkWNhqGGGEcjDoyi1Qcp7_lx/view?usp=drivesdk
B-Roll + Voiceover,broll_voice_over-Ad-53-Oats Overnight.mp4,Oats Overnight,Food & beverage,35.1,9:16,720x1280,39,66.6,116.7,16,4.56,False,I don't know,"I don't know what I'm talking about, but I'm going to be talking about it today.",,back guarantee if you don't like it. There's no reason not to order. Give votes over night at Try Today and you'll understand.,FIND YOUR FAVORITE / CATEGORY / Show All / Variety Packs / Fruit Flavors / Caffeinated / Whey Protein / Vegan / Limited Time Flavors / Seasonal | Real Customers / Real Experiences / 40732 reviews / So,guarantee;scarcity;urgency_time,,30.0,en,https://drive.google.com/file/d/1rM7_3emewirstE-NODsT15TW_3ZTHHID/view?usp=drivesdk
B-Roll + Voiceover,broll_voice_over-Ad-54-Savvy Finds.mp4,Savvy Finds,Apparel & shapewear,22.6,9:16,720x1280,74,196.2,216.0,22,9.72,False,These teas are perfect for everyday wear. They're super easy,These teas are perfect for everyday wear.,,"And when you use the code fresh15, you can get 15% off your first order at freshcleanthreads.com.",ings you reach for ot,percent_off;promo_code,,16.44,en,https://drive.google.com/file/d/1pIzR9JmnUecGS0qW66MAPa3YbmS9vxTq/view?usp=drivesdk
B-Roll + Voiceover,broll_voice_over-Ad-55-Devyn.mp4,Devyn,Supplements & wellness,28.4,9:16,720x1280,129,273.0,281.0,8,2.82,False,"This is an energy boost for my body, but this is energy boost for my face. I'm exited","This is an energy boost for my body, but this is energy boost for my face.",,,lied,,,,en,https://drive.google.com/file/d/1kgdDvO6YkwHp654DjmFDhMsCYRAaw4aV/view?usp=drivesdk
B-Roll + Voiceover,broll_voice_over-Ad-56-DRMTLGY.mp4,DRMTLGY,Beauty & skincare,38.7,9:16,720x1280,123,190.6,214.4,18,4.65,False,Tiktok made me try this lazy girl beauty hack.,Tiktok made me try this lazy girl beauty hack.,TikTok made me try this / lazy girl girl beauty hack | TikTok made me try this / y girl beauty hack | TikTok made me try this / lazy girl beauty hack 64,"It's blowing up on TikTok, so check out the thousands of 5 star reviews and snag yours today before it sells out.",This was a total / game changer and costs less / than a tube of mascara | Following For You / So check out the thousands / of 5 star reviews / tinted moisturizer / Home / Discover / Inbox,scarcity;urgency_time,,35.82,en,https://drive.google.com/file/d/1p59z4vKm_Qm3CkxOlvwHTE_6wL8DnOgt/view?usp=drivesdk
B-Roll + Voiceover,broll_voice_over-Ad-57-The Foldie.mp4,The Foldie,Travel & accessories,47.9,9:16,720x1280,135,169.1,191.0,32,6.68,False,There is something so satisfying about boarding a,"There is something so satisfying about boarding a flight, knowing everything you packed speach fits right under the seat.",There is something so satisfying / about cal a flight | There is something so satisfying / bout boarding a flight | There is something so satisfying / about boarding a flight / pure,Take a look at the foldy before your next flight and try it risk-free for 60 days.,BS Take a look at The Foldie / before your next flight | Shop The Foldie,guarantee,,38.68,en,https://drive.google.com/file/d/1mW-FLOQmMYUQIztIXvKsZbZPL_R9KrOT/view?usp=drivesdk
B-Roll + Voiceover,broll_voice_over-Ad-58-Oats Overnight.mp4,Oats Overnight,Food & beverage,29.5,9:16,720x1280,132,268.6,300.2,16,5.43,False,My co -worker blows right by me to head to the gym during her break and,My co-worker blows right by me to head to the gym during her break and she has the same shaker cup with her every day.,can'tibelieye She uses her,,oats / over / night / Never Get Bored / With new flavors rolling out all the time you'll / actually look forward to breakfast / OVer / night / Fruity / Cereal / ream / Fruity Cereal,,11.96,,en,https://drive.google.com/file/d/1DRUF40Crsn3WnSLmnoiTuN9H7VvJk_bh/view?usp=drivesdk
B-Roll + Voiceover,broll_voice_over-Ad-59-Shapermint-1.mp4,Shapermint,Apparel & shapewear,44.8,9:16,720x1280,149,199.6,225.0,22,4.91,False,Wrong bra for your shape versus the one made for it. The difference,Wrong bra for your shape versus the one made for it.,WRONG BRA X RIGHT BRA | WR ONS BRA X RIGHT BRA | G BRA X RIGHT BRA,I will never ever ever buy bras anywhere else.,the perfect bra for you e,,,30.86,en,https://drive.google.com/file/d/1fpv0yF0CMgQlB5xIPYABxuNwe7je9gAN/view?usp=drivesdk
B-Roll + Voiceover,broll_voice_over-Ad-6-Mars Men-1.mp4,Mars Men,Supplements & wellness,55.7,9:16,720x1280,194,209.1,214.0,16,2.87,False,Most fitness experts won't tell you this because they're too busy,Most fitness experts won't tell you this because they're too busy selling you more supplements and harder workouts.,MOST FITNESS EXPERTS | CAUSE THE,,READY TO slelt YOUR / BIOLOGICAL REBELLION | you SO BE / ON YOUR WAY TO MARS,,4.02,,en,https://drive.google.com/file/d/1sL7mqQDc0K10AicGgwSq-CdDedA_n9FR/view?usp=drivesdk
B-Roll + Voiceover,broll_voice_over-Ad-60-BURGA.mp4,BURGA,Travel & accessories,28.1,9:16,720x1280,59,126.2,179.1,18,6.42,False,"Yes, we're pricey, and that's because we don't cut corners.","Yes, we're pricey, and that's because we don't cut corners.",ancient,"That's why we have our irresistible buy-to-get-too-free offer on phone cases, but don't wait.",Shop Valentine's gifts / French / and writer / artist / photographer / juggles contemporary art / fashion and pop culture Exhibited at the / challenges conventions with a universe / where humor flirts,urgency_time;price_anchor,,15.22,en,https://drive.google.com/file/d/1Y6NbJtAoxStXLCCPvloBkm4bbhZ_Jqwx/view?usp=drivesdk
B-Roll + Voiceover,broll_voice_over-Ad-61-Oats Overnight-1.mp4,Oats Overnight,Food & beverage,24.4,9:16,720x1280,104,255.2,261.7,33,13.5,False,"you've heard it your whole life stop eating dessert, your parents,","you've heard it your whole life stop eating dessert, your parents, friends and even those annoying health influencers online but you know what you don't have to give them up with oats overnight with us you can sell off flavors like cookies and cream, chocolate chip, cookie dough, cinnamon roll and m",your whole | Your,"cinnamon roll and more for breakfast because they're actually good for you 20 grams of protein, tons of fiber and not that much sugar but it's still a pretty sweet deal since you get 25% off your first box and you subscribe free shaker and your shipping is always free a dessert try what's overnight ",is of fi / tons ot fiber | when you subscribe,percent_off;urgency_time,7.6,22.12,en,https://drive.google.com/file/d/1D66FyxrKiluBwd4nU6adOZdMDej9GlQo/view?usp=drivesdk
B-Roll + Voiceover,broll_voice_over-Ad-62-Gleamin-1.mp4,Gleamin,Beauty & skincare,31.5,9:16,720x1280,35,66.7,234.9,19,6.03,False,I didn't even know there was a way to get rid of hyperpigmentation.,I didn't even know there was a way to get rid of hyperpigmentation.,there was,,eats marks,,,,en,https://drive.google.com/file/d/1fR3Mnrxiz4-vj_NJe7N5s8UI1RAZJ5Pk/view?usp=drivesdk
B-Roll + Voiceover,broll_voice_over-Ad-63-Purdy & Figg.mp4,Purdy & Figg,Home & kitchen,32.7,9:16,720x1280,100,183.5,208.5,20,6.12,False,How I keep my home smelling fresh this summer. I've,How I keep my home smelling fresh this summer.,home | Howl free myhome / smelling fresh,,,,27.98,,en,https://drive.google.com/file/d/1kj0qvjGWFsfiXYlGdO9KzIL7s_94o_ek/view?usp=drivesdk
B-Roll + Voiceover,broll_voice_over-Ad-64-Bloom Nutrition.mp4,Bloom Nutrition,Supplements & wellness,19.6,9:16,720x1280,71,217.9,222.6,6,3.07,False,Gloom greens powder has become my secret weapon when it comes to staying on,Gloom greens powder has become my secret weapon when it comes to staying on top of my wellness when life gets crazy.,STRAWS | Bloom / bloom greens rai,,Per serving / RasP / extras / pone / jogs / jules / rides / organ / extra / Root / powder / valve / ally / powder / gent / Daily / send / rack / ts Natural Flavors / nice | Bloom / foods,,,,en,https://drive.google.com/file/d/14pHfEI08Zj8RRpMcgp0ZoR9ndWZms3cb/view?usp=drivesdk
B-Roll + Voiceover,broll_voice_over-Ad-65-Shapermint.mp4,Shapermint,Apparel & shapewear,66.6,9:16,720x1280,188,169.3,189.6,37,5.55,False,"If one boob fits and the other doesn't, this","If one boob fits and the other doesn't, this is for you.",i one / and the other cossitt,So check your size and grab it before it's gone again.,It's a game changer | Shapermint,bogo_bundle;scarcity,,63.23,en,https://drive.google.com/file/d/1tMxWWUDaeHMw1zhHwd6FJCZDqVD7uwU0/view?usp=drivesdk
B-Roll + Voiceover,broll_voice_over-Ad-66-Mars Men-1.mp4,Mars Men,Supplements & wellness,21.9,9:16,720x1280,84,229.8,261.4,13,5.93,False,Are you ready to take it to the next level? Testosterone Support by Marsman is here,Are you ready to take it to the next level?,ARE YOU READY TO TAKE / IT TO THEINEXT LEVEL,,,,2.18,,en,https://drive.google.com/file/d/100ftLclnGybRKGfPv4JOaFmCKtKB7719/view?usp=drivesdk
B-Roll + Voiceover,broll_voice_over-Ad-67-Savvy Finds.mp4,Savvy Finds,Apparel & shapewear,20.0,9:16,720x1280,68,204.3,234.8,14,7.01,False,Want to improve your slip score naturally? You have to open up your airway,Want to improve your slip score naturally?,sleep score naturally / MIDSUMMER SALE O 20% OFF | sleep score naturally / Improve your / mes i / UMMER SALE 20% OFF SITEWIDE | ALE 20% OFF SITEWIDE MIDS,Just visit airwave.com.,ORES / DSUMMER SALE 20% OFF SITEWII | Prioritize your recovery and rest / 5 OFF SITEWIDE MIDSUMMER SALE,percent_off,,18.18,en,https://drive.google.com/file/d/1Nvs4hfMSsfVdCn_V8RQQxghsPmFb2eF_/view?usp=drivesdk
B-Roll + Voiceover,broll_voice_over-Ad-68-Arrae.mp4,Arrae,Supplements & wellness,51.8,9:16,720x1280,207,239.9,244.0,26,5.02,False,"Let me save you five years of gym mistakes in 30 seconds. First,",Let me save you five years of gym mistakes in 30 seconds.,pies / me save you 5 yei / ee mistakes in 30 sect | let me save you 5 years / sreym mistakes in 30 s,,,,,,en,https://drive.google.com/file/d/1V9r1PXtd0dU0JgaJPxe12C_TzfjdN88S/view?usp=drivesdk
B-Roll + Voiceover,broll_voice_over-Ad-69-Mars Men.mp4,Mars Men,Supplements & wellness,19.7,9:16,720x1280,0,0.0,,7,3.56,True,,,S Me at 45 | Constantly gaining weight / Always exhausted / Brain fog Feeling weak / Low libido,,But in just 94 days / taking Natural / Lost 5 ibs without trying | But in just 94 days / Lost 5 lbs without pymg / Ne more afternoon naps / Felt stronger at the gym / Even comes with a 90 Day / money ,guarantee,,,en,https://drive.google.com/file/d/17LpJ6tcounAuWpXVk8KbMQCz3tOwqo_U/view?usp=drivesdk
B-Roll + Voiceover,broll_voice_over-Ad-7-Arrae.mp4,Arrae,Supplements & wellness,53.9,9:16,720x1280,184,205.0,215.9,31,5.76,False,I have been working out for years now and let me tell you I have,I have been working out for years now and let me tell you I have never noticed such a difference in my body until I've started taking creatine.,How FINALLY got abs / iI have been working out for / yearsjnow and let me tell you | How FINALLY got abs / iI have been working out for / yearsjnow and let me tell you | noticed,,ijhey also just cameyout with / this Sour Watermel,,,,en,https://drive.google.com/file/d/1IoR0B9D4MwxKaqMzM1E_7eM0Pj7Op3rK/view?usp=drivesdk
B-Roll + Voiceover,broll_voice_over-Ad-70-Loop.mp4,Loop,Travel & accessories,40.2,9:16,720x1280,119,177.7,184.2,16,3.98,False,Charging over 100 ringgit for an earplug? Is it really,Charging over 100 ringgit for an earplug?,Tap to try / Loop Experience 2 / we 8878 Reviews / Limited edition / Core color Silver / Add to cart,,,scarcity,35.02,,en,https://drive.google.com/file/d/1IiI7iz-M_QbthB68n_4kNuf3r4QHeP45/view?usp=drivesdk
B-Roll + Voiceover,broll_voice_over-Ad-72-Oats Overnight-1.mp4,Oats Overnight,Food & beverage,29.2,9:16,720x1280,39,80.2,84.2,25,8.57,False,The best is their best deal yet. Here's what you need,The best is their best deal yet.,oy off Oats Overnight | $27 off your first order / $27 off Oats Overnight | need to know,And give Oats overnight a try today.,It's simple | with something easy,bogo_bundle;guarantee;urgency_time;price_anchor,26.84,,en,https://drive.google.com/file/d/1Q1a_BB53CWUqb04pjNyV_XYklOjijvEG/view?usp=drivesdk
B-Roll + Voiceover,broll_voice_over-Ad-73-Shapermint-1.mp4,Shapermint,Apparel & shapewear,64.2,9:16,720x1280,166,155.0,195.1,31,4.82,False,I just bought another underwire bra and it's already,I just bought another underwire bra and it's already stabbing me by lunch.,QI just bought another / underwire bra | just bought another / underwire bra | and it's already / stabbing me by lunch,,So it's anjinvestment | 20 Bias,scarcity,,,en,https://drive.google.com/file/d/1yU4uMgrMIdkOBoSbabVxAXszfDb4NHrK/view?usp=drivesdk
B-Roll + Voiceover,broll_voice_over-Ad-74-Shapermint.mp4,Shapermint,Apparel & shapewear,91.5,4:5,720x900,295,193.4,204.9,38,4.15,False,"Saggy boo problems, shaping the girls","Saggy boo problems, shaping the girls without hurting yourself.",a te girls / without hurting yourself,"If you want the perfect fit with unbeatable comfort, run to Shaperman's website to check if your size is still available and get it with 45% off.",Shapermint / SHOP NOW,percent_off,,86.2,en,https://drive.google.com/file/d/1ws8B2Z_7NOpWP6_Rz9fgPSv6qveZJomp/view?usp=drivesdk
B-Roll + Voiceover,broll_voice_over-Ad-75-Oats Overnight-1.mp4,Oats Overnight,Food & beverage,41.8,9:16,720x1280,183,262.6,292.6,25,5.98,False,"Also this, and","Also this, and this, and the shipping's free, but you can also unlock 15 limited flavors if you jump on this deal now.",Get Free Stuff / Nigh vie Oxon / Not only are these | Get Free Stuff / six packs totally free | Get Free Stuff,Give oats overnight a try today.,So if you've been curious | what do you have to lose,scarcity;urgency_time;price_anchor,36.36,40.42,en,https://drive.google.com/file/d/1AquU05w1LVYYshMPTXKoVlBscuW2hJCa/view?usp=drivesdk
B-Roll + Voiceover,broll_voice_over-Ad-76-Loop.mp4,Loop,Travel & accessories,35.8,9:16,720x1280,141,236.3,246.4,2,0.56,False,"I get it. There are a lot of lube earplugs to choose from, but what if I told",I get it.,plea,,be sure to bundlefandisave / loop / Link / loop / experience,bogo_bundle,32.82,,en,https://drive.google.com/file/d/1HsWrSAARbIHOh8p9Fal3oky_nQNUR1rF/view?usp=drivesdk
B-Roll + Voiceover,broll_voice_over-Ad-77-HexClad.mp4,HexClad,Home & kitchen,46.9,9:16,720x1280,97,124.1,144.6,20,4.26,False,"$1 ,000 for pots and pans? Here's why it's actually the","$1,000 for pots and pans?",$1 000 for pot / and pans Q | $1 000 for pots and pans / J Here's why it's actually cheap,Save $300 when you buy the full set. It's the last cookware you'll ever need to buy.,2 M home cooks / have made the switch | HEXCLAD,bogo_bundle;price_anchor,27.86,36.62,en,https://drive.google.com/file/d/1EStgV_hIfOB26s7t0NBQHukPPEW--5Yy/view?usp=drivesdk
B-Roll + Voiceover,broll_voice_over-Ad-78-HeyShape.mp4,HeyShape,Apparel & shapewear,13.8,9:16,576x1024,57,248.2,284.1,9,6.53,False,There's no way the same bodysuit could actually look good on all of,"There's no way the same bodysuit could actually look good on all of us, so we had our staff try it out.",same / bodysuit | aT ciel inolway the same / Bodysuit | bodysuit / can look,"There's no way the same bodysuit could actually look good on all of us, so we had our staff try it out.",park,,,,en,https://drive.google.com/file/d/1_uvnoZbOQ5v0vPwP9DcYnCzgszr-ixVc/view?usp=drivesdk
B-Roll + Voiceover,broll_voice_over-Ad-79-Gymshark.mp4,Gymshark,Supplements & wellness,28.1,9:16,720x1280,61,130.4,214.3,20,7.12,False,I am living in the Gymshark,I am living in the Gymshark Everyday seamless collection.,Gymshark Everyday Seamless / collection,,They feel amazing,,2.59,,en,https://drive.google.com/file/d/1yTCuWOkE9kdwNvvqB1_3JPcdgzaarQJl/view?usp=drivesdk
B-Roll + Voiceover,broll_voice_over-Ad-8-DRMTLGY.mp4,DRMTLGY,Beauty & skincare,53.7,9:16,720x1280,199,222.5,226.7,27,5.03,False,I've officially had the viral dermatology pumpkin enzyme mask,"I've officially had the viral dermatology pumpkin enzyme mask for over a month, so, so now it's time for a review.",Coins / RENE | Pumpkin Enzyme Mask,"You can get yours at dermatology.com and if you do want it, make sure you run because they sell out quickly.",goes a long way | Mid i,scarcity,,45.8,en,https://drive.google.com/file/d/1_hWzADeUH4UkclVW95BKvjDsivD4DvPF/view?usp=drivesdk
B-Roll + Voiceover,broll_voice_over-Ad-80-Savvy Finds.mp4,Savvy Finds,Apparel & shapewear,19.0,9:16,720x1280,65,205.7,223.1,15,7.91,False,Take this as your sign to upgrade your closet staples with the help of,Take this as your sign to upgrade your closet staples with the help of fresh clean threads.,UPGRADE / YOUR / CLOSET / STAPLES | STAPLES / eel a,"They're durable, comfortable, and actually stay the size you buy.",,,,,en,https://drive.google.com/file/d/1Z2kQYmhZ3UL9j1SgdtRozL2N0KNP6zEl/view?usp=drivesdk
B-Roll + Voiceover,broll_voice_over-Ad-81-DRMTLGY.mp4,DRMTLGY,Beauty & skincare,43.3,9:16,720x1280,154,213.6,224.8,13,3.0,False,There's a movement on TikTok called Ditch the Concealer. People are tired,There's a movement on TikTok called Ditch the Concealer.,There's a movement on TikTok | There's a movement on TikTok | ann are tired concealers,,so it's all the sun protection | So liso the concealer,,,,en,https://drive.google.com/file/d/1KJrORQ5cTfaZ0Dkezh7GQCTvvKa8mJvF/view?usp=drivesdk
B-Roll + Voiceover,broll_voice_over-Ad-82-Dore & Rose.mp4,Dore & Rose,Beauty & skincare,21.5,9:16,720x1280,52,145.1,160.7,5,2.33,False,Struggling to catch z's while traveling? Meet the deep,Struggling to catch z's while traveling?,se while traveling,,cape,,4.3,,en,https://drive.google.com/file/d/1srv7d44gB8_EnvaITWBGe96u2b8uuHU9/view?usp=drivesdk
B-Roll + Voiceover,broll_voice_over-Ad-83-DRMTLGY.mp4,DRMTLGY,Beauty & skincare,17.9,9:16,720x1280,50,168.0,189.4,10,5.6,False,Dark circles have left the building. These masks are,Dark circles have left the building.,alley,,,,,,en,https://drive.google.com/file/d/1lgjmrAHhVReEvpSMVMfQRLojUsScKB1y/view?usp=drivesdk
B-Roll + Voiceover,broll_voice_over-Ad-84-Loop.mp4,Loop,Travel & accessories,30.2,9:16,720x1280,76,151.2,199.3,34,11.27,False,"As someone who's been to 30 countries,","As someone who's been to 30 countries, there are a million travel hacks out there.",Do you travel a | Do you travel a | anna,,,,8.14,,en,https://drive.google.com/file/d/1A7LQ7eSfKHWYOXc7BBxnujYBW-UXWSsY/view?usp=drivesdk
B-Roll + Voiceover,broll_voice_over-Ad-85-Loop.mp4,Loop,Travel & accessories,25.8,9:16,720x1280,85,198.1,208.7,22,8.54,False,15 % off on the best selling earplugs?,15% off on the best selling earplugs?,Fie Edt View / cies To Window,Grab the earplug bundle at loopearplugs.com and say 15% off right now.,It handles your entire day | peas / Wises,percent_off;bogo_bundle;urgency_time,4.5,21.92,en,https://drive.google.com/file/d/1gIC91biwpmM7YVnLidL7WHus51SYVx9G/view?usp=drivesdk
B-Roll + Voiceover,broll_voice_over-Ad-86-claudias.cottage.mp4,claudias.cottage,Home & kitchen,41.3,4:5,720x900,134,194.5,216.2,29,7.02,False,"The gray spots in your house that you need to clean. Spot one,",The gray spots in your house that you need to clean.,The gross spots in yourhou,I started then new limited edition seasonal scents that honestly smell like summer in a bottle.,pal scents,scarcity,,32.04,en,https://drive.google.com/file/d/1EAEfid6_fHf8U8XCt7E2tFwrN8g9VI0d/view?usp=drivesdk
B-Roll + Voiceover,broll_voice_over-Ad-87-DRMTLGY.mp4,DRMTLGY,Beauty & skincare,39.1,9:16,720x1280,86,132.0,187.8,12,3.07,False,,This is a universal tinted moisturizer SPF 46 from Dermatology.,NOW THAT IT S OFFICIALLY SPRING | NOW THAT IT S OFFICIALLY SPRING | hate how / foundation / ANN WOW,,So you get your sun protection | PEN I / like healthy naturel / skin,,,,en,https://drive.google.com/file/d/1JX9HghYllUWsVI45yXB_ESzjH8FvfWi4/view?usp=drivesdk
B-Roll + Voiceover,broll_voice_over-Ad-88-Gleamin.mp4,Gleamin,Beauty & skincare,27.0,9:16,720x1280,91,202.6,226.2,3,1.11,False,"If you're clay masks, feeling tight and irritated, I've","If you're clay masks, feeling tight and irritated, I've been using this vitamin C clay mask and it's become one of my favorite skin care.",younclayimasks leaves your,,after rinsejityoff my skin just | if you're / dealing with duliness,,,,en,https://drive.google.com/file/d/1w16ps5KeNPM_G1Ov1E1I--SWH97V6H-x/view?usp=drivesdk
B-Roll + Voiceover,broll_voice_over-Ad-89-Oats Overnight-1.mp4,Oats Overnight,Food & beverage,21.7,9:16,720x1280,79,218.5,227.2,19,8.76,False,This is how easy it is to start your day with oats overnight. The hardest,This is how easy it is to start your day with oats overnight.,This is how easy it is | This is how easy it is | berry / The hardest part is deciding,,read to go tomorrow | every day with Oats Overnight,,2.1,,en,https://drive.google.com/file/d/1tMUhqUnNeC5kMlDB5EjWsH0fiep-WOdM/view?usp=drivesdk
B-Roll + Voiceover,broll_voice_over-Ad-9-Javvy.mp4,Javvy,Supplements & wellness,16.4,9:16,720x1280,82,299.3,315.4,7,4.26,False,Peña colada with over 20 grams of protein and 0 grams of sugar because,Peña colada with over 20 grams of protein and 0 grams of sugar because you don't have to give up two treats to hit your summer goals.,biotics | sugar / PROTEIN PINA COLADA / ber electrolytes and prebiotics,We even just put these two flavors in a bundle and it's on sale for a limited time.,ieee,bogo_bundle;scarcity,,13.04,en,https://drive.google.com/file/d/1fM-MxqK2Ucn5oT380cIhW2c0Qu2-_4uG/view?usp=drivesdk
B-Roll + Voiceover,broll_voice_over-Ad-91-Shapermint-1.mp4,Shapermint,Apparel & shapewear,55.9,9:16,720x1280,150,161.1,177.4,49,8.77,False,if you are like me and hate strapless bras that slip down,if you are like me and hate strapless bras that slip down all night.,If you are like me and hate / strapless bras that slip down all ni ht | If you are like me and hate / strapless bras that slip down all night | If you a / re like me and hate / strapless bras that alle down / all night,,anywhere | earl,,,,en,https://drive.google.com/file/d/1qcr20zPqhQfgkB1kqHoVfKJ6UyWogC30/view?usp=drivesdk
B-Roll + Voiceover,broll_voice_over-Ad-92-Bloom Nutrition.mp4,Bloom Nutrition,Supplements & wellness,23.4,9:16,576x1024,63,161.8,173.2,2,0.86,False,What's your go -to caffeine of choice? Mine,What's your go-to caffeine of choice?,,"So today I'm making a strawberry matcha latte using homemade strawberry syrup, oat milk, and Mari's matcha.",,urgency_time,,,en,https://drive.google.com/file/d/1SEep_70-9aZpKeF2zCYXTHNYbZFBxqRQ/view?usp=drivesdk
B-Roll + Voiceover,broll_voice_over-Ad-93-Bloom Nutrition.mp4,Bloom Nutrition,Supplements & wellness,14.1,9:16,576x1024,40,170.0,175.7,9,6.37,False,oi come with me to the gym this was the outfit of the,oi come with me to the gym this was the outfit of the day and i was so excited to try the bloom pre-workout it was honestly super good cheers i even made my brother try it and he approved,mini,oi come with me to the gym this was the outfit of the day and i was so excited to try the bloom pre-workout it was honestly super good cheers i even made my brother try it and he approved,Sect,,6.08,,en,https://drive.google.com/file/d/13_HhW4c8SE-hqSHt3P5aabuWXR8DuCem/view?usp=drivesdk
B-Roll + Voiceover,broll_voice_over-Ad-94-Oats Overnight-1.mp4,Oats Overnight,Food & beverage,17.5,9:16,720x1280,65,223.2,297.7,18,10.3,False,"I spent less than 80 bucks to have most of my breakfast covered this month, and this","I spent less than 80 bucks to have most of my breakfast covered this month, and this is what I got.",pants | Insane Fla,"Save time in the morning while still eating good, and just try it.",,price_anchor,5.04,14.84,en,https://drive.google.com/file/d/1dFrt--3Xdkn1bjyLd7ahUkucjD7ya0-k/view?usp=drivesdk
B-Roll + Voiceover,broll_voice_over-Ad-95-DRMTLGY.mp4,DRMTLGY,Beauty & skincare,50.1,9:16,720x1280,170,203.6,252.1,20,3.99,False,I tried five best -selling tinted sunscreens and this is my favorite.,I tried five best-selling tinted sunscreens and this is my favorite.,I tried 5 best selling tinted / sunscreens and THIS / is my favorite / LAYS | tried 5 best selling tinted / sunscreens and THIS / is my favorite | tried 5 best selling tinted / sunscreens and THIS / is my favorite,,Following For You / THOUSANDS / of 5 star reviews / Bo you know it s legit / tinted moisturizer / Home / Discover / Inbox | Get sunscreen sheer coverage / a moisturizer all in one,,,,en,https://drive.google.com/file/d/1zcYB6CeLjw3cz9-LSwq_6mn_fu-bwsET/view?usp=drivesdk
B-Roll + Voiceover,broll_voice_over-Ad-96-Shapermint-1.mp4,Shapermint,Apparel & shapewear,45.1,9:16,720x1280,151,200.8,238.8,22,4.88,False,This is what wearing the wrong bra shape looks like. Watch what happens,This is what wearing the wrong bra shape looks like.,This is anak wearing the / wrong bra shape looks like | This is what wearing the / wrong bra shape looks like | watch what Happens,"I will never, ever, ever buy bras anywhere else.",hi All a | the perfect bra for yo,,,33.84,en,https://drive.google.com/file/d/1Hpf3dAUnZPSMxL5349ap69Rex-WuF5jk/view?usp=drivesdk
B-Roll + Voiceover,broll_voice_over-Ad-97-Arrae.mp4,Arrae,Supplements & wellness,46.4,9:16,720x1280,94,121.5,209.0,21,4.52,False,"You're putting in the work. You're doing everything right, but",You're putting in the work.,creatine was the / missing piece | creatine was the / missing piece / ou're putting in the work | missing piece / but you're not seeing the / results,,if you re lean | On of you,,,,en,https://drive.google.com/file/d/1zK_KDyh6hs_1x5hz_CytaUnPZdvhVVYo/view?usp=drivesdk
B-Roll + Voiceover,broll_voice_over-Ad-99-Oats Overnight-1.mp4,Oats Overnight,Food & beverage,60.6,9:16,720x1280,205,203.0,217.6,14,2.31,False,Let's pack an order for Kelly from Nebraska. Starting off strong with Mocha,Let's pack an order for Kelly from Nebraska.,flavors wit / Let's pack an order / Tale | flavors with / 20 g protein / for Keli from Nebraska | flavors with / 20 g protein / aver,And we have even more flavors available on our site so give votes overnight a try today and let us know what you think,flavors with / 20 g protein / and we Awa even,urgency_time,57.84,53.92,en,https://drive.google.com/file/d/1ySvxa7ZCECoHPfipaNDneXp1SVkRzYyN/view?usp=drivesdk
Before & After,before_and_after-Ad-1-DRMTLGY.mp4,DRMTLGY,Beauty & skincare,55.5,9:16,720x1280,155,167.6,175.3,3,0.54,False,okay so this is without,okay so this is without any concealer and i have the hereditary dark circles so i've tried everything and anything you can think of but i saw a girl on here promoting the dermatology medical grades skincare but it is not concealer it comes in this little pump it is just a corrector it has spf in it ,Wang | Okay so | this is without any concealer,,Wens / So if you need something light | you'll be good to go,,,,en,https://drive.google.com/file/d/1lkmGmW4HtaYWuhln83LV7bXG6nYclthj/view?usp=drivesdk
Before & After,before_and_after-Ad-11-RYZE Superfoods.mp4,RYZE Superfoods,Supplements & wellness,112.2,9:16,720x1280,261,139.6,148.7,37,3.3,False,"Six months ago versus now. Same person,",Six months ago versus now.,Same person,30 day money back guarantee.,,guarantee,,96.14,en,https://drive.google.com/file/d/1zv2TOXJLgpWqLVJS4OKlxlvUDEeJlVkr/view?usp=drivesdk
Before & After,before_and_after-Ad-13-Oats Overnight.mp4,Oats Overnight,Food & beverage,24.9,9:16,720x1280,82,197.5,223.6,13,5.22,False,"Oats overnight, baby. It's my secret weapon. I'm","Oats overnight, baby.",,"I don't wanna work out today, mama.",ats oats / over / oats / over / night got / oats / night over / night / over / night / nigh / oats / over / Over / night / night 4 / Oats / over / Over / night / oats / over / night,urgency_time,0.0,16.68,en,https://drive.google.com/file/d/1EZ5S5kVKAERaYmVVFakgZAo5FL2QTGP9/view?usp=drivesdk
Before & After,before_and_after-Ad-14-HeyShape.mp4,HeyShape,Apparel & shapewear,9.0,9:16,720x1280,0,0.0,,0,0.0,True,,,bodysuit | Before and after / bodysuit | Before ene after / bodysuit,,Before ene after / bodysuit | bodysuit,,,,en,https://drive.google.com/file/d/1K3wPZ5aViFo4HUJ54gjCO3APy6TuLyFO/view?usp=drivesdk
Before & After,before_and_after-Ad-15-Shapermint-1.mp4,Shapermint,Apparel & shapewear,56.8,9:16,720x1280,149,157.4,170.0,28,4.93,False,The bra you're wearing versus the one that actually erases back bulges.,The bra you're wearing versus the one that actually erases back bulges.,The bra you're wearing vs the one / that actually erases back bulges | The bra you're wearing vs the one / that actually erases back bulges | The bra you're wearing vs the one / that actually erases back bulges,,if you want | SHOP NOW,,,,en,https://drive.google.com/file/d/15X2hWewysmCkz5bQe5W9cISeuaGo26CA/view?usp=drivesdk
Before & After,before_and_after-Ad-16-Lilac St.-1.mp4,Lilac St.,Beauty & skincare,38.5,9:16,720x1280,124,193.2,195.8,17,4.41,False,Let me tell you these lashes aren't going anywhere.,Let me tell you these lashes aren't going anywhere.,Quality You Can't Beat / Others | Others | going anywhere,,we're going to seal the lash | So wispy so cute,,8.16,,en,https://drive.google.com/file/d/1vl5crj20cjxIM_w39lRi32DCHAx4bZ3D/view?usp=drivesdk
Before & After,before_and_after-Ad-17-Accelerating Strength Fitness.mp4,Accelerating Strength Fitness,Supplements & wellness,6.6,9:16,720x1280,0,0.0,,2,3.03,True,,,,,,,,,en,https://drive.google.com/file/d/1Z8Vizo4uCjxbY1M-tjvWNuEkqKYtU0V_/view?usp=drivesdk
Before & After,before_and_after-Ad-18-Jones Road Beauty-1.mp4,Jones Road Beauty,Beauty & skincare,45.5,9:16,720x1280,111,146.2,182.7,24,5.27,False,Moms Who Swore Off Foundation Sticks. This one's for you.,Moms Who Swore Off Foundation Sticks.,Moms Who Swore Off | Moms Who Swore Off,Grab yours at jonesroadbeauty.com.,JONES ROAD / FOUNDATION STICK | JONES ROAD / FOUNDATION STICK / else,,37.9,35.98,en,https://drive.google.com/file/d/1gUdt-n1Rwjgvn85YOUlmCx9rHNJFA6Oi/view?usp=drivesdk
Before & After,before_and_after-Ad-21-Arrae.mp4,Arrae,Supplements & wellness,41.2,9:16,720x1280,48,69.9,283.5,7,1.7,False,,better when I'm consistent with my creatine.,sateen / GIRLS | AWE GUMMIES,I don't have to and I I'm just going to continue to buy this variety pack.,,,,33.76,en,https://drive.google.com/file/d/1DsE5Up5NtJTmAYefKgwAzyxxO3Txiwoe/view?usp=drivesdk
Before & After,before_and_after-Ad-22-BURGA.mp4,BURGA,Travel & accessories,68.5,9:16,720x1280,180,157.6,160.4,54,7.88,False,"Dejé de usar fundas desde que compré un cargador Maxxay,","Dejé de usar fundas desde que compré un cargador Maxxay, no por falta de protección, sino porque casi todas arruinan el Maxxay.",,,BESTSELLER / Teliutle 17 tO Iviak Case Elite / Mirror MagSafe Gunmetal / BESTSELLER / Focus On / Nothing Changes / iPhone 17 Pro Max Case Elite / iPhone 17 Pro Max Case Elite / Mirror MagSafe Gunmetal,,63.9,,es,https://drive.google.com/file/d/1rVN-xoi5lwDRwpQt3_ekuERd1dtrP0zu/view?usp=drivesdk
Before & After,before_and_after-Ad-24-Gleamin.mp4,Gleamin,Beauty & skincare,38.7,9:16,720x1280,162,251.0,255.7,16,4.13,False,desperate need of a good face mask. I have rosacea and,desperate need of a good face mask.,i ia AFTER | I've Besa in desperate need / BEFORE | BERORE AFTER 4,so much product which is so nice after 10 minutes I took it off and oh my my skin was glowing look how much redder my face was before using this mask versus after like literal 10 minute difference you definitely need this mask so click the link for the most glowing skin ever,like literal 10 minute,price_anchor,,34.96,en,https://drive.google.com/file/d/13KX6K1nwsfUsqzkAfLB_TQdt0Qt86wh2/view?usp=drivesdk
Before & After,before_and_after-Ad-26-Mott & Bow-1.mp4,Mott & Bow,Apparel & shapewear,27.8,4:5,720x900,98,211.7,216.8,19,6.84,False,I'm 63 and I've had a flat butt since I,I'm 63 and I've had a flat butt since I was 22 and I've made peace with it but I was tired of jeans that made it look worse.,Gorse / For the guys int / heir 60 's / who have a flat butt OX,,that actually looks good | Race / prey,,11.62,,en,https://drive.google.com/file/d/1jymHkM2F70xITwmUzfae8tQxahqfT-i8/view?usp=drivesdk
Before & After,before_and_after-Ad-28-Jones Road Beauty.mp4,Jones Road Beauty,Beauty & skincare,28.4,4:5,720x900,77,162.7,206.4,18,6.34,False,Hooded eyes finally have a liner and now it comes in two,Hooded eyes finally have a liner and now it comes in two new shades.,Hooded eyes / finally have a liner | Hooded eyes / finally have a liner | And now it comes in / V 2 new shades,Shop the gel liner at JonesRoadBeauty.com.,JONES ROAD / GEL LINER / yous on,bogo_bundle,8.28,19.48,en,https://drive.google.com/file/d/1qy4MpaVr8jS6HACJXg-wvZlxh-QoYk0E/view?usp=drivesdk
Before & After,before_and_after-Ad-29-HeyShape.mp4,HeyShape,Apparel & shapewear,15.7,4:5,720x900,57,217.6,226.8,11,7.0,False,before versus after my lifeboat just kidding my secret,before versus after my lifeboat just kidding my secret is hay shape dresses they have shapewear inside the dress so you just slip it on and you go they even have padding within the bra so you don't even need a bra girl slip it on and you look fabulous head to hay shape.com and shop now,fain | BEFORE,before versus after my lifeboat just kidding my secret is hay shape dresses they have shapewear inside the dress so you just slip it on and you go they even have padding within the bra so you don't even need a bra girl slip it on and you look fabulous head to hay shape.com and shop now,They even have padding / within the bra | lead,,,10.12,en,https://drive.google.com/file/d/176MSte9jv1CgiJigbpqy1rTZcUaFyMwM/view?usp=drivesdk
Before & After,before_and_after-Ad-3-True Classic.mp4,True Classic,Apparel & shapewear,27.7,9:16,720x1280,102,221.2,249.0,8,2.89,False,"Crappy, classy, crappy, classy. Anytime you ever see","Crappy, classy, crappy, classy.",nape,"I like to shop for mine from this brand called True Classic. If you want to look gassed and not ass, I'll drop the link down there so you can top some before they're sold out again.",arts,scarcity,17.24,15.56,en,https://drive.google.com/file/d/1pGjNYTRz0IhlcMtlIqKvB0vMYJQ__kjT/view?usp=drivesdk
Before & After,before_and_after-Ad-30-Mott & Bow-1.mp4,Mott & Bow,Apparel & shapewear,21.9,4:5,720x900,0,0.0,,8,3.66,True,,,well | FORE,,MOTT BOW,,,,en,https://drive.google.com/file/d/1VhU30cVlbDEDS7gzb4tckf56y6-dK7AA/view?usp=drivesdk
Before & After,before_and_after-Ad-31-Brick - Take Back Your Time.mp4,Brick - Take Back Your Time,"Software, apps & info",11.9,9:16,720x1280,0,0.0,,0,0.0,True,,,Brick | YOUR Prone CURRY eco TO,,pare it,,,,en,https://drive.google.com/file/d/10tONOfHeX6vG1KQHjLgbguVoBnZg0KIM/view?usp=drivesdk
Before & After,before_and_after-Ad-35-Gleamin-1.mp4,Gleamin,Beauty & skincare,39.3,9:16,720x1280,174,265.5,276.0,20,5.09,False,I think I just found my new MVP for helping with dark spots. So Gleamon has,I think I just found my new MVP for helping with dark spots.,a Dark Spore / Faded in ON | Dark Spots Faded in ONE Week / found my new MVP | Dark coats / Faded in ONE Week,,Dark Spots Faded in ONE Week 00 | Dark Spots Faded in ONE Week,,,,en,https://drive.google.com/file/d/1faJEP9HvYhG1tKWaxuiWXa5SJ8ETAdZM/view?usp=drivesdk
Before & After,before_and_after-Ad-36-Canva.mp4,Canva,"Software, apps & info",40.6,4:5,720x900,187,276.6,290.1,11,2.71,False,The difference between this raw photo and this ready to post photo is,The difference between this raw photo and this ready to post photo is just a few clicks in Canva.,eves / The easiest before and f / after Il see today | The easiest before and / after you'll see today | Edited / The easiest before / after 7 Il see today aa,,eaten | anva Pro for fees / for free,urgency_time,4.18,,en,https://drive.google.com/file/d/1qWkOJsbULsQ9gBNnIlCiavoZf5x-4u0Y/view?usp=drivesdk
Before & After,before_and_after-Ad-37-DRMTLGY.mp4,DRMTLGY,Beauty & skincare,42.7,9:16,720x1280,109,153.1,155.3,4,0.94,False,"My gosh, I've been doing it all wrong.","My gosh, I've been doing it all wrong.",,It's sold in the TikTok shop. Grab it in the TikTok shop linked below and let me know what you think.,it's sold in the TikTok / linked it below | grab it in the TikTok shop / know what,,,30.76,en,https://drive.google.com/file/d/18IZO_gYSnA0VqKA2JJQxNcQkgrcyEJld/view?usp=drivesdk
Before & After,before_and_after-Ad-38-Motion.mp4,Motion,"Software, apps & info",19.0,9:16,360x640,0,0.0,,0,0.0,True,,,My old planning habits / embarrassing | My old planning habits / embarrassing | BEFORE,,wake up / 7 paper planners / threw out 2 / color coding instead / of doing / STRESSED / brain at 47 tabs / forgetting everything / one change full meltdown / repeat | decision paralysis gone / schedul,,,,en,https://drive.google.com/file/d/1wnwK20wK3XCom_MsdL7tTmVNaihed6C7/view?usp=drivesdk
Before & After,before_and_after-Ad-40-Paige Johnston Fitness.mp4,Paige Johnston Fitness,Supplements & wellness,59.4,9:16,720x1280,89,89.9,170.8,15,2.52,False,But with the exact same in both these,"But with the exact same in both these photos, but in this first photo, I was only focusing on excessive cardio and losing weight.",,,,,,,en,https://drive.google.com/file/d/1chzupW591zAD-_8j8tCCxjhSgvyZyryD/view?usp=drivesdk
Before & After,before_and_after-Ad-41-True Classic.mp4,True Classic,Apparel & shapewear,43.8,9:16,720x1280,108,147.9,169.3,20,4.56,False,your short king will love this big,your short king will love this big brands cut cost by making generic designs that don't fit real body types true classic has a unique design that shows off your muscles with a little wiggle room where you want it goes with everything and is extremely comfortable and i get compliments every time i we,Your short king will LOVE THIS | Your short king will LOVE THIS | Your short king will Ta THIS,Returns and exchanges are so easy you'll never buy a tea from the store again.,ve never looked better | f A SHIRT THAT,price_anchor,7.88,28.22,en,https://drive.google.com/file/d/16mfzH5qmVmiV4zc4Rr8nQgkFwvtogGSt/view?usp=drivesdk
Before & After,before_and_after-Ad-42-Kait Marshall.mp4,Kait Marshall,Supplements & wellness,18.8,9:16,720x1280,1,3.2,71.4,2,1.07,True,You,You,exis Superfood Gummies / tame,,Gruins Superfood Gummies | Gruins Superfood Gummies,,,,en,https://drive.google.com/file/d/17ZCn4gsWRHenfyYZUAoWHEahjpqQvggk/view?usp=drivesdk
Before & After,before_and_after-Ad-44-Savvy Finds.mp4,Savvy Finds,Apparel & shapewear,64.5,4:5,720x900,215,200.0,229.2,27,4.19,False,Styling mistakes every big chested girl should avoid. Fresh,Styling mistakes every big chested girl should avoid.,Styling mistakes every / big chested girl should avoid | Styling mistakes every / big chested girl should avoid | Fresh Clean Threads / Poor 60% / D SUMMER WAREHOUSE SALE,"Don't miss this deal, and grab your fresh clean threads today.",Reviewing / Women's White / Crew Neck / With so many 5 star reviews / from women like me / Up to 60% o / SUMMER WAREHOUSE SALE | Fresh Clean Threads / Up to 60% off / SUMMER WAREHOUSE SALE,percent_off;urgency_time,,57.68,en,https://drive.google.com/file/d/1ndqjde3LoPGs_grRCEVoe_9jB00YLBls/view?usp=drivesdk
Before & After,before_and_after-Ad-45-Loop.mp4,Loop,Travel & accessories,17.4,9:16,720x1280,0,0.0,,1,0.58,True,,,Foam earplugs never / helped with his snoring / so tried this | elped with his / so tried this in | earplug / elped with his / so tried this i,,Loop Dream | Loop Dream / Sleep comfortably on your side / even with your partner snoring / Try Loop Dream,,,,en,https://drive.google.com/file/d/1yd4qr5oaHZHsMyIT8AIg2mOmZOsD2rYD/view?usp=drivesdk
Before & After,before_and_after-Ad-47-Jones Road Beauty-1.mp4,Jones Road Beauty,Beauty & skincare,7.4,9:16,720x1280,0,0.0,,3,4.03,True,,,Coverage that looks like sk / Your Skin Foundation Stic | rage that looks,,rage that looks | Covemiaa that looks like aan,,,,en,https://drive.google.com/file/d/1zGBTZvF4cvTTeCVr4XTTaxE9-u2WPt0a/view?usp=drivesdk
Before & After,before_and_after-Ad-48-Javvy.mp4,Javvy,Supplements & wellness,48.5,9:16,720x1280,106,131.2,228.3,29,5.98,False,This is what happened when I started hitting my protein goals every morning for,This is what happened when I started hitting my protein goals every morning for 30 days.,g protein hack | The easie morning protein hack | The easiest morning protein hack,,,,,,en,https://drive.google.com/file/d/1cMTF1oxUCTlug8dHGhRC9N9pyUC5Nvgo/view?usp=drivesdk
Before & After,before_and_after-Ad-49-Kind Patches-1.mp4,Kind Patches,Supplements & wellness,13.5,9:16,720x1280,0,0.0,,4,2.96,True,,,Society | Society / ve tried everything | Society / everything / eThetcravings will always win / Justiaccept this is your body nowy,,Stopped fighting my cravings / rand started wearing ae | Kind Patches / 30 patches $15 / Buy 2 get 1 free,price_anchor,,,en,https://drive.google.com/file/d/1l4b5Urb_coj46pAMRl18EEV4anlTVEv9/view?usp=drivesdk
Before & After,before_and_after-Ad-5-Shapermint-1.mp4,Shapermint,Apparel & shapewear,45.4,9:16,720x1280,148,195.8,216.5,22,4.85,False,Wrong bra shape on the left. Right shape on the right. Guess which one,Wrong bra shape on the left.,RIGHT BRA | WRONG BRA,"I will never, ever, ever buy bras anywhere else.",What's your biggest issue / with your current bra / Pick as many as you want / Gaping cups / Lack of support / Spillage / Digging straps / Band riding up / Side bulge / Bra lines / Uncomfortable wires,,,32.94,en,https://drive.google.com/file/d/1lfHM7G84-X68XN5DRg0WBSzhzeqh6hx6/view?usp=drivesdk
Before & After,before_and_after-Ad-53-Jones Road Beauty-1.mp4,Jones Road Beauty,Beauty & skincare,9.6,9:16,720x1280,0,0.0,,5,5.19,True,,,Real,,Hay Wises et,,,,en,https://drive.google.com/file/d/1CHJpgnvGH16njIKBL639gIweeNgGAzLj/view?usp=drivesdk
Before & After,before_and_after-Ad-54-SheCurve.mp4,SheCurve,Apparel & shapewear,22.4,9:16,720x1280,82,219.4,248.2,2,0.89,False,"After, before, after, after. After, after. It takes me","After, before, after, after.",Why 12000 ladies / switched to this bra | THE BRA THAT RESTORED CONFIDENCE / IN MY POST | it takes me / his to thi,If your post part of your momma needs a bit of a lift I'll drop it down to the orange card so you can grab yours check out their there other amazing colors too!,while still ft | Flying / cart so you cangrab ee,,,19.24,en,https://drive.google.com/file/d/1ci2i7y523LG9S_TA8nv5WQdTrIlAcUCL/view?usp=drivesdk
Before & After,before_and_after-Ad-55-Jones Road Beauty-1.mp4,Jones Road Beauty,Beauty & skincare,40.2,9:16,720x1280,97,144.8,195.0,18,4.48,False,How to have your best skin day every day. Your skin foundation,How to have your best skin day every day.,How to Haveour Best Skin Day | Have Your Best Skin D,Grab yours at jonesroadbeauty.com.,JONES ROAD / FOUNDATION STICK,,32.8,31.7,en,https://drive.google.com/file/d/1vFKtIbm41hknwZgH0qpGJiDHf87A9BDy/view?usp=drivesdk
Before & After,before_and_after-Ad-57-DRMTLGY.mp4,DRMTLGY,Beauty & skincare,49.8,9:16,720x1280,171,206.1,216.2,13,2.61,False,Tiktok made me try this lazy girl hack for large pores.,Tiktok made me try this lazy girl hack for large pores.,,There's even a 60-day money back guarantee because the brand is that confident in the formula plus look at this huge jar It lasts forever. This was a total game changer and costs less than a bottle of foundation It's blowing up on tiktok so check out the hundreds of five star reviews and snaggers to,bases / Plus look at this huge jar / it lasts forever | MEDICAL / GRADE / SKIN / ANTI AGING / BUNDLES / BEST SELLERS / SKIN / Based on 782 reviews / Amazing / This is one of my favorite products have ,bogo_bundle;guarantee;scarcity;urgency_time,,33.66,en,https://drive.google.com/file/d/1sXnFPZqqVYZhq0pPzsaqlwOF0zLN0jUD/view?usp=drivesdk
Before & After,before_and_after-Ad-58-Jones Road Beauty-1.mp4,Jones Road Beauty,Beauty & skincare,37.5,9:16,720x1280,118,188.9,251.4,21,5.6,False,"On the days that I really don't have time to do anything,","On the days that I really don't have time to do anything, I put this on and instantly I look so much better.",The ultimate makeup hack | The ultimate makeup hack | The ultimate makeup hack,,products | JONES ROAD / MINI MIRACLE BALM,,27.72,,en,https://drive.google.com/file/d/1BB0Hl-lWboAkaUt4W_8r4_eBXZ9Do0Tn/view?usp=drivesdk
Before & After,before_and_after-Ad-59-DRMTLGY-1.mp4,DRMTLGY,Beauty & skincare,173.1,4:5,720x900,452,156.7,164.0,2,0.12,False,I'm about to draw your mind right now with what I'm,I'm about to draw your mind right now with what I'm going to show you.,Quito blow your / mind / going,,like / land peptides,urgency_time,,129.69,en,https://drive.google.com/file/d/1IccPPTnfF_GX_Lk3psf2SQZui0teB4Lz/view?usp=drivesdk
Before & After,before_and_after-Ad-8-Remini - AI Photo Enhancer.mp4,Remini - AI Photo Enhancer,"Software, apps & info",17.3,9:16,720x1280,0,0.0,,2,1.15,True,,,Before / ante | After / many | saw this app that enhances old photos / so tried it on our pic / Before,,Bring memories / back to life / Remini / Download it now,,,,en,https://drive.google.com/file/d/1WTl5Hve97GDdVdscro2e5VefoPtNVSCH/view?usp=drivesdk
Comment Response,comment_response-Ad-1-alecisfresh.mp4,alecisfresh,Food & beverage,41.6,9:16,720x1280,166,239.5,246.5,10,2.4,False,Is there actually a difference between this and mushroom coffee? There is a,Is there actually a difference between this and mushroom coffee?,Reply tojohngates 89 's comment / Is there actually a / difference between this / and mushroom coffee | Reply tojohngates 89 's comment / Is there actually a / difference between this / and mushroom coffee | Reply tojohngates 89 's comment / Is there actually a / difference between this / and mushro,"And right now Mudwater starter kits are 43% off, that's one 30 serving container of the original one, and a free whip frother included with free shipping and your backed by a 30 day money back guarantee. The only problem is these offers are always limited so if you still see it going on down below I",Reply tojohngates 89 's comment / Is there actually a / difference between this / and mushroom coffee | Is there actually a / difference between this / and mushroom coffee / Wot a on 0 g 1 M,percent_off;free_shipping;guarantee;scarcity;urgency_time,,26.94,en,https://drive.google.com/file/d/11UzcjaXevKkyNfo2d0_TkNh-ypbBmQ43/view?usp=drivesdk
Comment Response,comment_response-Ad-10-Alessandra Ciuffo.mp4,Alessandra Ciuffo,Beauty & skincare,36.5,9:16,720x1280,89,146.3,159.8,18,4.93,False,"They tried to mimic the design, but this is just","They tried to mimic the design, but this is just a printed pattern.",Reply to Phil Media's comment / op bought a $25 hex pan / that looks identical | Reply to Phil Media's comment / sp bought a $25 hex pan / that looks identical | Reply to Phil Medi / comment / SD bought a $25 hex pan / that looks identical,,IED BY THIRD PARTY T | TODAY,urgency_time;price_anchor,,,en,https://drive.google.com/file/d/1c5dVq6KVhadzoGRtgsli7yCkfQXTwsIK/view?usp=drivesdk
Comment Response,comment_response-Ad-11-DRMTLGY-1.mp4,DRMTLGY,Beauty & skincare,19.8,9:16,720x1280,0,0.0,,1,0.51,True,,,Shade Medium / 8 Husband noticed / That s how KNOW / this stuff is magic / AND it doesn t settle / into fine lines A / gamer changer for us / mature ladies | Husband noticed / Shade Medium / That s how KNOW / this stuff is magic / AND it doesn t settle / into fine lines A / gamer changer for us / ma,,Shade Medium / 8 Husband noticed 3 / That s how KNOW / this stuff is magic / AND it doesn t settle / into fine lines A / gamer changer for us / mature ladies | Husband noticed / Shade Medium / That s ,,,,en,https://drive.google.com/file/d/1HWrccdKhS0PuOnBUScWP6fMx4TAy6Yb9/view?usp=drivesdk
Comment Response,comment_response-Ad-12-HexClad-1.mp4,HexClad,Home & kitchen,26.8,9:16,720x1280,103,230.5,250.8,5,1.86,False,I've had these for six years. I've had these,I've had these for six years.,Are hexclads really / that good or are / they just that new cuz I / see nothing stuck on / the pan / THESE FOR | comment / Are hexclads really / that good / or are / they just that new cuz / see nothing stuck on / the pan / Zone / I'VE HAD / THESE FOR | comment / Are hexclads really / that good / or,I got these way before the hype and I would buy them again in a heartbeat.,of HYPE AND / Some | WORTH EVERY PENNY,bogo_bundle,,19.88,en,https://drive.google.com/file/d/1OuwHFQRnCT-6vwv35vRF5a8kVLOqpeo3/view?usp=drivesdk
Comment Response,comment_response-Ad-13-harrys.mp4,harrys,Men's grooming,90.1,9:16,720x1280,274,182.4,232.3,8,0.89,False,Two alien sap facial,Two alien sap facial hair?,Do aliens have facialfnain,,Moving to Mars next week Do you / recommend this razor for aliens | don't see why not,urgency_time;price_anchor,,,en,https://drive.google.com/file/d/1af5Pt-JLfVYKrZtixz4eZMQ0s3VOU3hc/view?usp=drivesdk
Comment Response,comment_response-Ad-15-Motion.mp4,Motion,"Software, apps & info",11.1,9:16,720x1280,0,0.0,,2,1.79,True,,,THEM Be careful / entrepreneurship is risky | THEM Be careful / entrepreneurship is risky / sad Ten | THEM Be careful / entrepreneurship is risky,,gram / THEM Be careful / S Refresh all / entrepreneurship is risky / rush hamster / walking pad / milk / meet her ex / O drink milk / Owal walking pad / go to upside down / jokes on them / i got an Al,,,,en,https://drive.google.com/file/d/1StZsM-JqhkDprsrS2vKY9Q_7wF5hriuA/view?usp=drivesdk
Comment Response,comment_response-Ad-16-Comfrt.mp4,Comfrt,Apparel & shapewear,65.7,9:16,720x1280,263,240.1,249.8,11,1.67,False,"No, because why is this the coolest thing ever invented? It might","No, because why is this the coolest thing ever invented?",hoodie | hoodie | hoodie,,hoodie | hoodie,,,,en,https://drive.google.com/file/d/1AY-AZizVsBUV3sPRRh5fh5cMgsWCGvji/view?usp=drivesdk
Comment Response,comment_response-Ad-18-Canva.mp4,Canva,"Software, apps & info",46.0,9:16,720x1280,181,236.0,242.5,23,5.0,False,If I had to pick just one tool to run my entire freelance,"If I had to pick just one tool to run my entire freelance business, what I would pick and why?",1 had to pick / Questions / if you could only keep ONE tool / for your freelance business / what would it be | Canva / run my e / Questions / if you could only keep ONE tool / for your freelance business / what would it be,,itimakes landing them / much easier,,19.5,,en,https://drive.google.com/file/d/1Aue8BIJGy-Q_5mglbSFwVp0ymNwD2rmq/view?usp=drivesdk
Comment Response,comment_response-Ad-19-DRMTLGY-1.mp4,DRMTLGY,Beauty & skincare,24.8,9:16,360x640,79,191.4,193.0,2,0.81,False,stop using concealer and get this dermatology under,stop using concealer and get this dermatology under eye corrector.,Reply to Jennnnz comment / hate concealer too Can / you show us on just one / eye to see the difference | Reply to Jennnnz comment / hate concealer too Can / you show us on just one / eye to see the difference | Reply to Jennnnz' comment / hate concealer too Can / you show us on just one / eye to se,Grab it by clicking here and thank me later.,Reply to Jennnnz comment / I hate concealer too Can / you show us on just one / eye to see the difference / SiS Meant tOpe | Reply to Jennnnz comment / hate concealer too Can / you show us on just one,,,22.36,en,https://drive.google.com/file/d/1BhHbDt2pU2G4CTuQ6jhLrzRkRNOM54O6/view?usp=drivesdk
Comment Response,comment_response-Ad-2-DRMTLGY-1.mp4,DRMTLGY,Beauty & skincare,23.2,9:16,720x1280,6,15.5,146.3,4,1.72,True,"Three, two, one, here we go!","Three, two, one, here we go!",Reply to stuck in fallvibes comment / HELP Lazy girl here and / don t do makeup What do / do for my dark circles / PRuT | Reply to stuck in fallvibes comment / HELP Lazy girlhere and / don t do makeup What do / do for my dark circles | note it s nota Sone / I'm sornyjbutithis stuff / is literally ma,,,,,,en,https://drive.google.com/file/d/13rlgl01BinpxVek2Gvlhc3l0MNX5qqL7/view?usp=drivesdk
Comment Response,comment_response-Ad-20-Mott & Bow-1.mp4,Mott & Bow,Apparel & shapewear,32.0,9:16,720x1280,10,18.8,159.6,17,5.32,True,,"I'm telling you, highly recommend check them out at MottinBow.com.",Give me your 1 / packing hack | Give me your 1 / packing hack,"I'm telling you, highly recommend check them out at MottinBow.com.",Thislis all you need to pack | MOTT BOW,,27.82,24.96,en,https://drive.google.com/file/d/1MgdABMECPJPdRXhaK7ohZPtQJ4XjMNgH/view?usp=drivesdk
Comment Response,comment_response-Ad-22-HeyShape.mp4,HeyShape,Apparel & shapewear,134.4,9:16,720x1280,252,112.5,145.1,3,0.22,False,Alright guys we'll back at it again and,Alright guys we'll back at it again and I'm sick but I'm gonna make this video because I love y'all and I didn't show y'all the truth.,comment / Liar lol show the size of / the jeans before and / after you put the shaper / on lol Do not take them / off Pick up your phone / and show us the size of | comment / Liar lol show the size of / the jeans before and / after you put the shaper / on lol Do not take them / off Pick up your phon,It's on sale.,bias,,,131.72,en,https://drive.google.com/file/d/1U3Fs2Px2m1G3wkJ044I4jCj_s3zPcnRz/view?usp=drivesdk
Comment Response,comment_response-Ad-24-Arrae.mp4,Arrae,Supplements & wellness,26.7,9:16,720x1280,27,60.7,62.1,7,2.62,False,Bum bum bum bum bum bum bum bum bum bum,Bum bum bum bum bum bum bum bum bum bum bum bum bum bum bum bum.,you bulky | you bulky | 3 doesn t creatine make / you bulky / will,,iwayamore defined without / feeling so fidiculously sore | TONE / wears,,,,en,https://drive.google.com/file/d/1xxPRN5-OioqcFvIBvCDr8cy12FJfggB_/view?usp=drivesdk
Comment Response,comment_response-Ad-25-RYZE Superfoods.mp4,RYZE Superfoods,Supplements & wellness,64.0,9:16,720x1280,217,203.5,212.0,11,1.72,False,"Next paycheck, I'm so gonna try this","Next paycheck, I'm so gonna try this Bro, you don't have to wait like literally this is the best time to get rise because they're practically giving away this shit completely for free You get three full-size products completely free the vanilla creamer free the frother completely free This acacia wo",Reply to BrianRy 76 's comment / Next paycheck I'm sooo / gonna try this / Drink UP a | Reply to BrianRy 76 's comment / Next paycheck I'm sooo / gonna try this | Reply to BrianRy 76 's comment / Next paycheck I'm sooo / gonna try this / Seed all,"So if you've been on the fence or you're wanting to wait for your next paycheck or you're telling yourself, well, just grab it next time. Do yourself a favor, click the link below and grab it before it's gone.",to wait / your next paychee | this is next time a a / MUSHROOM COFFEE,percent_off;free_gift;scarcity;urgency_time;price_anchor,,45.42,en,https://drive.google.com/file/d/1PAVaL8FbRD8gbKZQmB_g8xH95raOf4QO/view?usp=drivesdk
Comment Response,comment_response-Ad-28-DRMTLGY-1.mp4,DRMTLGY,Beauty & skincare,40.2,9:16,360x640,103,153.6,214.0,14,3.48,False,Am I the only one that slept on tinted -moisturizers? I'm not talking,Am I the only one that slept on tinted-moisturizers?,Reply to Jennnnz comment / LAZY GIRL HACK use / atinted moisturizer and / skip the foundation | AZY GIRL HACK use / atinted moisturizer and / ship the foundation / J Am the only one that | Reply to Jennnnz comment / LAZY GIRL HACK use / atinted moisturizer and / skip the foundation,,ind your glow | Lamers / healthy natural ski,,,,en,https://drive.google.com/file/d/17ObGigIz1wrxymlFWY4lq_cYwpbcq_Qy/view?usp=drivesdk
Comment Response,comment_response-Ad-29-Oats Overnight.mp4,Oats Overnight,Food & beverage,40.3,9:16,720x1280,146,217.3,238.6,26,6.45,False,"These are carbs and these are also carbs,","These are carbs and these are also carbs, but not all carbs are created equal.",,It could be easy to fall into the trap of all cars are bad but that's simply not the case case since you need the many way choosing complex carbs in moderation like oaths is a great choice give oaths a try today.,,urgency_time,17.02,37.54,en,https://drive.google.com/file/d/1foZGk7E-9jxqOmOk7RmHgWZgzuF7enjk/view?usp=drivesdk
Comment Response,comment_response-Ad-3-Loop.mp4,Loop,Travel & accessories,32.7,9:16,720x1280,148,271.4,294.6,2,0.61,False,"Okay, this is a fair question because I had the exact same fear before I","Okay, this is a fair question because I had the exact same fear before I tried them.",an you still hear your / kids while using Loop / Engage / CLEN this is | can you still hear your / kids while using Loop / Engage | rey can you still hear your / kids while using Loop / Engage,,ever / hing,,,,en,https://drive.google.com/file/d/1aPRtdnmAxWh6zmaiONOcCKeoHiPNqrGk/view?usp=drivesdk
Comment Response,comment_response-Ad-31-Creatively Ash.mp4,Creatively Ash,Travel & accessories,67.0,4:5,720x900,244,218.4,228.9,11,1.64,False,"If you have noise sensitivity issues, do not get these loop earplugs.","If you have noise sensitivity issues, do not get these loop earplugs.",me anxious 9 | Do these actually / work Noise makes / me anxious 9 / NOT get | Do these wetaalhy / work Noise makes / me anxious / these,,more,,,,en,https://drive.google.com/file/d/16EMOm97hSINY3i1MAT4M-JKhZ75jSrX9/view?usp=drivesdk
Comment Response,comment_response-Ad-36-Create Wellness.mp4,Create Wellness,Supplements & wellness,35.6,4:5,540x674,10,16.9,147.8,2,0.56,True,,for extra hydration and for wonderful absorption of that creatine.,Mminterested in how / you feel about / supplement and / results but is it actually / from the creatine / How do you know if / a supplement is real | How do you knowif / real | you feel about / butis it actually / from the creatine / How do you ROW if / ee fe supplement i is real,,Mm interested in how / you feel about creatine / lve been taking this / jent and I do see / the creatine / actually | bass / I'm interested in how / you feel about creatine / lve been taking this / su,,,,en,https://drive.google.com/file/d/1pMHV2phiLrKG38bEX2ME9gRgH7nI5QSS/view?usp=drivesdk
Comment Response,comment_response-Ad-37-SheCurve.mp4,SheCurve,Apparel & shapewear,37.2,9:16,720x1280,108,174.2,213.9,0,0.0,False,"Yes, ma 'am. Look at all these. Y 'all, look at","Yes, ma'am.",Reply to / comment / are they cotton | are they cotton | are they cotton,,Reply to / comment / a are they cotton / hear | Reply to / are they cotton,,,,en,https://drive.google.com/file/d/1sKzJ_xEcbz7D0FpmAUxlUXpB1rS5QfkC/view?usp=drivesdk
Comment Response,comment_response-Ad-4-PetLab Co..mp4,PetLab Co.,Pet,55.3,9:16,720x1280,174,188.9,200.2,23,4.16,False,I wouldn't buy pet lab coat probiotic shoes. They're too expensive.,I wouldn't buy pet lab coat probiotic shoes.,Probiotic Chews they're too expensive / 3% GC Reply / Share | 2 days ago / wouldn't buy PetLabCo 6 s / Probiotic Chews they're too expensive / 3% CO Reply / Share / PALE | 2 days ago / Probiotic Chews they're too expensive / 3% GC Reply / Share,,Wasting money covering up / the pioblem is expensive | Oink,,,,en,https://drive.google.com/file/d/1QR9sAxa2x8jdaONJ1LoBKV1DjjSt4jj6/view?usp=drivesdk
Comment Response,comment_response-Ad-40-PetLab Co..mp4,PetLab Co.,Pet,67.4,9:16,720x1280,232,206.4,213.6,26,3.86,False,"Is chicken making my dog itchy? You probably won't believe me,",Is chicken making my dog itchy?,Reply tomandyson's comment / Is chicken making my / dog itchy | anal / Reply tomandyson's comment / Is chicken making my / dog itchy | Reply tomandyson's comment / Is chicken making my / dog itchy,,parents worldwide,,,,en,https://drive.google.com/file/d/1yPCJ_4h5QKL2QpdKDGEEnUu-rqKCerqr/view?usp=drivesdk
Comment Response,comment_response-Ad-41-Arrae.mp4,Arrae,Supplements & wellness,17.8,9:16,720x1280,50,168.4,182.7,12,6.74,False,"We created the zero bloat cretin for women. First,",We created the zero bloat cretin for women.,Reply to kate in la's comment / don't want to get / bulky bloated / We created the zero bloat | Reply to kate in la's comment / I don't want to get / bulky bloated / We created the zero bloat | 1 5 g pure creatine / Creatine Mon ohydrate 5 g,Get yours before they sell out again.,ring / to target fat loss / while youn Building / lean muscle | 3 best selling flavors / all in ajjuicyygu,scarcity,,15.54,en,https://drive.google.com/file/d/19ltI1IbqiG4nwjgK8VHfIQPzkuyf5eKl/view?usp=drivesdk
Comment Response,comment_response-Ad-43-Savvy Finds.mp4,Savvy Finds,Apparel & shapewear,34.7,1:1,720x720,91,157.3,213.3,26,7.49,False,Frequently ask questions about supply. You know you want the,Frequently ask questions about supply.,SUPPLY / SINGLE EDGE Max RAZOR | SUPPLY / RAZOR / bout 5,,bets,,,,en,https://drive.google.com/file/d/11_6UaZlyNMy_RpxrVIQGOIx-bken-S-f/view?usp=drivesdk
Comment Response,comment_response-Ad-44-Nutrafol-1.mp4,Nutrafol,Supplements & wellness,34.1,9:16,720x1280,103,181.3,215.6,3,0.88,False,You guys have been asking me so many questions about my haircare routine recently the,"You guys have been asking me so many questions about my haircare routine recently the good news is there's no complicated haircare routine I'm very lazy all it is still is neutral if you've been following me for a while I've actually been taking this for 14 months now, and I'm still continuing to se",Luv the hair Please share your recipe for / Plz share your hair care routine keep shining / such healthy hair / Gill let me know the recipe for this hairrrr / Mashaa Allah tips please / What shampoo do you use You should get a / sponsorship for your beautiful hair leave your / Your hair is just gorg,,is to my | OMEN / These statements have not been evaluated by the Food and Drug Administration / This product is not intended to diagnose treat cure or prevent any disease,,,,en,https://drive.google.com/file/d/1MpMAU236G26jycNRQZ1N6yshQ-2_2jK_/view?usp=drivesdk
Comment Response,comment_response-Ad-46-HeyShape.mp4,HeyShape,Apparel & shapewear,56.3,9:16,576x1024,102,108.6,112.1,0,0.0,False,"If you're 180 or 220 pounds, I","If you're 180 or 220 pounds, I went ahead and went with the large so that you can get that snatch-looking, curvy, waisted body.",5 6 and 220 very / curvy what size / would you | 5 6 and 220 very / curvy what size / would you | 5 6 and 220 very / curvy what size / would you,,comment / Looks exactly the / same | Reply to / Looks exactly the / same,urgency_time,,,en,https://drive.google.com/file/d/1z_L40sYGZ6mkG77Yt8srmlW9n41FBeCD/view?usp=drivesdk
Comment Response,comment_response-Ad-47-Oats Overnight.mp4,Oats Overnight,Food & beverage,27.9,9:16,720x1280,101,217.0,235.2,61,21.84,False,How do you guys come up with all of your crazy food? We didn't.,How do you guys come up with all of your crazy food?,q How do you come up with / all the crazy flavors | q How do you come up with / all the crazy flavors | teas / night / Just add milk,,wanna / know,,,,en,https://drive.google.com/file/d/1rftbcWzIZO0DeQtva9B3z5axeODioPae/view?usp=drivesdk
Comment Response,comment_response-Ad-48-Bloom Nutrition.mp4,Bloom Nutrition,Supplements & wellness,47.5,9:16,576x1024,183,231.3,234.7,5,1.05,False,I've gotten a few questions about my skin so let's talk about it.,I've gotten a few questions about my skin so let's talk about it.,nadia 9 / need a skincare routine as 3 P / reply / vied | need | reroutine asap Net / Vial,,,,10.5,,en,https://drive.google.com/file/d/1OiIokjq6BZasoaeLx30LbttAESZFf1kG/view?usp=drivesdk
Comment Response,comment_response-Ad-49-Arrae.mp4,Arrae,Supplements & wellness,9.6,9:16,720x1280,0,0.0,,6,6.27,True,,,Reply to emmadavis 3 's / comment / how is ur stomach so / flat / whenever try / to get defined I just / look bloated | Reply to emmadavis 3 's / comment / how is ur stomach so / flat whenever try / to get defined I just / look bloated | Reply to emmadavis 3 's / comment / how is ur stomach so / fla,,Reply to emmadavis 3 's / comment / how is ur stomach so / flat whenever I try / to get defined I just / look bloated | Reply to emmadavis 3 's / comment / how is ur stomach so / flat whenever I try /,,,,en,https://drive.google.com/file/d/1YSSX7ueof1ijBEMFQwI4_ZcxMB6Bzsyq/view?usp=drivesdk
Comment Response,comment_response-Ad-5-Oats Overnight.mp4,Oats Overnight,Food & beverage,27.6,9:16,720x1280,60,130.2,176.0,6,2.17,False,I'm just not enjoying the flavors. I really think,I'm just not enjoying the flavors.,I m just not enjoying the flavors / really think it s a me thing though | Peat / I m just not enjoying the flavors / really think it s a me thing though | I m just not enjoying the flavors / really think it s a me thing though,,Tastes like cold uncooked / oatmeal | Find out why / 1 000 000 happy customers / disagree,,,,en,https://drive.google.com/file/d/1_EX8hTr029oAp0-Z9kpFSR-yUFS3-xhc/view?usp=drivesdk
Comment Response,comment_response-Ad-50-Oats Overnight.mp4,Oats Overnight,Food & beverage,24.9,9:16,720x1280,22,53.0,91.2,23,9.23,False,,"And in the end, it always comes down to one thing.",flavors like chocolate chip / How do you come up with / cookie dough | How do you come up with / cookie dough / flavors like chocolate chip | How do you come up with / flavors like chocolate chip / cookie dough,Try it out at Odolvernight.com.,Night,,,22.52,en,https://drive.google.com/file/d/1vOxgU08tYjBag90tCXRzh2JR4j69EvCi/view?usp=drivesdk
Comment Response,comment_response-Ad-52-Create Wellness-1.mp4,Create Wellness,Supplements & wellness,44.3,9:16,540x960,0,0.0,,3,0.68,True,,,6 tm interested in hot / u feel about creatine / Te been taking this / supplement and I do see / results but is it actually / from the creatine / How avoid fake or uneate | 6 itm interested in ho / u feel about creatine / Te been taking this / supplement and I do see / results but is it actually / f,,'m interested in how / you feel about cre / ve been taking this / supplement and Ido see / results but is it actually / from the creatine / Take,,,,en,https://drive.google.com/file/d/1kLdWeSWYIniZamSbdkkgPMwsFnAbD6-u/view?usp=drivesdk
Comment Response,comment_response-Ad-54-Oats Overnight.mp4,Oats Overnight,Food & beverage,51.9,9:16,720x1280,214,247.6,270.4,23,4.44,False,So we have a customer reach out and they couldn't decide which flavors they wanted to,So we have a customer reach out and they couldn't decide which flavors they wanted to pick.,Reply to / wanna order but / don t know what to pick | Reply to comment / wanna order but / don t know what to pick / Over / night | Reply to comment / wanna order but / don t know what to pick / on com / add my,"First time subscriptions are automatically 33% off right now if you are interested. If you want to build your own box, head on over to our website and check it out.",Oats / Over / night,percent_off;free_gift;urgency_time,,42.56,en,https://drive.google.com/file/d/1GScP3chl-aOolwDRZQh43joUoOHr4gCf/view?usp=drivesdk
Comment Response,comment_response-Ad-56-Hismile.mp4,Hismile,Beauty & skincare,80.6,9:16,720x1280,263,195.8,212.3,34,4.22,False,When I told people we were making a mouth wash that visibly pulls gunk,When I told people we were making a mouth wash that visibly pulls gunk from your mouth they thought it was a gimmick.,4 Wvy Style / he gunk has to of come from the bottle | wall / Visual depicted is a dramatisation for entertainment purposes only / Ivy Style / the gunk has to of come from the bottle | Drew Posts / load of / no way that works / pales,"We've sold out already, but as of today we might have some stock, so if you get a chance, get it before you get stuck waiting because no one likes some one with bad breath.",,scarcity;urgency_time,,70.8,en,https://drive.google.com/file/d/1OQU_g8vsXGA83AK_VApWj7uXnwu80gp6/view?usp=drivesdk
Comment Response,comment_response-Ad-57-Jones Road Beauty.mp4,Jones Road Beauty,Beauty & skincare,30.1,9:16,720x1280,0,0.0,,6,1.99,True,,,Reply to BeautyAddictAlly's comment / Wait how do you / travel with all of your / makeup TSA stops / me every time / I brought the Makeup Travel Kit / by jonesroadbeauty / and it adfeveryjmakeup / essential / needed | Reply to BeautyAddictAlly's comment / Wait how do you / travel with all of your / ,,Wait how do you / travel with all of your / makeup TSA stops / me every time / I broughtithe Makeup lravel Kit / by jonesroadbeauty / on my spring break trip | Reply to BeautyAddictAlly's comment / Wa,,,,en,https://drive.google.com/file/d/1dSwM4kNNY2lc69QlfxnPdMexPRJDb2wA/view?usp=drivesdk
Comment Response,comment_response-Ad-59-Oats Overnight.mp4,Oats Overnight,Food & beverage,46.1,9:16,720x1280,186,242.2,265.3,30,6.51,False,"Here's what people get wrong about oats overnight. Number one, they assume high sugar",Here's what people get wrong about oats overnight.,Too much sugar / Like Reply Hide,"Now you know, so stay healthy, save some time and enjoy your morning by giving oats overnight a try today.",TRY IT,urgency_time;price_anchor,1.12,43.66,en,https://drive.google.com/file/d/1ovj06e7cTmADD9J4oPrn9V8vM4I-1_-l/view?usp=drivesdk
Comment Response,comment_response-Ad-6-HeyShape.mp4,HeyShape,Apparel & shapewear,39.0,4:5,720x900,120,184.7,240.6,15,3.85,False,"If you're plus size and looking for the perfect shapewear, don't worry","If you're plus size and looking for the perfect shapewear, don't worry babes, I got you.",Reply to Samsworld 41 s comment / WHAT do they put in the / HeyShape bodysuit to / make them fit so perfectly / 5 sized | Reply to Samsworld 41 s comment / WHAT do they put in the / HeyShape bodysuit to / make them fit so perfectly / perfect shapewear | Reply to Samsworld 41 s comment / WHAT do they,Right now buy one hate shaped bodysuit and get one for free.,,bogo_bundle;urgency_time,,34.74,en,https://drive.google.com/file/d/1L-UOmX6hgufkropesnY-U-TzX9fWDS0Q/view?usp=drivesdk
Comment Response,comment_response-Ad-60-PupRing.mp4,PupRing,Travel & accessories,27.1,9:16,720x1280,83,183.7,187.4,14,5.16,False,Husky parents listen up our custom pet face necklaces,Husky parents listen up our custom pet face necklaces use deep laser engraving technology to exactly capture your huskies face Those piercing eyes and dramatic markings actually engrave incredibly well and while we don't paint them blue They look exactly like the photo that you submit You just send ,Reply to li / eyes show up | eyes show up / Husky parents | Reply to lizlizz's comment / eyes show up / Our customspet face / necklaces use deep laser,So don't wait hit the link below all supplies last,Buy One Get One FREE All Products / PENDANTS / Beat / IMAGE / select your favorite / metal finish,bogo_bundle,,21.9,en,https://drive.google.com/file/d/11KBOmFJuCBpOVkAlgYvvFtAEGYLKmb51/view?usp=drivesdk
Comment Response,comment_response-Ad-61-Arrae.mp4,Arrae,Supplements & wellness,17.4,9:16,720x1280,0,0.0,,9,5.18,True,,,Reply to claire foster 's / comment / wait $44 regular / creatine is $15 on / amazon lol | Reply to claire foster 's / comment / wait $44 regular / creatine is $15 on / amazon lol | 1 Snatched waist INSTEAD / of a bloated belly,,The gold standard form / clinically eifective dose | That s why they Peep / selling out,scarcity;price_anchor,,,en,https://drive.google.com/file/d/1wv3PaD0yE0K3FPI9fUOg50SPAitPSiQq/view?usp=drivesdk
Comment Response,comment_response-Ad-62-Oats Overnight.mp4,Oats Overnight,Food & beverage,46.6,9:16,720x1280,187,240.9,259.7,32,6.87,False,"Here's what people get wrong about oats overnight. Number one, they assume there's gluten",Here's what people get wrong about oats overnight.,Gluten free / Like / Reply Hide / Send message,"Now you know, so stay healthy, save some time, and enjoy your morning by giving goats overnight to try today.",A Seed,urgency_time;price_anchor,1.12,45.22,en,https://drive.google.com/file/d/1Wx6Q6noS9-65Zgi8aSEWiN30EQdecZyC/view?usp=drivesdk
Comment Response,comment_response-Ad-63-Loop.mp4,Loop,Travel & accessories,67.0,9:16,720x1280,248,222.0,231.4,14,2.09,False,"If you have noise sensitivity issues, do not get these loop earplugs.","If you have noise sensitivity issues, do not get these loop earplugs.",hing / me anxious i / NOT get | Doth / work Noise makes / me anxious i / NOT get | Do these a ally / work Noise makes / me anxious i / DO NOT ee,,anymore | Stop suffering justwuserthese,,2.66,,en,https://drive.google.com/file/d/1i8YhCxbAU2vXwooPZ29j0czlygkxTKU4/view?usp=drivesdk
Comment Response,comment_response-Ad-64-Oats Overnight.mp4,Oats Overnight,Food & beverage,24.3,9:16,720x1280,0,0.0,,23,9.45,True,,,Reply to comment / So it s just oatmeal | Reply to comment / So it s just oatmeal,,just add milk / Peach Upside / Protein / Down Cake / Gluten / With real fruit maca flax / Free / chia protein and more,,,,en,https://drive.google.com/file/d/14RBdhhfAwRRbQVBE2pUJjAECszS9cxQc/view?usp=drivesdk
Comment Response,comment_response-Ad-65-Bloom Nutrition.mp4,Bloom Nutrition,Supplements & wellness,10.9,9:16,720x1280,1,5.5,103.4,3,2.75,True,You,You,Ask me anything / What's your gym routine / essential / Wife | Ask me anything / What's your gym routine / essential | Ask me anything / What's your gym routine / essential,,Ask me anything / What's your gym routine / essential | onto / Ask me anything / What's your gym routine / essential,,,,en,https://drive.google.com/file/d/1NXfzPWID-eD1zaSW4u_gbsl6xwnsPpst/view?usp=drivesdk
Comment Response,comment_response-Ad-7-Oats Overnight.mp4,Oats Overnight,Food & beverage,22.1,9:16,720x1280,44,119.7,124.3,4,1.81,False,this is not hot oatmeal very misleading,this is not hot oatmeal very misleading one star looks great but i cannot enjoy drinking my breakfast thank you very much it's like eating cardboard but with more steps over one million happy customers disagree but thanks victoria we'll take that into consideration,This is not hot oatmeal / Very misleading 1 star | This is not hot oatmeal / ging 1 star | This is not hot oatmeal,,It s like eating cardboard / but with more steps | Find out why / 1 000 000 happy customers / disagree,,,,en,https://drive.google.com/file/d/1D5jNgjCz6v0LDNWtcWCLvu6AAlVZLcjH/view?usp=drivesdk
Comment Response,comment_response-Ad-8-SheCurve.mp4,SheCurve,Apparel & shapewear,39.6,9:16,720x1280,151,228.6,243.5,0,0.0,False,"This t -shirt bra, it is so incredibly comfortable, super soft and it","This t-shirt bra, it is so incredibly comfortable, super soft and it does not have a wire underneath.",,"This I will, add this one below it's definitely when you want to grab because it is so incredibly comfortable and so versatile.",,,,33.14,en,https://drive.google.com/file/d/1n3Rm8j7qMUKd2zDJAbAwnZEpGw_PfZw0/view?usp=drivesdk
Comment Response,comment_response-Ad-9-DRMTLGY.mp4,DRMTLGY,Beauty & skincare,54.6,9:16,720x1280,181,198.9,202.4,10,1.83,False,This actually works with my mature skin so much better because,"This actually works with my mature skin so much better because it doesn't just like cake over and mask the blue and purple undertones I get under my eyes, it actually corrects them.",8 Mature skin should use / CORRECTORS Concealers / don t work with wrinkles / This actually works | 8 Mature skin should use / CORRECTORS Concealers / don t work with wrinkles / with my mature skin | 8 Mature skin should use / CORRECTORS Concealers / don t work with wrinkles / because it doesn't jus,Go grab them before these little guys sell out.,jand it just makes everything,scarcity,,50.1,en,https://drive.google.com/file/d/1kzpqUJmV4IrrJiejXTQBbucN1_A3vLoW/view?usp=drivesdk
Founder-led,founder_led-Ad-1-FLO.mp4,FLO,Supplements & wellness,51.7,9:16,720x1280,129,149.8,171.0,0,0.0,False,I went to tender metologists and all they could suggest for me,I went to tender metologists and all they could suggest for me was birth control.,acne | weeks / ten dermatologists / Results me / ff specific results | week / and all nef suggest / for me was est control / Result / Of specific results,We offer this 60-day money-back guarantee so that you can try it too completely risk-free.,so that you can try / it too completely risk free | PMS VITAMIN / guarantee of specific results,guarantee,6.4,39.88,en,https://drive.google.com/file/d/16liCp6vp3EkgCp2a7nqfZtb_AWRSW9Ik/view?usp=drivesdk
Founder-led,founder_led-Ad-10-Jones Road Beauty-1.mp4,Jones Road Beauty,Beauty & skincare,30.1,9:16,720x1280,58,115.5,168.6,18,5.97,False,"Very cakey, super dry,","Very cakey, super dry, freezes to my fine lines.",CAKEY | 8 Its so heavy / CAKEY | 2 Leaves my skin feeling DRY / 1 It's so heavy / e Feels like Im wearing a mask,,rages / weir / Seas,,25.24,,en,https://drive.google.com/file/d/1_I2EFJAwwb0Ja_l2HWrUJy2iC1MJvSnx/view?usp=drivesdk
Founder-led,founder_led-Ad-11-Oats Overnight.mp4,Oats Overnight,Food & beverage,46.7,9:16,720x1280,177,227.4,259.2,47,10.06,False,"Once people try oats overnight, they're usually like, oh okay, I","Once people try oats overnight, they're usually like, oh okay, I get it now.",,,FREE SHAKER WITH FIRST ORDER FREE SHIPPING / oats / over / night / Never Get Bored / With new flavors rolling out all the time you'll / actually look forward to breakfast / oats / over / Just add milk,free_shipping;urgency_time;price_anchor,0.8,,en,https://drive.google.com/file/d/177_a8QG7p81L9E1fnROrWmcxR4ZFYB0Z/view?usp=drivesdk
Founder-led,founder_led-Ad-12-Jones Road Beauty.mp4,Jones Road Beauty,Beauty & skincare,45.2,9:16,720x1280,148,196.3,239.6,29,6.41,False,"Mini Miracle Bombs, I'm back. If you haven't heard about Miracle","Mini Miracle Bombs, I'm back.",Mini | Mini / Miracle Balms / are back,,JONES ROAD / MINI MIRACLE BALM | JONES ROAD / MINI MIRACLE BALM,,35.46,,en,https://drive.google.com/file/d/1WiCAsk3BS5K2PPayT_Ne7uzNlkKQcBBS/view?usp=drivesdk
Founder-led,founder_led-Ad-13-Pinsy Shapewear-1.mp4,Pinsy Shapewear,Apparel & shapewear,49.4,9:16,720x1280,183,222.3,231.2,37,7.49,False,"This is what I wear when I'm hot, confident,","This is what I wear when I'm hot, confident, and in control.",,,,,5.32,,en,https://drive.google.com/file/d/1Yp8EF37Oh3-nhrxk-sZZYSYHSAVfK3jc/view?usp=drivesdk
Founder-led,founder_led-Ad-14-sammicohentalks.mp4,sammicohentalks,"Software, apps & info",84.2,9:16,720x1280,339,241.6,271.9,20,2.38,False,"Five years ago, I did something crazy. I started my own company.","Five years ago, I did something crazy.",Forbes / To those / th their life / enter / purpose / met it m / r you to con / STORY | Forbes / To those / th their life / purpose / enter / met it m / r you to con / STORY / how I built my / matcha company | PRODUCT ah ae ON AMAZON / I started my owm company,,Back to Top / CHLOROPHYLL / Add to Cart | Back to Top / and jerything is / Add to Cart,,,54.0,en,https://drive.google.com/file/d/1SDd0qLYIi-72o2_W81OWzIyC1Jf6Rmxg/view?usp=drivesdk
Founder-led,founder_led-Ad-15-HexClad.mp4,HexClad,Home & kitchen,31.7,9:16,720x1280,60,113.5,187.5,20,6.3,False,"I'm Danny Weiner, the CEO and founder of PexClad Cookware.","I'm Danny Weiner, the CEO and founder of PexClad Cookware.",m Danny Winer the CEO | porn / ceo ROUNDER OF HEXCLAD / tm Danny Winer the CEO,,a HEXCLAD,,,,en,https://drive.google.com/file/d/1rZZ7Pb3N9JD3H4b0CPpHwg8D3ioFizY1/view?usp=drivesdk
Founder-led,founder_led-Ad-16-Jones Road Beauty.mp4,Jones Road Beauty,Beauty & skincare,68.8,9:16,720x1280,185,161.4,236.0,58,8.43,False,You've got a lot to say about foundation sticks. I hate,You've got a lot to say about foundation sticks.,ALSO A HATER | ALSO A HATER,,,bogo_bundle;urgency_time,,,en,https://drive.google.com/file/d/1ZBoOlbioVEhmEEBUMQi2aasTTOgic7aa/view?usp=drivesdk
Founder-led,founder_led-Ad-17-The Foldie-1.mp4,The Foldie,Travel & accessories,28.5,4:5,720x900,61,128.5,158.6,18,6.32,False,When we get a review from our customers that it's the,"When we get a review from our customers that it's the last bag they'll ever use, then we know we've kept our promise.",VIEW,Improve your travels today with the Foldy. Click the link and shop now.,,urgency_time,,20.88,en,https://drive.google.com/file/d/18o2oetk0zV1h5B3UOg4WBmw2YxxR3eDO/view?usp=drivesdk
Founder-led,founder_led-Ad-19-Pinsy Shapewear.mp4,Pinsy Shapewear,Apparel & shapewear,60.1,9:16,360x640,193,192.8,208.2,73,12.15,False,I'm the founder of Pinsy Shapewear and I took ugly and,"I'm the founder of Pinsy Shapewear and I took ugly and uncomfortable shapewear and made it stylish, wearable, and made to be seen.",,,BUT BOOSTING / BANDS HOURGLASS / SHAPING,,0.84,,en,https://drive.google.com/file/d/1GT70QNDkdeq8iOuyitL69utmG_votPPD/view?usp=drivesdk
Founder-led,founder_led-Ad-2-Pinsy Shapewear.mp4,Pinsy Shapewear,Apparel & shapewear,31.7,9:16,720x1280,111,210.4,247.4,3,0.95,False,a problem that took me nearly three years to solve. The normal shapewear like,a problem that took me nearly three years to solve.,Reply to pin / Oh my god this is / actually crazy / The problem thaprook me nearly / three yea So solyes | Reply to pin / Q Oh my god this is / actually crazy / The problem thattook me nearly / three years to solve | Q Oh my god this is / actually crazy,,ear Pinsy,,2.46,,en,https://drive.google.com/file/d/1rX386o0mvHDn8878f3rMUUI-zmgF3vfG/view?usp=drivesdk
Founder-led,founder_led-Ad-20-Everyday Dose.mp4,Everyday Dose,Supplements & wellness,113.1,9:16,720x1280,468,248.3,269.2,0,0.0,False,"What's up guys, Jack here, founder of Everyday Dose. I used to be addicted","What's up guys, Jack here, founder of Everyday Dose.",What's up guys,these small steps so that you can achieve your dreams and can achieve your dream job it's partner your goals if you're still watching this it'd be funny if you are it'd be awesome comment below your experiences if you've ever tried everyday dose and if you haven't yeah let me know what What do you t,still watching,urgency_time,1.78,71.28,en,https://drive.google.com/file/d/1NkOzzzzsDvBYnUwmJfhCnbjBJqhAmXSS/view?usp=drivesdk
Founder-led,founder_led-Ad-21-Jones Road Beauty-1.mp4,Jones Road Beauty,Beauty & skincare,20.4,9:16,720x1280,74,217.9,254.9,4,1.96,False,The eyeshadow sticks. You guys are gonna love these. You just put,The eyeshadow sticks.,This fan faverite eyeshadow / is officially launching | This faifaverite eyeshadow / is officially launching | This fan favorite eyeshadow / is officially launching,,It's forest for a / natural liner for people | JONES ROAD / THE EYESHADOW STICK,,,,en,https://drive.google.com/file/d/19gyqTACDLZQ_LWpFmntm5m29wvSIQyfy/view?usp=drivesdk
Founder-led,founder_led-Ad-22-The Foldie.mp4,The Foldie,Travel & accessories,43.9,9:16,720x1280,104,142.0,181.1,36,8.19,False,This is the last travel bag you will ever buy.,This is the last travel bag you will ever buy.,IS THE LAST,Click the link now and start traveling with confidence again.,foldie / THAT EVERYONE COULD US / Leas | AND STAR,,,38.64,en,https://drive.google.com/file/d/11M0PZqfkm0b1TUlBatddq7A6QuEStZQ7/view?usp=drivesdk
Founder-led,founder_led-Ad-3-The Foldie-1.mp4,The Foldie,Travel & accessories,58.2,4:5,720x900,149,153.7,190.1,44,7.56,False,"Most bags that already exist are either impractical,","Most bags that already exist are either impractical, bulky or super heavy.",THAT ALREADY EXIST | IMPRACTICAL,Click the link and shop today.,D SHOP TODAY,urgency_time,,53.9,en,https://drive.google.com/file/d/1qpaTn6lr22NEM2kMBfEiXUYy9F5x0PTn/view?usp=drivesdk
Founder-led,founder_led-Ad-4-Jones Road Beauty.mp4,Jones Road Beauty,Beauty & skincare,36.4,9:16,720x1280,119,196.1,213.4,10,2.75,False,This is a lipstick for people that don't like lipsticks. I think,This is a lipstick for people that don't like lipsticks.,This isa lipstick for people / that don't like lipsticks | This is a lipstick for people / that don't like lipsticks | is different,,thatimade me fall back,urgency_time,,,en,https://drive.google.com/file/d/1Ml7bFN9Qcq_7vaRj2YxEnrDrm0vK7pta/view?usp=drivesdk
Founder-led,founder_led-Ad-5-Alex Hormozi.mp4,Alex Hormozi,"Software, apps & info",47.2,9:16,720x1280,223,283.4,298.9,9,1.91,False,My team just built an internal tool for how we analyze and assess rate,My team just built an internal tool for how we analyze and assess rate limiters in businesses.,VISIT low | MY TEAM JUST / BUILT AN INTERNAL | AND ASSESS RATE / LIMITERS IN BUSINESSES,,ACTUALLY CONFIRM,urgency_time,,,en,https://drive.google.com/file/d/1cjuKRRto2tzLXHNq76j-63dP6kvQLFJ6/view?usp=drivesdk
Founder-led,founder_led-Ad-7-Jones Road Beauty.mp4,Jones Road Beauty,Beauty & skincare,47.3,9:16,720x1280,156,198.0,229.4,22,4.65,False,There's a million reasons why these mini miracle bombs sell,There's a million reasons why these mini miracle bombs sell out every year.,They / every year and / now they re back for good,,JONES ROAD / MINI MIRACLE BALM,scarcity,35.82,,en,https://drive.google.com/file/d/11InJ0titnG_2larzb8zqsEfMtdZP3vhs/view?usp=drivesdk
Founder-led,founder_led-Ad-8-De Lune.mp4,De Lune,Supplements & wellness,54.5,9:16,720x1280,166,182.8,205.6,8,1.47,False,"When I was younger, I had the worst period cramps.","When I was younger, I had the worst period cramps.",YOUNGER,,i IF YOU'RE oe | STRUGGLING / KNOW HOW / IS AND I'M / HERE FOR YOU,,,,en,https://drive.google.com/file/d/1q7GKTTQoJLKsFjjy7caTYP--7Weml2C8/view?usp=drivesdk
Green Screen,green_screen-Ad-1-Oats Overnight.mp4,Oats Overnight,Food & beverage,49.1,9:16,720x1280,149,182.2,196.5,12,2.45,False,We always get asked why it's over night is better than instant meal,"We always get asked why it's over night is better than instant meal or even eggs honestly and a lot of ways let's break the nutrition down together I'll be comparing our drinkable meal shake with a brown sugar generic instant meal and two eggs Oh, it's over night has the same amount in grams of carb",oats / over / night / We We WW 64 281 Reviews / Why not instant / oatmeal or eggs / Never Get Bored / With new flavors rolling out all the time you'll actually / erward to breakfast / Peach | oats / over / night / WWW Wh ir 64 281 Reviews / comment / Why not instant / oatmeal or eggs / Never Get Bor,See for yourself and give votes overnight to try today.,oats / over / night / Never Get Bored / With new flavors rolling out all the time you'll / actually look forward to breakfast / sight / just / Cobbler / than the alternatives | oats / over / night / W,urgency_time,47.6,46.5,en,https://drive.google.com/file/d/1kcHY2gTy8mhJoT6jv9399vBra5k-quJV/view?usp=drivesdk
Green Screen,green_screen-Ad-10-Gleamin-1.mp4,Gleamin,Beauty & skincare,32.0,9:16,720x1280,109,204.7,244.9,14,4.38,False,Take this from a skin therapist. You don't need harsh prescriptions to fade your,Take this from a skin therapist.,The Face Mask / That Skin Therapists Use / Donna Grays | The Face Mask / That Skin Therapists Use / Take this from askin / therapist / Donna Gray | The Face Mask / That Skin Therapists Use / to fade your dark Spots / Skin,,The Face Mask / That Skin Therapists Use / and so even | tor tine long,,,,en,https://drive.google.com/file/d/1fU4-wl-3068hkvslVf8aDlxBGE4u2YM2/view?usp=drivesdk
Green Screen,green_screen-Ad-11-Savvy Finds-1.mp4,Savvy Finds,Apparel & shapewear,44.7,9:16,720x1280,157,210.6,221.2,22,4.92,False,this video but thank goodness I,this video but thank goodness I didn't because this sleep hack totally shook my entire world.,Wines,You just got to check it out for yourself from airwave.com.,,,,40.12,en,https://drive.google.com/file/d/1jRl7I8amTH8J-eYab2ReQ2gDLRHC0EBu/view?usp=drivesdk
Green Screen,green_screen-Ad-12-Mars Men-1.mp4,Mars Men,Supplements & wellness,20.0,9:16,720x1280,62,185.7,205.3,4,2.0,False,"I was kind of at a ceiling, at a plateau of 170","I was kind of at a ceiling, at a plateau of 170 push-ups a day.",WAS KIND OF | CEILING / EPISODE | PUSH UPSA DAY / EPISODE,,MARS MEN boosts your / own T production / OVER THE LAST 30 DAYS | th THE POINT,,5.7,,en,https://drive.google.com/file/d/1HXbcXR_JDcW-rpZQVHGWGU6mJPz1nhBo/view?usp=drivesdk
Green Screen,green_screen-Ad-13-DRMTLGY.mp4,DRMTLGY,Beauty & skincare,22.3,9:16,720x1280,36,97.0,242.2,1,0.45,False,Stop using concealer and get this dermatology under eye corrector,Stop using concealer and get this dermatology under eye corrector instead.,,,,,,,en,https://drive.google.com/file/d/1oFIOX7o211UjjAE7c-b2a3sp0Mmn_dUp/view?usp=drivesdk
Green Screen,green_screen-Ad-14-Caraway-1.mp4,Caraway,Home & kitchen,49.9,9:16,720x1280,183,219.9,223.8,25,5.01,False,Did you know a recent study showed that heating your food for just,Did you know a recent study showed that heating your food for just three minutes in a plastic container could put 4 million micro plastic particles?,a wow / Advanced User Guide / Assessing the Release of / Microplastics and Nanoplastics from / Plastic Containers and Reusable Food / witch to Carawa / Show details / Abstract / This study investigated the / food pouches under diffe / DI water and 3% acetic 4 / aqueous foods and acid / indicated tha,,The storage containers | mont,,12.76,,en,https://drive.google.com/file/d/16cALK5z6hv1a0jZJVtShiDHdEAK9u8A_/view?usp=drivesdk
Green Screen,green_screen-Ad-15-Gleamin.mp4,Gleamin,Beauty & skincare,38.6,9:16,720x1280,129,200.7,214.8,22,5.7,False,The most proven ingredient for fatal hyperpigmentation is,The most proven ingredient for fatal hyperpigmentation is vitamin C.,FADE | FADED,Grab some and don't let your dark spots.,It does WONDERS / for your skin | stopping you from trying,,,36.0,en,https://drive.google.com/file/d/1j6tmGjAshzf2DFw9NSEyb6drnGY1-aU7/view?usp=drivesdk
Green Screen,green_screen-Ad-16-Savvy Finds.mp4,Savvy Finds,Apparel & shapewear,31.5,9:16,720x1280,94,179.1,199.3,15,4.76,False,Struggling to get the mobility equipment you need? Get an advocate on your,Struggling to get the mobility equipment you need?,Make / Getting / easier / eaditoto get the mobility / equipment Jou need / deserve / Covered bv Medicare nationwide | Make / Getting / COVEr age / easier / agrees get the rece / Solace advocate / deserve / Covered bv Medicare nationwide | finding / doctors / patient / advocate / Solace advocates f /,,ing healthcare easier / advocate / eaten / Solace gives you / fits | me opines oe,,,,en,https://drive.google.com/file/d/1KB3IzuQWmv3fdyjxvDriUjJ8JUXXD1p-/view?usp=drivesdk
Green Screen,green_screen-Ad-17-Detox Your Dome-1.mp4,Detox Your Dome,Supplements & wellness,59.1,4:5,720x900,212,215.2,235.6,24,4.06,False,"black, kitschers, or plastic cutting","black, kitschers, or plastic cutting boards.",Your cool black kitchenware / could be slowly poisoning you / study says Here's what to do / Karen Garcia / 4 min read / Mon November 18 2024 at 1217 PM EST | Your cool black kitchenware / could be slowly poisoning you / study says Here's what to do / Karen Garcia / Mon November 18 2024 at 1217 PM E,Shop Cariway today.,made,urgency_time,5.44,57.94,en,https://drive.google.com/file/d/1isEtKW-vvMz6surPiaA2_g7SecFjWyS-/view?usp=drivesdk
Green Screen,green_screen-Ad-18-Gleamin-1.mp4,Gleamin,Beauty & skincare,38.6,9:16,720x1280,131,203.8,216.1,13,3.37,False,The most proven ingredient for fate and hyperpigmentation is,The most proven ingredient for fate and hyperpigmentation is vitamin C.,The most proven ingredient for / fading hyperpigmentation is / Before / After | The most proven ingredient for / fading hyperpigmentation is / Before / After | The most proven ingredient for / fading hyperpigmentation is / Before / After,Grab some and they'll tell you your dark spots.,It does WONDERS / for your Skin | here s nothing / stopping,,,36.0,en,https://drive.google.com/file/d/1vx8ewswY0BDuz8LlA_xCq9MV_tAB10Xv/view?usp=drivesdk
Green Screen,green_screen-Ad-19-Caraway-1.mp4,Caraway,Home & kitchen,57.7,9:16,720x1280,194,201.7,206.5,21,3.64,False,So a recent study found microplastics in the bloodstream of 80,So a recent study found microplastics in the bloodstream of 80% of tested individuals.,Microplastics are uardign / News 9 Switch to Caraway / Environment Climate crisis TM Energy Pollution Gree | Environment Climate crisis Wildlife Energy Pollution Gree / Microplastics are everywhere / Switch to Caraway | Microplastics are everywhere / Switch to Caraway / Plastics / 1 in human / blood,,keeps your meals,,55.68,,en,https://drive.google.com/file/d/1Ih6Ok2-gG8CHe9YzSGqBgCJTq3tFGmGx/view?usp=drivesdk
Green Screen,green_screen-Ad-2-Loop-1.mp4,Loop,Travel & accessories,38.2,9:16,720x1280,130,204.2,211.2,5,1.31,False,Plug in so you know what you want to get because they're not,Plug in so you know what you want to get because they're not all the same thing.,At buys | until you know whichfonelto | fall / because they,gonna be your go-to you get three noise reduction modes in this one pair of earplugs and with every single pair there's customizable ear tips so you can finally perfect fit over 14 million people are already using loop earplugs click the link down below to order yours,loop earplugs / reddot winner 2025 / Loop Switch 2 / Kk KIKI 4 3 7374 Reviews / Color Emerald | didn't experienced many products like these before / but i'm very proud of this product's quality It low,,5.3,35.88,en,https://drive.google.com/file/d/1IBD7XX4fQBkYVdWHAT_T5YAtuoDP0Ggf/view?usp=drivesdk
Green Screen,green_screen-Ad-20-Gleamin-1.mp4,Gleamin,Beauty & skincare,39.3,9:16,720x1280,173,264.0,275.9,21,5.34,False,I think I just found my new MVP for helping with dark spots. So Gleamon has,I think I just found my new MVP for helping with dark spots.,Dark Spots Faded in ONE Week / Ti think i just | Hone,,Dark Spots Faded in ONE Week 00 | Dark Spots Faded in ONE Week / on my,,,,en,https://drive.google.com/file/d/1BWIgLsbuDru4iAxFaJQoiHdZaBg1tqp0/view?usp=drivesdk
Green Screen,green_screen-Ad-21-Mars Men.mp4,Mars Men,Supplements & wellness,49.5,9:16,720x1280,175,212.0,224.1,23,4.64,False,"The biggest issue with TRT is that it creates a dependency cycle. So,",The biggest issue with TRT is that it creates a dependency cycle.,TRT DEPENDENCY | TRT DEPENDENCY | O you miss,"Alright, so go click on the link below and feel the difference for yourself.",helps | suppression or,,27.7,46.22,en,https://drive.google.com/file/d/1DLGqCNRR8gocajt8FX7hy803MhdtHVY5/view?usp=drivesdk
Green Screen,green_screen-Ad-23-Cymbiotika.mp4,Cymbiotika,Supplements & wellness,31.4,9:16,720x1280,103,196.7,204.5,9,2.86,False,"This is what helped me ease my anxiety, stress, and brain fog.","This is what helped me ease my anxiety, stress, and brain fog.",Fade | This is what / helped me | This is what helped me / anxiety / stress / brain fog,Try it today at www.S,Stare / has a / yrocketed no more / mornings lost to anxiety | try today at cymbiotika com,urgency_time,,28.4,en,https://drive.google.com/file/d/1Qwh9RxNBlnR6ZUTZshFbD5DAMIml5oEZ/view?usp=drivesdk
Green Screen,green_screen-Ad-24-Cymbiotika.mp4,Cymbiotika,Supplements & wellness,25.9,9:16,720x1280,82,190.2,208.7,8,3.09,False,This is your sign to stop taking traditional vitamin C and switch,This is your sign to stop taking traditional vitamin C and switch to this.,This / your / sign | switch to this,,now I'm not just looking / better,,,,en,https://drive.google.com/file/d/18F0H8Bi36ZSjnX9b9ZTDllR244Vy_j_f/view?usp=drivesdk
Green Screen,green_screen-Ad-25-Oats Overnight-1.mp4,Oats Overnight,Food & beverage,28.3,4:5,720x900,114,241.6,257.9,3,1.06,False,It has recently came to my attention that a lot of people don't,It has recently came to my attention that a lot of people don't know that you can actually get oatmeal delivered straight to your door.,,,Never Get Bored / With new flavors rolling out all the time you'll / actually look forward to breakfast / Cookie,,6.08,,en,https://drive.google.com/file/d/1nIGTJbT3u9uazIz4mnPG_TDaBCupBlb1/view?usp=drivesdk
Green Screen,green_screen-Ad-26-Loop.mp4,Loop,Travel & accessories,31.8,9:16,720x1280,119,224.3,235.3,5,1.57,False,if you know what these are then you've probably wondered which ones to buy.,if you know what these are then you've probably wondered which ones to buy.,Which ones should / you buy | Which ones should / you buy | Which ones should / you buy,,Loop Dream | Which one is your pick / four / these,,3.82,,en,https://drive.google.com/file/d/16JuOmT0aGhpm2fmahEONYuKzkYbauKDP/view?usp=drivesdk
Green Screen,green_screen-Ad-27-PupRing.mp4,PupRing,Travel & accessories,37.1,9:16,720x1280,110,178.0,251.3,11,2.97,False,If your mom has a dog this is the best Mother's Day gift that,If your mom has a dog this is the best Mother's Day gift that money can buy.,has a dog | POV Your mo | POV Your oat,So if you want to get it in time from Mother's Day the best time to order is going to be right now.,Gift Today Linked below,guarantee;urgency_time,,25.96,en,https://drive.google.com/file/d/1s3jKwwyh7fjVt4i40o9dwmA4lODhjini/view?usp=drivesdk
Green Screen,green_screen-Ad-28-Arrae.mp4,Arrae,Supplements & wellness,35.1,9:16,720x1280,122,208.6,220.3,3,0.85,False,This is how your waist changes depending on your body fat percentage. At,This is how your waist changes depending on your body fat percentage.,How to slim down your waist | How to slim down your waist | FAtES,,so you have / clean energy / This / statement has 9,,,,en,https://drive.google.com/file/d/1sPkro3I7ih2uuxGQanPP3KAdGZ87_Qc5/view?usp=drivesdk
Green Screen,green_screen-Ad-29-Mars Men.mp4,Mars Men,Supplements & wellness,60.9,4:5,720x900,158,155.7,185.1,26,4.27,False,,"Things like stress, processed foods, microplastics, not getting enough sleep, not getting enough sun.",,This stuff actually works otherwise they wouldn't be offering a 90 day money back guarantee.,IT'S A NO BRAINER / YOU TRY IT FOR FREE,guarantee,13.41,52.63,en,https://drive.google.com/file/d/1M1GwX_BsNKAfLASK4v7VRkbjamyfbIne/view?usp=drivesdk
Green Screen,green_screen-Ad-3-Shapermint-1.mp4,Shapermint,Apparel & shapewear,58.9,9:16,720x1280,230,234.4,249.7,14,2.38,False,"I never find bras, shapewear, and this is","I never find bras, shapewear, and this is why.",4 Pin new,"So you could try it for yourself and if it's not for you, just send it back and there's a money back guarantee so there's kind of no reason not to try it.",So you camftnygit yourself / and if jit | so there sikind of / reasonjnotito try it,guarantee;price_anchor,,47.68,en,https://drive.google.com/file/d/1uz_5qznPJ1O1fNrajKqBd6wgKf1e5wgn/view?usp=drivesdk
Green Screen,green_screen-Ad-30-Try Cupids.mp4,Try Cupids,Supplements & wellness,46.0,9:16,720x1280,124,161.6,172.5,13,2.82,False,"You finally built that perfect gigachat jawline,","You finally built that perfect gigachat jawline, but you still have absolutely zero aura in person.",The Gigachad Aura Secret | The Gigachad Aura Secret | The Gigachad Aura Secret / A Generated ce / xo rate Individual results vary,Order Cupid's Hypnosis 3.0 at the link below. It comes with a 30-day money-back guarantee.,,guarantee,30.08,39.84,en,https://drive.google.com/file/d/13fA_14cX3VqUb959E9C_8yb7weE0zyVj/view?usp=drivesdk
Green Screen,green_screen-Ad-31-HeyShape.mp4,HeyShape,Apparel & shapewear,90.9,9:16,720x1280,258,170.4,188.0,12,1.32,False,,"I've actually tried the one from skims before and I didn't love it I'm gonna try with these two pair of pants that are pretty tight on me and then this skirt that is literally Detailed so I have very little hopes that I can actually wear it, but we're gonna find out Okay, as you can see this one's v",Sucked my belly in so much / JEANS TOO EIS ON ME / Alexis / iam going to be liv | Sucked my belly in so much / JEANS TOO EIS ON ME / Alexis / iam going to be livi | suckadl my belly in so much / JEANS TOO EIS ON ME / Try effect h / Alexis / iam going to be liv,,jill,price_anchor,,,en,https://drive.google.com/file/d/1uG_XSoWv618oGMEFThdWzen1hxqOH1bi/view?usp=drivesdk
Green Screen,green_screen-Ad-33-cole_schwartzz.mp4,cole_schwartzz,Supplements & wellness,27.7,9:16,720x1280,95,206.0,227.6,1,0.36,False,"I wish I saw this sooner, but Marsman is now 50","I wish I saw this sooner, but Marsman is now 50% off and this stuff is usually pretty pricey because it's got some super powerful ingredients, tongadagli, shilajit, vitamin D3, taurine, rusted by athletes, and over 400,000 people.",CLAIM YOUR OFFER BOMNOFF $70 FREE GIFTS / MARSMEN / ENERGY BACK LIKE I WAS 21 CAMERON S HIT / GET 50% OFF / Skyrocket / I WISH I / Supercharge / Recommend / Enhance / Amplify / better / now I | CLAIM YOUR OFFER BOMNOFF $70 FREE GIFTS / MARSMEN / ENERGY BACK LIKE I WAS 21 CAMERON S HIT / GET 50% OFF ,"So if you don't wanna pay more later, I'm gonna leave the link down below.",CLAIM YOUR OFFER BORNOFF $70 FREE GIFTS / MARSMEN / ENERGY BACK LIKE I WAS 21 CAMERON S HIT / Made inA / Hormone / OF FREEBIES / Vegan / Third Party / Made in / Tested / ZERO RISK / Try it for 90 days,percent_off;free_shipping;free_gift;guarantee;urgency_time;price_anchor,,26.46,en,https://drive.google.com/file/d/1PlCjcRMLfhDMrcp3x2K7VG-QZMvC7oza/view?usp=drivesdk
Green Screen,green_screen-Ad-34-Mars Men-1.mp4,Mars Men,Supplements & wellness,41.4,9:16,720x1280,129,187.0,199.3,18,4.35,False,My testosterone levels were in the gutter and it showed everywhere.,My testosterone levels were in the gutter and it showed everywhere.,yitestosterone levels were / Blood Work repo | yjtestosterone levels were / testosterone level | My testosterone levels were / inthe gutter and it showed / everywhere,,Matthew v Verified Buyer / tin just / After completing an 841 mile ultra / run across Texas in 17 days / discovered my energy T levels / needed support Mars Men has / been part of my daily routine eve,,12.72,,en,https://drive.google.com/file/d/17smgtNpaPi2U5jiI7Mi18YtOJEIF_xOE/view?usp=drivesdk
Green Screen,green_screen-Ad-4-PupRing.mp4,PupRing,Travel & accessories,34.5,9:16,720x1280,79,137.3,225.5,8,2.32,False,"If your mom has a dog, this is the best Mother's Day gift that","If your mom has a dog, this is the best Mother's Day gift that money can buy.",This / face necklace x | This | Miss your signito get,,,urgency_time,,,en,https://drive.google.com/file/d/1hpvjWvZrG8aTgJHnIo5RdUM8kqoACBCy/view?usp=drivesdk
Green Screen,green_screen-Ad-5-Gleamin-1.mp4,Gleamin,Beauty & skincare,52.5,9:16,720x1280,145,165.8,175.2,15,2.86,False,"Okay so I genuinely can't believe I'm posting about this, but my dark spots","Okay so I genuinely can't believe I'm posting about this, but my dark spots are like actually gone.",My dark spots are / actually gone | My dark spots are / actually gone / genuinely can't / believe I'm | r My dark spots are / actually gone / butymy dark spots,"And honestly, the thing that got me to try it, because I never buy things off ads, was that if it doesn't work in 30 days, you get your money back.",93% see dark spots fade in 30 days / or your money back | So just hopped in,guarantee;price_anchor,,39.84,en,https://drive.google.com/file/d/1XG2oWiUkq8rL2NNQloblQnmwu5V8I8HH/view?usp=drivesdk
Green Screen,green_screen-Ad-6-drculver.mp4,drculver,Supplements & wellness,53.1,9:16,720x1280,167,188.6,195.2,19,3.58,False,One of the most common conversations I have with patients right now is about GLP,One of the most common conversations I have with patients right now is about GLP-1s.,yes there are | alternatives to GLP 1 s / yes there are | yes there are / alternatives to GLP 1 s,,,urgency_time,,,en,https://drive.google.com/file/d/1QQ5DpSa6r2CbMJSfHSyLoel3Lla39-7F/view?usp=drivesdk
Green Screen,green_screen-Ad-8-Ekster.mp4,Ekster,Travel & accessories,11.9,9:16,720x1280,3,15.1,200.0,2,1.68,True,Thanks for watching!,Thanks for watching!,Mellyinglin bed procrastinating / packing fora trip | Mellyinglin bed procrastinating / packing fora trip | my head,,Get yours at ekster com / 100 Days / Money back / guarantee,guarantee,,,en,https://drive.google.com/file/d/1wRVXXWcFzJtSLc4WUf73nBrCn_mZfZMR/view?usp=drivesdk
Green Screen,green_screen-Ad-9-Oats Overnight-1.mp4,Oats Overnight,Food & beverage,54.8,9:16,720x1280,166,181.7,225.3,13,2.37,False,We have over 30 flavors on the website and today we're ranking,We have over 30 flavors on the website and today we're ranking them.,over | oats / over / night / Cookies Cream / 20 g protein 300 cal / 20 g protein 280 cal / Nutrition Label / Nutrition Label / 20 g protein 25 / 30 flavors | 2 Waffles / Banana / Add to Bo / d to Box / we're ranking them / over 2 r,"Or better yet, head to our website in order a box today.",,urgency_time,,50.48,en,https://drive.google.com/file/d/1wz7wzCNSUvRMgwYLkNU2Qf2m_WmHQr55/view?usp=drivesdk
Listicle,listicle-Ad-1-DRMTLGY.mp4,DRMTLGY,Beauty & skincare,59.2,9:16,720x1280,197,199.7,213.7,31,5.24,False,"If you're too lazy to wear makeup every morning, this tinted moisturizer is","If you're too lazy to wear makeup every morning, this tinted moisturizer is for you.",If you re too lazy to we / makeup every morning / this tinted moisturizer / is for you | If you re too lazy to wea / makeup every morning / this tinted moisturizer / hoes / is for you | If you re too lazy to we / makeup every morning / j this tinted moisturizer / is for you,But it's always selling out like crazy so run to their website to get yours before it's too late.,I mean there s a reason / why women / everywhere | So run to their website to / get yours before it s too late,scarcity,,51.34,en,https://drive.google.com/file/d/1-uWpcXl8jR-opBDL-krXNZ90SDzNwgMu/view?usp=drivesdk
Listicle,listicle-Ad-10-Mott & Bow.mp4,Mott & Bow,Apparel & shapewear,72.5,9:16,720x1280,213,176.3,194.5,43,5.93,False,I need you to explain something. Why did the reviews on these pants,I need you to explain something.,a Bro I need you to / explain something | Bro need you to / explain something | ove Why do the reviews / on these pants,travel ready this one sold me travel reviews lightweight wrinkle-free packs clean these are elite travel pants yeah the reviews didn't lie I was gonna buy one the reviews bullied me into three no regrets,Al light weight perfect summer pants / These are elite / travel pants | MOTT BOW / Chino / Tech / BEST DEAL / 3 PACK / PACK / 1 UNIT / 102 EACH / 108 EACH / $134 99 EACH / Color Khaki Black Navy / Wai,bogo_bundle;price_anchor,,62.68,en,https://drive.google.com/file/d/18ipxvyxAW6dU9ZkwgS_ia2-XKtaUhOCd/view?usp=drivesdk
Listicle,listicle-Ad-11-True Classic.mp4,True Classic,Apparel & shapewear,28.4,4:5,720x900,19,40.1,159.7,10,3.52,False,,you need these shirts.,5 Reasons you need / THESE shirts | 5 Reasons you need / THESE shirts | 1 They re designed to be tighter around / your arms chest and shoulders,,,,,,en,https://drive.google.com/file/d/1YB0qEYobzbqwLEhrGdkeGFGAxIuNaAAl/view?usp=drivesdk
Listicle,listicle-Ad-12-Nat Schneider.mp4,Nat Schneider,Supplements & wellness,27.5,9:16,720x1280,113,246.4,273.4,1,0.36,False,"three reasons why you should never ever take the supplement. Number one,",three reasons why you should never ever take the supplement.,ees reasons you / Should NEVER | 3 reasons you / should NEVER,,,,21.02,,en,https://drive.google.com/file/d/1GBF_XLgcYVprgQmfKMNW1tJBNWxjVvrO/view?usp=drivesdk
Listicle,listicle-Ad-14-Bloom Nutrition.mp4,Bloom Nutrition,Supplements & wellness,10.1,9:16,720x1280,0,0.0,,0,0.0,True,,,5 reasons you / NEED these Green | 5 reasons you / NEED these Green / BERRY | 5 reasons you / NEED these Greens / They soothe / Support overall / uncomfortable bloat / gut health / BERRY,,5 reasons you / NEED these Greens / They soothe / Support overall / uncomfortable bloat / gut health / BERRY | 5 reasons you / NEED these Green / They soothe / Support overall / uncomfortable bloat / ,,,,en,https://drive.google.com/file/d/1GIwZ55XjC670icvgvxF2RYSlZiKurGsR/view?usp=drivesdk
Listicle,listicle-Ad-15-Mars Men-1.mp4,Mars Men,Supplements & wellness,70.9,9:16,720x1280,136,115.1,197.5,17,2.4,False,"three different things that helped me lose weight, but none","three different things that helped me lose weight, but none of them actually helped me keep it off and build lean muscle like this other thing.",core LED / NONE OF THEM ACTUALLY / HELPED ME KEEP IT OFF | THINGS THAT / NONE OF THEM ACTUALLY / HELPED ME KEEP IT OFF | WEIGHT BUT / FE LEON DO / 3 DIFFERENT THINGS THAT / HELPED ME LOSE WEIGHT oo / NONE OF THEM ACTUALLY / HELPED ME KEEP IT OFF,In my stomach telling you Mars men changed the game for me with a 90-day money-back guarantee There's no risk literally have nothing to lose aside from your belly fat.,Leon,guarantee,60.78,59.24,en,https://drive.google.com/file/d/1VEP2k-2q5CGowelLiHw60GsNOpu8Epl0/view?usp=drivesdk
Listicle,listicle-Ad-16-Shapermint-1.mp4,Shapermint,Apparel & shapewear,76.2,9:16,720x1280,221,174.0,188.1,24,3.15,False,"Three lies, every strapless bra wearer believes.","Three lies, every strapless bra wearer believes.",3 lies every strapless bra / wearer believes / peed | 3 lies every strapless bra / wearer believes | 3 lies every strapless bra / wearer believes / pare,Shaper Mint will let you test it risk-free.,back,guarantee,,72.48,en,https://drive.google.com/file/d/1gnoldTPSBhvIvDZvbH67kPO0eKmgd83l/view?usp=drivesdk
Listicle,listicle-Ad-17-Shapermint-1.mp4,Shapermint,Apparel & shapewear,57.0,9:16,720x1280,165,173.7,184.6,16,2.81,False,Three reasons this bra is perfect if your current,Three reasons this bra is perfect if your current bra creates back bulges.,4 current bra creates back bulges l s | reasons this brajis PERFECT / current bra creates,So run to Shaper Mint to grab yours before it sells out again.,There's a reason women everywhere / swear by Shapermint's bra | So run to Shapermint / to grab yours,scarcity,,53.0,en,https://drive.google.com/file/d/1A0OqlSQF6AdtH8fB3eGXffvlmGgxiG6U/view?usp=drivesdk
Listicle,listicle-Ad-19-Shapermint-1.mp4,Shapermint,Apparel & shapewear,76.2,9:16,720x1280,98,77.2,168.6,21,2.76,False,,Three signs your bust is losing its lift after 50.,is losing its lift after 50 7 9 / Veep / nite | 3 signs your bust / is losing its lift after 50 | be foe / 3 signs your bust 5 762 / is losing its lift after 50 ee / path,Get yours today.,Younger look,urgency_time,,73.1,en,https://drive.google.com/file/d/14FCm7rIqPCWbPWJsyhyKXVzLg9kfC4wr/view?usp=drivesdk
Listicle,listicle-Ad-2-Gleamin-1.mp4,Gleamin,Beauty & skincare,32.2,9:16,720x1280,104,193.6,204.5,21,6.51,False,three reasons I started using this yellow stuff on my face.,three reasons I started using this yellow stuff on my face.,Three reasons / I started using / this yellow stuff / on my face | Mare,,way cheaper than / hyperpigmentation,price_anchor,,,en,https://drive.google.com/file/d/1vxabAS1rRlIS6lPwiJjcH77hcEyAQHo5/view?usp=drivesdk
Listicle,listicle-Ad-20-True Classic.mp4,True Classic,Apparel & shapewear,73.6,9:16,720x1280,89,72.5,167.7,39,5.3,False,Three reasons single guys hate true classic.,Three reasons single guys hate true classic.,3 Reasons Single Guys / Hate True Classic | 3 Reasons Single Guys / Hate nue Classic | 3 Reasons Single Guys / Hote True Classic,true classic cannot guarantee you a wife.,TRUE CLASSIC / GET UP TO 50% OFF / SELECT PACKS | TRUE CLASSIC / TRY A SHIRT THAT / ACTUALLY FITS,percent_off;guarantee,2.04,59.95,en,https://drive.google.com/file/d/1Qs71CXUToAeG495u4ScazYLA8k8RKfli/view?usp=drivesdk
Listicle,listicle-Ad-21-Wellness For You.mp4,Wellness For You,Supplements & wellness,103.5,9:16,720x1280,281,163.0,168.1,53,5.12,False,3 lies the sports drink industry has been selling,3 lies the sports drink industry has been selling you about hydration.,Biggest LIES about hydration a | Biggest LIES about hydration 0 | Biggest LIES about hydration a,Link is below.,AND STILL FEELING DRAINED / AND DEHYDRATED,,3.02,99.04,en,https://drive.google.com/file/d/1GYYd-4gr0DqfMalYFvmxHH2M-Uy-EUxu/view?usp=drivesdk
Listicle,listicle-Ad-22-Nahum Grottis.mp4,Nahum Grottis,Beauty & skincare,23.5,9:16,720x1280,67,170.9,190.5,7,2.98,False,Three reasons why I put this yellow stuff on my,Three reasons why I put this yellow stuff on my face.,,,,,,,en,https://drive.google.com/file/d/1C77vLxfbedXtvAzkZdLn03FkULUbn7vk/view?usp=drivesdk
Listicle,listicle-Ad-23-The Foldie.mp4,The Foldie,Travel & accessories,50.8,4:5,720x900,140,165.5,180.4,26,5.12,False,Five reasons experienced cruisers never board,Five reasons experienced cruisers never board without a folding.,Meal / SEAS | experienced cruisers / never board / Bees,Take a look at the Foldy before your next cruise and try it risk-free for 60 days.,before your / next cruise | Shop The Foldie,guarantee,,43.84,en,https://drive.google.com/file/d/19CaW6PGE7t77wQljqpxz5sdR9kiS0TET/view?usp=drivesdk
Listicle,listicle-Ad-24-Alessandra Ciuffo.mp4,Alessandra Ciuffo,Beauty & skincare,51.2,9:16,720x1280,127,149.0,161.4,24,4.69,False,Three reasons why Hexclad's 12 piece set is actually,Three reasons why Hexclad's 12 piece set is actually worth the price.,3 THE 12 PIECE SET | THE 12 PIECE SET / 1 S WORTH ey PRICE / anne,Shop now at Hexra.com,,bogo_bundle;urgency_time;price_anchor,,47.2,en,https://drive.google.com/file/d/1TRNeDCt_Ue0ObpKQrMlRdIGJVa_oh6E2/view?usp=drivesdk
Listicle,listicle-Ad-25-Gleamin-1.mp4,Gleamin,Beauty & skincare,41.2,9:16,720x1280,139,202.4,243.4,21,5.1,False,"If you have dark spots from hormones and nothing's touched them, here are three reasons this","If you have dark spots from hormones and nothing's touched them, here are three reasons this mask finally did.",Reasons Why / This face mask finally got rid of my / dark spots from Hormones | 3 Reasons Why / This face mask finally got rid of my / dark spots from Hormones | 3 Reasons Why / This face mask finally got rid of my / dark spots from Hormones / Vitamin / Treatment,,3 86% law after the first mask / 93% see dark spots fade / theirs | 10 minutes Twice a week / Made for you / lathe,,,,en,https://drive.google.com/file/d/1ZaYSdZqSuecw8oxcW5efl07ib3ZFFzvK/view?usp=drivesdk
Listicle,listicle-Ad-26-The Foldie-1.mp4,The Foldie,Travel & accessories,48.5,4:5,720x900,52,64.3,70.7,24,4.94,False,5 situations,"5 situations where bag I grab when life changes suddenly, whether I am visiting family, staying overnight, or packing for a last minute trip.",5 situations | 5 situations | 5 situations / where this 40 L bag / becomes a lifesaver,Take a look at the Foldy and try it risk-free for 60 days.,folds into / its ownlittle pouch | try it risk / 97 60 days,guarantee,,30.0,en,https://drive.google.com/file/d/1f8Qrh9WYV9IflRvUgaqYqWI0vfAeejKZ/view?usp=drivesdk
Listicle,listicle-Ad-27-The Foldie.mp4,The Foldie,Travel & accessories,45.9,4:5,720x900,135,176.5,201.7,30,6.54,False,Three ways this bag saves you money every time you,Three ways this bag saves you money every time you travel.,a 3 ways THIS BAG / Saves you money bos | 3 ways THIS BAG / saves you money,Take a look at the Foldy and try it risk-free for 60 days.,Take a look at The Foldie P | Shop The Foldie,guarantee,,39.52,en,https://drive.google.com/file/d/1JPEWk9L7aNmqVuWMJRa-Qb7B0HnsNfI-/view?usp=drivesdk
Listicle,listicle-Ad-28-Shapermint-1.mp4,Shapermint,Apparel & shapewear,77.6,9:16,720x1280,225,173.9,182.5,26,3.35,False,Three outfits I couldn't wear until I stopped believing,Three outfits I couldn't wear until I stopped believing these lies about strapless bras.,3 outfits couldn't wear until stopped / believing these lies / about strapless bras | 3 outfits couldn't wear until stopped / believing these lies about strapless bras | 3 outfits couldn't wear until stopped / believing these lies apart stuaptss bras,the uncomfortable strapless bras I kept buying and returning actually cost me more stop lying to yourself look I was the biggest skeptic at that wedding shaper mint will let you test it risk-free if I'm wrong send it back,ants / acres | Shaper,guarantee,,73.66,en,https://drive.google.com/file/d/1-JX3wuZ0RqJWyd-mGyFWe2FNefdFpPT3/view?usp=drivesdk
Listicle,listicle-Ad-29-Shapermint.mp4,Shapermint,Apparel & shapewear,76.2,4:5,720x900,137,107.8,171.5,26,3.41,False,,All three are wrong side boning that keep it in place so instead of rolling down every time I move my arms it actually stayed put real movement dancing reaching bending my bra at hour 10 felt like hour one I thought something was wrong lie number three comfortable strapless bras don't support you th,3 lies every strapless bra / wearer believes | 3 lies every strapless bra / wearer believes | 3 lies every strapless bra / wearer believes,Shaper Mint will let you test it risk-free.,vane / ail a,guarantee,,72.5,en,https://drive.google.com/file/d/1_7FzCS6u63-Pwx32R9B2w4ho9LjSZUjO/view?usp=drivesdk
Listicle,listicle-Ad-30-Onnit.mp4,Onnit,Supplements & wellness,58.4,3:4,720x960,200,205.4,219.5,53,9.07,False,Six reasons Total Human from Onnet is the last supplement system you'll,Six reasons Total Human from Onnet is the last supplement system you'll ever need because it doesn't add to your stack.,,Try Total Human today and find out why.,REORDER | Rate,urgency_time,,54.4,en,https://drive.google.com/file/d/1VruQLJ0WnDWiWcx4MhQQdwUT6VymFq0a/view?usp=drivesdk
Listicle,listicle-Ad-31-The Foldie.mp4,The Foldie,Travel & accessories,57.3,9:16,720x1280,192,201.0,233.6,28,4.88,False,Four reasons the Foldy is not a normal cross -body bag.,Four reasons the Foldy is not a normal cross-body bag.,4 Reasons The Foldie Is Not / A Normal Crossbody Bag | Meany / 4 Reasons The Foldie Is Not / an A Normal Crossbody Bag,"I'd grab your favorite color while it's still available. Some of our most popular colors sell out fast, and once they're gone, it could be a while before they're back.",sell out fast | Shop The Foldie,scarcity,,46.0,en,https://drive.google.com/file/d/1Uy-0sXZ9H4haB0skTDsTLvAASchUQiRD/view?usp=drivesdk
Listicle,listicle-Ad-32-Nahum Grottis.mp4,Nahum Grottis,Beauty & skincare,28.4,9:16,720x1280,85,179.3,197.2,12,4.22,False,Here is why this weird yellow mask actually,Here is why this weird yellow mask actually works.,ACTUALLY,,WAIT | MASK,,,,en,https://drive.google.com/file/d/1WCC469aQYVEtii_qlJcnVqFUO_e0OusL/view?usp=drivesdk
Listicle,listicle-Ad-33-Loop-1.mp4,Loop,Travel & accessories,10.1,4:5,720x900,0,0.0,,0,0.0,True,,,3 reasons you / should get the / Festival Bundle,,3 reasons you / should get the / Festival Bundle | 3 reasons you / should get the / Festival Bundle,bogo_bundle,,,en,https://drive.google.com/file/d/1So6eBHV1UQ68HZvW_bZupbRjjjQfd8CY/view?usp=drivesdk
Listicle,listicle-Ad-35-Oats Overnight.mp4,Oats Overnight,Food & beverage,31.1,9:16,720x1280,122,235.5,254.5,33,10.62,False,"Okay, do not buy oats overnight until you hear this. Number","Okay, do not buy oats overnight until you hear this.",Do not buy Oats Overnight | oats / over / night / SHOP / BUILD A BOX / Roll / SUBSCRIBE / ABOUT US / REVIEWS / Based on 57 051 / 1 You do not need a coupon / code on your first order / cover,Try Oats Overnight today and you'll understand.,5 They get shipped for / free directly to your house | TRY Ai,percent_off;promo_code;guarantee;urgency_time;price_anchor,1.08,28.4,en,https://drive.google.com/file/d/1dM4YHgLsByBkTdpnbrhMjwejVl-j_BCY/view?usp=drivesdk
Listicle,listicle-Ad-38-The Foldie-1.mp4,The Foldie,Travel & accessories,54.9,4:5,720x900,159,173.9,192.9,17,3.1,False,Three reasons the Foldy is the bag I would never cruise,Three reasons the Foldy is the bag I would never cruise without.,3 Reasons The Foldie is ae bag | 3 Reasons The Foldie is the bag L | 3 Reasons The Foldie is the bag / would never cruise without,Take a look at the Foldy before you're next-to-one and try it risk-free for 60 days.,that makes the whole cruise / feel easier | and try it risk free for 60 days,guarantee,,48.82,en,https://drive.google.com/file/d/1c18qZ58dYemBQxkJVFIIyOEAV0HmwY-2/view?usp=drivesdk
Listicle,listicle-Ad-39-The Ridge.mp4,The Ridge,Travel & accessories,33.8,9:16,720x1280,116,206.0,279.3,24,7.1,False,Three reasons why this is the only ring I wear at work.,Three reasons why this is the only ring I wear at work.,the ONLY RING wear at work | the ONLY RING wear at work,,,percent_off;free_shipping;free_gift;guarantee;scarcity,7.6,16.92,en,https://drive.google.com/file/d/14Orp4DAKMgewdVFn42xEwgJaNqLgHnJb/view?usp=drivesdk
Listicle,listicle-Ad-4-Drink BRĒZ.mp4,Drink BRĒZ,Supplements & wellness,43.3,9:16,720x1280,60,83.1,190.9,17,3.93,False,Three reasons why I drink breeze instead of alcohol. For,Three reasons why I drink breeze instead of alcohol.,THREE REASONS | FOR STARTERS,,SACRIFICE | BOTH WORLDS,,1.04,,en,https://drive.google.com/file/d/1eYCZ2oNxZZVeC_T6HqJwnKptR2rZLYMm/view?usp=drivesdk
Listicle,listicle-Ad-40-Shapermint-1.mp4,Shapermint,Apparel & shapewear,77.1,9:16,720x1280,139,108.2,172.2,25,3.24,False,"Three reasons your strapless bra keeps sliding down,","Three reasons your strapless bra keeps sliding down, and it's not your body.",3 reasons your strapless bra / keeps sliding down,,WAND 9 / Rare / Serge,,,,en,https://drive.google.com/file/d/1lGsF_iIO8n896pApMfbxxpafCp7kZs_K/view?usp=drivesdk
Listicle,listicle-Ad-41-RYZE Superfoods.mp4,RYZE Superfoods,Supplements & wellness,45.8,9:16,720x1280,146,191.5,221.9,26,5.68,False,"Three things that make you ugly. Loaded stomach, puffy face,",Three things that make you ugly.,THINGS | PUFFY FACE,"Rises on sale right now, plus they have a 30-day money-back guarantee in case it's not for you. Link's right here.",Mushroom Coffee / 30 Servings / HAVE TAN / 30 Day Guarantee / FREE US Shipping / FREE Mush Magnet / Spoor / FREE Spoon Scoop / $0 90 Per Serving / G $36 Refill Ships in 30 Days | MUSHROOM COFFEE,guarantee;urgency_time;price_anchor,,38.18,en,https://drive.google.com/file/d/1vMQVo42QXAy4GzSXKr9hHV3Hxe-RJRgY/view?usp=drivesdk
Listicle,listicle-Ad-42-Cymbiotika.mp4,Cymbiotika,Supplements & wellness,21.4,9:16,720x1280,74,207.0,216.0,11,5.13,False,Here are three reasons why magnesium l -3 -nate is my favorite,Here are three reasons why magnesium l-3-nate is my favorite supplement.,3 reasons why | faye / 3 reasons why / Magnesium L Threonate is my,it needs to go to boost my brain health.,,,,,en,https://drive.google.com/file/d/10rK-aVCTewGXJX_jkJPdEVvaMT3TQZYe/view?usp=drivesdk
Listicle,listicle-Ad-43-Shapermint-1.mp4,Shapermint,Apparel & shapewear,76.2,9:16,720x1280,219,172.4,177.8,24,3.15,False,Three signs your strapless bra is the problem not your dress,Three signs your strapless bra is the problem not your dress Lie number one breast tape fixes slippage.,,Shaper Mint will let you test it risk-free.,pele,guarantee,,72.46,en,https://drive.google.com/file/d/13D2lF_3NU3kICqwPCagH1UUOEfderfsw/view?usp=drivesdk
Listicle,listicle-Ad-44-RYZE Superfoods.mp4,RYZE Superfoods,Supplements & wellness,100.5,9:16,720x1280,343,204.7,221.0,37,3.68,False,"If you wake up with a Memorial Day belly, you're probably one of these four","If you wake up with a Memorial Day belly, you're probably one of these four types of people.",Dj With a emorial Day belly / Paid partnership | ofthese 4 types,"Oh, not to mention, it works with any tight that you are because Rye supports your body from the inside out and it comes with a 30 day money back guarantee. So if you're tired of waking up with that heavy, puffy feeling, click the link below, grab a bag for yourself and try it out.",So ifjyoure tired / MUSHROOM COFFEE | MUSHROOM COFFEE / and tryfit out,guarantee,,92.68,en,https://drive.google.com/file/d/1MBY9k-urqqGYdSIhARjC5vo_zTZ9F6QE/view?usp=drivesdk
Listicle,listicle-Ad-45-Dore & Rose.mp4,Dore & Rose,Beauty & skincare,7.3,9:16,720x1280,0,0.0,,0,0.0,True,,,Say Goodbye to Dark Circles | Say Goodbye to Dark Circles / the Easy Way / Soft and Comfortable / Stimulates Collagen / 100% Light Blocking / Meise REM Sleep,,Say Goodbye to Dark Circles / the Easy Way / Soft and Comfortable / Stimulates Collagen / 100% Light Blocking / Meise REM Sleep | Say Goodbye to Dark Circles / the Easy Way / Soft and Comfortable / St,,,,en,https://drive.google.com/file/d/10g9_MocRYrpOpjxj0P-vz5n0zP5sZdhR/view?usp=drivesdk
Listicle,listicle-Ad-46-The Ridge.mp4,The Ridge,Travel & accessories,33.0,4:5,720x900,125,227.1,243.7,25,7.57,False,"Here are three reasons guys hate wedding rings. They can be uncomfortable,",Here are three reasons guys hate wedding rings.,3 reasons guys HATE / their wedding ring | 3 reasons guys HATE pel / their wedding ring,Get yours at Ridge.com.,,bogo_bundle,23.5,31.64,en,https://drive.google.com/file/d/1AzVUxdyc3lbShPHDi6gxIaWTWbQFe6kC/view?usp=drivesdk
Listicle,listicle-Ad-47-naturaltopviews.mp4,naturaltopviews,Supplements & wellness,46.2,9:16,720x1280,0,0.0,,8,1.73,True,,,6 Warning Signs / You're Ina MENOPAUSE / I Yes it s real | You're Ina MENOPAUSES | Warning Signs / Yesit's real 1,,Shilajit / Support / For Men / Taurine / Boron / 150 Capsules / All the nutrients every man / needs in every capsule | Get es Today i / My 68 year old da / takes / this daily V,urgency_time,,,en,https://drive.google.com/file/d/1Dyz85bMitqIvlHADI3AeH0bPInh5I0Jz/view?usp=drivesdk
Listicle,listicle-Ad-49-Onnit.mp4,Onnit,Supplements & wellness,58.0,9:16,720x1280,198,204.8,217.5,50,8.62,False,6 ways total human from on it fixes what every other supplement,6 ways total human from on it fixes what every other supplement ignores and most people don't feel the difference- until it's gone.,,Try Total Human today and find out why.,TOTAL / weer / RUNS | TOTAL HUMAN / Complete Supplement Packs / TOTAL HUMAN / Packs / UNLOCK PEAK / PERFORMANCE AT / These statements have not been evaluated by the Food and Drug Administration / This,urgency_time,,55.64,en,https://drive.google.com/file/d/1FNB5IBdINCFDtQKSD3PgXFbXbWr87tl6/view?usp=drivesdk
Listicle,listicle-Ad-5-Mott & Bow.mp4,Mott & Bow,Apparel & shapewear,25.0,9:16,604x1080,27,64.9,186.6,12,4.81,False,This is why you should get Ma and Bao jeans. Number,This is why you should get Ma and Bao jeans.,THIS | 4 You'll never be,,for premium jeans | Atty / ORE THAN,,,,en,https://drive.google.com/file/d/1gjlDr0UoRvpg9KuTVoH8cwVO8I_8zP44/view?usp=drivesdk
Listicle,listicle-Ad-50-Dr. Squatch.mp4,Dr. Squatch,Men's grooming,42.8,9:16,720x1280,100,140.3,201.1,12,2.81,False,Three reasons this body wash makes me go wild for my BF.,Three reasons this body wash makes me go wild for my BF.,body wash makes me / go wild for mysBE,,all day with these | TURAL BODY WASH / BOURBON / See which scent / is right for you,,25.7,,en,https://drive.google.com/file/d/1mx9pySmiqV3LRSO6zoMaQRTVRihsU0ie/view?usp=drivesdk
Listicle,listicle-Ad-51-Shapermint-1.mp4,Shapermint,Apparel & shapewear,78.0,9:16,720x1280,218,167.8,179.2,24,3.08,False,Every strapless bra wearer believes these three things,Every strapless bra wearer believes these three things about strapless bras.,Every strapless bra wearer believes / these 3 things about strapless bras | Every strapless bra wearer believes / these 3 things about sepe bras | Every strapless bra wearer believes / these 3 things abou / t strapless bras,Shaper Mint will let you test it risk-free.,Stoplying to yourself | sift,guarantee,,74.22,en,https://drive.google.com/file/d/1gaqwjd-utXes-tlldtXqRGHpKoAI-TBI/view?usp=drivesdk
Listicle,listicle-Ad-53-The Foldie-1.mp4,The Foldie,Travel & accessories,74.7,9:16,720x1280,218,175.2,185.9,26,3.48,False,What makes the Foldy Crossbody safe? It's not just one thing.,What makes the Foldy Crossbody safe?,ride | a ail,Tap below to get yours today.,jill / Valuables,urgency_time,28.1,37.9,en,https://drive.google.com/file/d/1JEumV6WOq-HZXrL8OPODs1e4WJ8QzH-v/view?usp=drivesdk
Listicle,listicle-Ad-55-Happy Mammoth.mp4,Happy Mammoth,Supplements & wellness,43.7,4:5,720x900,0,0.0,,15,3.43,True,,,3 signs that answer this,,I've have lost inches / without skipping / dinners and fasting / Jennifer | Get it now and get / a second shot at youth / HORMONE HARMONY / HORMONE HARMONY,,,,en,https://drive.google.com/file/d/1SFGqTO_jrddh4ltKQ49urxGa0ZXiUeB3/view?usp=drivesdk
Listicle,listicle-Ad-56-Bloom Nutrition.mp4,Bloom Nutrition,Supplements & wellness,8.2,9:16,720x1280,0,0.0,,5,6.14,True,,,GAFFEINE CRASHES FOR GOOD,,SAY GOODBY ETO / NO JITTERS,,,,en,https://drive.google.com/file/d/1gS2JUI5cYZd0eUhhif0GmsHgYQjn1IF0/view?usp=drivesdk
Listicle,listicle-Ad-57-Mott & Bow.mp4,Mott & Bow,Apparel & shapewear,31.2,9:16,720x1280,78,149.9,171.1,19,6.08,False,Three reasons buying denim should feel smart and why Mott,Three reasons buying denim should feel smart and why Mott & Bough gets it right.,reasons | and why Mott Bow,,,price_anchor,2.96,,en,https://drive.google.com/file/d/1vht7YpE_bnB2AF3-hnehWO9KipvlLyh7/view?usp=drivesdk
Listicle,listicle-Ad-58-DRMTLGY.mp4,DRMTLGY,Beauty & skincare,73.4,9:16,720x1280,228,186.4,222.9,20,2.72,False,"Did you know these three things cause dark circles? One,",Did you know these three things cause dark circles?,Did you know these 3 things / call / se dark circles | Did you know these 3 things / cause dark circles,"It's blowing up on TikTok, so check out the hundreds of five-star reviews and snag yours today before they sell out for the sixth time.",And snag yours today before / they sell out for ee | GRADE SKIN CARE / Visibly improve dark circles / puffiness fine lines in 10 minutes / DERMATOLOGIST / FRAGRANCE / SULFATE / RECOMMENDED / FREE / FR,guarantee;scarcity;urgency_time;price_anchor,,49.5,en,https://drive.google.com/file/d/1xam0F2UQ5Og6XwX3eT8eu6c6-l9kaNyG/view?usp=drivesdk
Listicle,listicle-Ad-59-Purdy & Figg.mp4,Purdy & Figg,Home & kitchen,51.1,4:5,720x900,150,176.0,191.5,34,6.65,False,Four ways to impress new guests coming round this summer.,Four ways to impress new guests coming round this summer.,Toimpress new guests,Get yours before it sells out.,ve to be,scarcity,7.7,48.8,en,https://drive.google.com/file/d/12lsBmMRcV7RN9l3t6zEaMZtt9jXvG84h/view?usp=drivesdk
Listicle,listicle-Ad-6-Shapermint-1.mp4,Shapermint,Apparel & shapewear,76.8,9:16,720x1280,205,160.2,177.6,21,2.74,False,Three signs your bust is asking for a bra built for after 50.,Three signs your bust is asking for a bra built for after 50.,3 signs your bust is asking / bra built for after 50 / fora | 3 signs your bust is asking / for a bra built for after oe | gns your bust is asking / for a br / a built for after 50,Get yours today.,Younger look,urgency_time,,73.68,en,https://drive.google.com/file/d/1XA6Nb9Yno3GM2f9aE9AQhcd7sxn8lSEk/view?usp=drivesdk
Listicle,listicle-Ad-60-Bloom Nutrition.mp4,Bloom Nutrition,Supplements & wellness,9.8,1:1,720x720,0,0.0,,3,3.08,True,,,you can Mtiovonicine / SOuR Gummy / servings cal | you can Kissicaifeine / pre workout / high energy / SOUR GUMMY | you can kiss catfeimey / crashes goodbye,,you can kiss catfeimey / crashes goodbye | kiss Caffeine / crash / enhance / performance,,,,en,https://drive.google.com/file/d/1vpGfM7KRccIHcTmfqNXSf7gSKWKEwsY3/view?usp=drivesdk
Listicle,listicle-Ad-62-The Oodie.mp4,The Oodie,Apparel & shapewear,17.2,4:5,720x900,27,94.0,152.5,4,2.32,False,Three reasons why I love my ootie.,Three reasons why I love my ootie.,MY Cont,Shop now and save.,Stop now save,,,13.76,en,https://drive.google.com/file/d/1_GOQpYyPp8-U4Sec0oWTJE8UoXl-xVpP/view?usp=drivesdk
Listicle,listicle-Ad-65-Nick Walker Fitness.mp4,Nick Walker Fitness,Supplements & wellness,42.1,9:16,720x1280,125,178.0,182.9,0,0.0,False,three things that I travel with every,three things that I travel with every time I go on a trip Put them in a little baggy.,,,,,,,en,https://drive.google.com/file/d/1-D1-SfZ9ZsVFaFv3VTqT12wQjoLraRb2/view?usp=drivesdk
Listicle,listicle-Ad-66-Gleamin-1.mp4,Gleamin,Beauty & skincare,32.2,9:16,720x1280,102,189.9,221.7,24,7.45,False,3.,3.,Three reasons | I started using | on my face,,way cheaper than / hyperpigmentation,price_anchor,,,en,https://drive.google.com/file/d/17Qy4wNJJ42Smx6VHP2TbUKEV5qtNZir0/view?usp=drivesdk
Listicle,listicle-Ad-67-Shapermint-1.mp4,Shapermint,Apparel & shapewear,57.7,9:16,720x1280,154,160.1,165.2,16,2.77,False,Three reasons this bra is changing the game,Three reasons this bra is changing the game for women tired of back bulges.,3 reasons this ibralisjchanging theygame / for women tired | 3 reasons thi this brajis changing the game / i for women,"And it's always running out of stock, so run to Shaper Mint to grab yours before it sells out again.",There's a reason women everywhere / swear by Shapermint's bra | GET YOURS NOW,scarcity,,51.74,en,https://drive.google.com/file/d/1rVleXDaVSNUbihZ07DivyNSy2wfDw11k/view?usp=drivesdk
Listicle,listicle-Ad-68-Mott & Bow.mp4,Mott & Bow,Apparel & shapewear,71.8,9:16,720x1280,207,172.9,192.2,48,6.68,False,That's her fault. She read one review and bought me these,That's her fault.,That's her fault | She read one review and / bought me these pants / Great / Is and looks g,"Yeah, the reviews didn't lie I was gonna buy one the reviews bullied me into three no regrets",No regrets,bogo_bundle;price_anchor,,66.43,en,https://drive.google.com/file/d/17i6nZjk_Nt_R6mcxhlIrwugc61jvmxIo/view?usp=drivesdk
Listicle,listicle-Ad-7-dukelavis_.mp4,dukelavis_,Other/unclassified,28.7,9:16,720x1280,0,0.0,,9,3.14,True,,,Ol WARNING SIGNS | 6 WARNING SIGNS | NGS JUST AREN'T / THE SAME ANYMORE,,HEALTH Y TESTOSTERONE / IN AGING MEN V 9 / Testosterone / Support / For Men | WITH SUPPORT FOR / RECOVERY,,,,en,https://drive.google.com/file/d/1p7C9nshiOvzrhlMjNCF1MTfjDOlnH42m/view?usp=drivesdk
Listicle,listicle-Ad-71-Cymbiotika.mp4,Cymbiotika,Supplements & wellness,34.4,9:16,720x1280,79,137.7,151.1,14,4.07,False,"First, level","First, level up skincare routine with symbiotica's healthy glow.",Ways to / the year offgstrom | Up Your Skincare rountine,,pores VERDE,,,,en,https://drive.google.com/file/d/1n7sC9I-xNC2SyafLvh3-fQjwOzxpL31G/view?usp=drivesdk
Listicle,listicle-Ad-73-Shapermint-1.mp4,Shapermint,Apparel & shapewear,77.0,9:16,720x1280,198,154.2,169.3,21,2.73,False,"Three signs it's time to retire your old bra. After 50,",Three signs it's time to retire your old bra.,3 signs it's time to / retire your old bra | 3 signs it's time to / retire your old bra | Patter 50,Get yours today.,Younger look,urgency_time,,73.94,en,https://drive.google.com/file/d/1u2JAKGKeuaWLrqUaOYS8SBSwtXwF7zxc/view?usp=drivesdk
Listicle,listicle-Ad-75-Purdy & Figg.mp4,Purdy & Figg,Home & kitchen,53.8,9:16,720x1280,156,174.0,213.9,15,2.79,False,Here's three tips to help you get your home ready for guests.,Here's three tips to help you get your home ready for guests.,Three tipstoyget your / home ready fi | Three tips toyget your / home ready fon guests,,that,percent_off;free_gift;urgency_time,19.15,,en,https://drive.google.com/file/d/1Tqhjnb5AZZLWjaR4qOmb6h3XBE4wz73T/view?usp=drivesdk
Listicle,listicle-Ad-8-Shapermint-1.mp4,Shapermint,Apparel & shapewear,57.0,9:16,720x1280,149,156.8,170.0,17,2.98,False,Three reasons this wireless bra is the secret,Three reasons this wireless bra is the secret to smoothing back bulges.,,So run to Shaper Mint to grab yours before it sells out again.,There's a reason women everywhere / swear by Shapermint's bra | So run to Shapermint / to grab yours,scarcity,,53.06,en,https://drive.google.com/file/d/1pMcGvLv4x9tkG6NrdzTleDuJn6LmBxkR/view?usp=drivesdk
Live Reaction,live_reaction-Ad-1-Oats Overnight-1.mp4,Oats Overnight,Food & beverage,63.5,9:16,720x1280,127,119.9,298.4,42,6.61,False,My buddy never eats breakfast and he always complains about,My buddy never eats breakfast and he always complains about how tired he is today.,,,Min a / from,urgency_time,9.06,,en,https://drive.google.com/file/d/1dM_WmO37pLHpOjYcuPJDbpy7o5DvI5H9/view?usp=drivesdk
Live Reaction,live_reaction-Ad-10-DRMTLGY.mp4,DRMTLGY,Beauty & skincare,89.5,9:16,720x1280,285,191.2,212.8,33,3.69,False,Mom what the heck are these? I don't know they don't do nothing for,Mom what the heck are these?,what the heck | they don't de / nothing for me,,,urgency_time,,65.44,en,https://drive.google.com/file/d/1h5HiZ6pf-NvjCeBnwXxQLcYrEcUev05f/view?usp=drivesdk
Live Reaction,live_reaction-Ad-11-DRMTLGY-1.mp4,DRMTLGY,Beauty & skincare,37.4,9:16,720x1280,101,162.0,197.0,3,0.8,False,Am I the only one who hasn't figured out a makeup,Am I the only one who hasn't figured out a makeup routine?,Am the only one who | hoop / a makeup routine,,makeup person,,,,en,https://drive.google.com/file/d/1DQ7hfS4jRcTCrfQuRiVyQN5k_hnyU6ue/view?usp=drivesdk
Live Reaction,live_reaction-Ad-12-its.andrewpaul.mp4,its.andrewpaul,Supplements & wellness,111.0,9:16,720x1280,362,195.7,199.3,8,0.72,False,"If your ADHD brain runs on coffee like mine did, watch","If your ADHD brain runs on coffee like mine did, watch this.",,Where you get a free frother the 30-day 10 all of that with a 30-day money back guarantee So if it isn't a good fit for your daily routine like it has been for mine and you can just send it back So click on the link and try mud water.,MIND / MONT,percent_off;guarantee;urgency_time,,91.02,en,https://drive.google.com/file/d/1X2euPRcWIDWvtI7Am9IfzMCXpAWYM-Fl/view?usp=drivesdk
Live Reaction,live_reaction-Ad-13-HeyShape.mp4,HeyShape,Apparel & shapewear,113.2,9:16,720x1280,323,171.2,259.4,29,2.56,False,What is this? You weren't,What is this?,My husband found my / shapewear / what did you just say | My husband found my / shapewear / what did you just say | You weren't supposedito / see that yet,,,,,63.82,en,https://drive.google.com/file/d/13UR2xtkfUa-X4Zugo9bcfxmLUGyFTn1m/view?usp=drivesdk
Live Reaction,live_reaction-Ad-14-Arrae.mp4,Arrae,Supplements & wellness,56.2,9:16,720x1280,145,154.8,162.0,11,1.96,False,They created this to help over one million women lose weight,They created this to help over one million women lose weight naturally.,They created this to help 1 M / bball lose weight naturally | They created this to help 1 M ee / women lose weight naturally / for metabolism / hormone,,Start Your MB 1 / Journey Today,urgency_time,,,en,https://drive.google.com/file/d/1CUFKa8Jf67H9CvBn62V36b_rYX9gd7CO/view?usp=drivesdk
Live Reaction,live_reaction-Ad-2-HeyShape.mp4,HeyShape,Apparel & shapewear,16.4,9:16,720x1280,41,150.1,182.5,2,1.22,False,Remember the body suit I showed you?,Remember the body suit I showed you?,,,Le lifted and not to mention it's | 0 nice and really really soft you j,,,,en,https://drive.google.com/file/d/1IImFbDed4apPuOnuRUsVXFFSBNsIWXre/view?usp=drivesdk
Live Reaction,live_reaction-Ad-3-HeyShape.mp4,HeyShape,Apparel & shapewear,44.7,4:5,720x900,141,189.3,250.7,14,3.13,False,I just got these new shapewear bodysuits from Hay Shape and,"I just got these new shapewear bodysuits from Hay Shape and they're pretty tiny, so I'm gonna show my boyfriend and see his reaction.",et got the / from | and they,"They're having a bo-go sale right now, should I get some more?",,urgency_time,,33.46,en,https://drive.google.com/file/d/10Uk_pyZAgdhkOzdr_gKTIR3Vco0adXxl/view?usp=drivesdk
Live Reaction,live_reaction-Ad-4-HeyShape.mp4,HeyShape,Apparel & shapewear,61.1,9:16,720x1280,167,163.9,230.8,10,1.64,False,I'm gonna stay and try it on him! It's not gonna fit! Sit,I'm gonna stay and try it on him!,My hushand's reaction to / me wearing shapewear / okay we're gonna give / sgam a try on haul | My hushand's reaction to / me wearing shapewear / okay we're gonna give / Sama try on haul | My hushand's reaction to / me wearing shapewear / sit down,oh so we gotta order the whole website I got a little part two going now how the heck are you gonna get this off April that is like you need get some scissors that's what I'm saying I'm gonna use some scissors.,low howsthejhecktare you / gonna get ithisloff babel for / real,urgency_time,,48.64,en,https://drive.google.com/file/d/1KbwCHMDQm1eZ2zu8Hw5kmA8FC00Bg-1D/view?usp=drivesdk
Live Reaction,live_reaction-Ad-5-Arrae.mp4,Arrae,Supplements & wellness,34.7,9:16,720x1280,95,164.1,176.3,8,2.3,False,"I gained so much weight to, I wanted to a point I wanted to start taking ozambic.","I gained so much weight to, I wanted to a point I wanted to start taking ozambic.",efore you go on the / shot consider this / Iigained so much weight | efore you go on the / shot consider this / Iigained so much weight | efore you go on the / shot consider this / to the oan wanted to start,,probiotics,,,,en,https://drive.google.com/file/d/1MknSFhc3aF3znmxvz4f6EpfQX8qIQ-mH/view?usp=drivesdk
Live Reaction,live_reaction-Ad-6-Oats Overnight-1.mp4,Oats Overnight,Food & beverage,47.9,9:16,720x1280,17,21.3,197.7,39,8.14,False,Breakfast sometimes doesn't really happen. It's usually my kid's leftovers.,Breakfast sometimes doesn't really happen.,Real Moms taste / for the first time / Oats Overnight / Breakfast i | aver / Real Moms taste / Oats Overnight / for the first time / doesn't really happen | Real Moms / taste / Oats Overnight / for the first tim / kid's leftovers,,They're super practical | If you want to,,,,en,https://drive.google.com/file/d/1qPalQ0ajiRuLbCIz1qZfyoeKx6U83rQZ/view?usp=drivesdk
Live Reaction,live_reaction-Ad-7-The Foldie-1.mp4,The Foldie,Travel & accessories,44.0,9:16,720x1280,120,163.5,216.0,6,1.36,False,These are amazing. So this is the foldy. It's approved by over 150,These are amazing.,SPACE SAVING TRAVEL HACKS / FITLY SOFT WATER BOTTLE $9 99 | Bier | BUY ONE GET ONE FREE / THE FOLDIE TRAVEL BAG $79 95,And now they're having a promotion you can buy one free Under $80 right now so good.,BUY ONE GET ONE FREE / THE FOLDIE TRAVEL BAG $79 95 | Shop The Foldie / BUY ONE GET ONE FREE / THE FOLDIE Use BAG $79 95 / TODAY,bogo_bundle;urgency_time;price_anchor,,31.02,en,https://drive.google.com/file/d/10MXOryOmGEtVQwsqBJOvtmPrI0Ztqp9e/view?usp=drivesdk
Live Reaction,live_reaction-Ad-8-DRMTLGY.mp4,DRMTLGY,Beauty & skincare,84.7,9:16,720x1280,225,159.5,183.8,35,4.13,False,I am so tired of my dark circles so I,I am so tired of my dark circles so I have been using these for months now and as you can see it's not working for me.,tam SO / ed of my dark circles | I am SO tired of my dark circles h | nd as you can see,,eye masks,urgency_time,,57.66,en,https://drive.google.com/file/d/1CRpIyFS4tLuoQcYYL-tXIU5nocdqOGrq/view?usp=drivesdk
Live Reaction,live_reaction-Ad-9-Oats Overnight.mp4,Oats Overnight,Food & beverage,59.0,1:1,640x640,117,119.0,227.8,35,5.93,False,"Oh, that's so good. That's delicious. Oh,","Oh, that's so good.",,,,,7.65,43.82,en,https://drive.google.com/file/d/1XpPdWLTzZwdGZMbbs7WxblTKDcfbqebr/view?usp=drivesdk
Motion Graphics,motion_graphics_-Ad-1-Bloom Nutrition.mp4,Bloom Nutrition,Supplements & wellness,10.1,9:16,720x1280,0,0.0,,1,0.99,True,,,Strawberry / Kiwi Greens / loom | Strawberry / Kiwi Greens / loom,,,,,,en,https://drive.google.com/file/d/1CPpqjgPZkk3cYfXhinCfjeaQzLK-gkw0/view?usp=drivesdk
Motion Graphics,motion_graphics_-Ad-10-Bloom Nutrition-1.mp4,Bloom Nutrition,Supplements & wellness,7.7,9:16,720x1280,0,0.0,,0,0.0,True,,,GET $20 OFF / The duo that / ain it all / natural energy / immunity / bloat relief / Bloom / inane / Collagen peptides / Bloom | GET $20 OFF / The duo that / it all / immunity / bloat relief / Bloom / Collagen peptides / Bloom | GET $20 OFF / The duo that / it all / immunity / bloat relief / hair gr,,GET $20 OFF / The duo that / it all / immunity / bloat relief / hair growth / Bloom / Collagen peptides / Bloom | GET $20 OFF / he duo that / cloes it all / bloat relief / hair growth / regularity / B,price_anchor,,,en,https://drive.google.com/file/d/128rlZ_B4NlNKZQ57dReNgV1SXQ1np9pk/view?usp=drivesdk
Motion Graphics,motion_graphics_-Ad-11-Bloom Nutrition.mp4,Bloom Nutrition,Supplements & wellness,10.1,9:16,720x1280,0,0.0,,0,0.0,True,,,fore / That's the best thing spend money for fr / More / Bloom Nutrition is my fav ee | Bloom / OUR GREENS ARE DELICIOUS AF / jus Ask ere / DON T MISS OUT | Just Ask TikTok / serena / DON T MISS OUT,,Just Ask TikTok / serena / DON T MISS OUT | Bloom / OUR GREENS ARE DELICIOUS AF / us ae The / DON T MISS OUT,,,,en,https://drive.google.com/file/d/1KCcr8SHEaf8oOh4r84eNik_Vp2sBWHta/view?usp=drivesdk
Motion Graphics,motion_graphics_-Ad-12-Bloom Nutrition.mp4,Bloom Nutrition,Supplements & wellness,6.1,9:16,720x1280,1,9.8,78.9,0,0.0,True,You,You,Our 1 selling protein / boom / Shop Now | Our 1 selling protein / Shop Now | Our 1 selling protein / Bloom / Shop Now,,Our 1 selling protein / Bloom / Shop Now | Our 1 selling protein / Bloom / Shop Now,,,,en,https://drive.google.com/file/d/1uSLGKs5TdO6eInD7AA4YjF6pFAG8OOIF/view?usp=drivesdk
Motion Graphics,motion_graphics_-Ad-2-Seed-1.mp4,Seed,Supplements & wellness,38.9,9:16,720x1280,107,165.0,200.6,12,3.08,False,,"This is DSO1 Daily Symbiotic, a 2-in-ing 1 probiotic and prebiotic that helps you poop more and bloat less.",Want to Beat Bloat / Start 5 | Want to Beat Bloat / Start at the Source / DS 01 Daily Synbiotic is clinically shown / to reduce bloating / Clinically shown to reduce bloating gas,,DS 01 actually targets the root | Get 25% Off DS 01 Free Gift / health / SPINS / Target Sales data last 24 weeks ending Jan / PREBIOTIC SUPPLEMENT / 30 DAY SUPPLY,percent_off;free_gift,,,en,https://drive.google.com/file/d/1oC58Whj3J0oY2zjQayHcPkHOxvyd7XnY/view?usp=drivesdk
Motion Graphics,motion_graphics_-Ad-3-Bloom Nutrition.mp4,Bloom Nutrition,Supplements & wellness,7.5,9:16,720x1280,0,0.0,,0,0.0,True,,,amazon loves Bloom Greens / Blog | amazon loves Bloom Greens / My gut / been bets / These / Free | amazon loves Bloom Greens / Blog,,amazon loves Bloom Greens / Blog | amazon loves Bloom Greens / This has be / e best for my gut health / jessica / The BEST tasting Greens I've ever had / Blog / Chad,,,,en,https://drive.google.com/file/d/1mK7Z9urShSiE7l3gbiiiQYUmBx2xD-j5/view?usp=drivesdk
Motion Graphics,motion_graphics_-Ad-4-BURGA.mp4,BURGA,Travel & accessories,9.0,9:16,720x1280,0,0.0,,0,0.0,True,,,,,,,,,en,https://drive.google.com/file/d/1CpSuNbPFY-xBzuad3FO8VjPemf0KbLDH/view?usp=drivesdk
Motion Graphics,motion_graphics_-Ad-5-Seed.mp4,Seed,Supplements & wellness,29.3,4:5,720x900,71,145.3,154.5,16,5.46,False,"Struggling with regularity? Time to try SEED's DS01,",Struggling with regularity?,Seed,Start DS01 today!,Get Regular / These statements have not been evaluated by the Food and Drug Administration / This product is not intended to diagnose treat cure or prevent any disease,urgency_time,2.34,22.4,en,https://drive.google.com/file/d/14FPs9njqUssanKGBf0gwR0cI0N870ud3/view?usp=drivesdk
Motion Graphics,motion_graphics_-Ad-6-Bloom Nutrition.mp4,Bloom Nutrition,Supplements & wellness,8.1,9:16,720x1280,0,0.0,,0,0.0,True,,,For a boost of energy without jitters or anxiety | For a boost of energy without jitters or anxiety / 100% pure | For a boost of energy without jitters or anxiety / 100% pure / matcha powder,,For a boost of energy without jitters or anxiety / 100% pure / matcha powder | For a boost of energy without jitters or anxiety / 100% pure / matcha powder,,,,en,https://drive.google.com/file/d/1NeOO-zOTGzu0j6xgxrD3HDrOOyeDqja4/view?usp=drivesdk
Motion Graphics,motion_graphics_-Ad-7-Bloom Nutrition.mp4,Bloom Nutrition,Supplements & wellness,11.1,9:16,720x1280,0,0.0,,0,0.0,True,,,Bloom | HOTTEST / Greens / Bloom / greens | WHY WE,,WHY WE / LOVE / GREENS / Fights Bloat / fe Tastes Delicious / SD Supports Gut Health | Bloom / ENJOY / with water smoothie or / your juice of choice,,,,en,https://drive.google.com/file/d/1OJWYoAIk_v56R7AWNPdOyjweEus0IGL1/view?usp=drivesdk
Motion Graphics,motion_graphics_-Ad-8-Bloom Nutrition-1.mp4,Bloom Nutrition,Supplements & wellness,3.9,9:16,720x1280,0,0.0,,0,0.0,True,,,SAY HELLO TO / Health / cycle support made simple / Bloom / health / come / hormone health / DETOX / BALANCE / Supports liver function / Promotes menstrual health / detoxification / eases PMS symptoms | SAY HELLO TO / Health / cycle support made simple / 0 Bloom / Bloom / hormone health / DETOX / BA,,SAY HELLO TO / Health / cycle support made simple / 0 Bloom / Bloom / hormone health / DETOX / BALANCE / Supports liver function / Promotes menstrual health / detoxification / eases PMS symptoms | SAY,,,,en,https://drive.google.com/file/d/1Ffz8upK3v7L-1to9eEwF_dFYSTs3PA6k/view?usp=drivesdk
Motion Graphics,motion_graphics_-Ad-9-Bloom Nutrition.mp4,Bloom Nutrition,Supplements & wellness,8.1,9:16,720x1280,0,0.0,,0,0.0,True,,,NOT YOUR AVERAGE / Bloom / Tone / 8 LoaTINGs IMMUNITY / delicious flavor / Smooth texture | NOT YOUR AVERAGE / Smooth tex / delicious 5 egy | NOT YOUR AVERAGE / Greens / Bloom / Superfoods / delicious flavor,,NOT YOUR AVERAGE / Greens / Bloom / Superfoods / delicious flavor | NOT YOUR AVERAGE / Tone / 8 LoaTINGs IMMUNITY / delicious flavor,,,,en,https://drive.google.com/file/d/1suSsOgqZ33YpsT1aAUOtcKK9Ph__67xQ/view?usp=drivesdk
Myth Bust,myth_busting-Ad-1-RYZE Superfoods.mp4,RYZE Superfoods,Supplements & wellness,89.5,9:16,720x1280,306,205.0,226.6,44,4.91,False,"If you are finding clumps of hair in your hairbrush, your body may","If you are finding clumps of hair in your hairbrush, your body may be under more stress than you think.",finding | clumps on | your body,You can try it completely with free for 30 days so you have nothing to lose. Tap the link below to grab it while it's still 40% off.,nutty | aoe wan 131188 Review / FREE Mush Magnet / FREE Spoon Scoop / or so ye,percent_off,,82.5,en,https://drive.google.com/file/d/1Goo1YptbJwmzCXsY0sJTLqvDP1C1wciq/view?usp=drivesdk
Myth Bust,myth_busting-Ad-2-David Protein-1.mp4,David Protein,Supplements & wellness,25.0,9:16,720x1280,71,170.1,208.2,3,1.2,False,"Stop wasting your calories. Please, I've I've been on the lookout for",Stop wasting your calories.,Stop,,its not,,3.28,,en,https://drive.google.com/file/d/1pGkFwgz89lz74CKjsyrzIcQMyX3j_9P9/view?usp=drivesdk
Myth Bust,myth_busting-Ad-3-Seed.mp4,Seed,Supplements & wellness,49.1,9:16,720x1280,114,139.2,163.6,18,3.66,False,Myth. Feeling bloated and not pooping for days is completely,Myth.,MYTH | MYTH / Feeling bloated not pooping / for days is normal | Feeling bloated not pooping / for days is normal,Try seeds DSO-1 risk-free for 30 days.,Lasting digestion support / These statements have not been evaluated by the Food and Drug Administration / This product is not intended to diagnose treat cure or prevent any disease | Try DS 01 Daily ,guarantee;urgency_time,46.28,46.1,en,https://drive.google.com/file/d/1HZQgOPunAJkzWdBC6dmSrs59K8jUqcFB/view?usp=drivesdk
Myth Bust,myth_busting-Ad-4-Savvy Finds-1.mp4,Savvy Finds,Apparel & shapewear,44.8,9:16,720x1280,148,198.3,222.3,31,6.92,False,Most people have the wrong idea when it comes to creatine. They think it,Most people have the wrong idea when it comes to creatine.,Most people have'the wrong idea / when it comes to creatine / rant | people have the Cong idea / when it comes to creatine / pit me,Shop now on Trapika's website.,Lope / If wi ve been putting off trying creatine / because you're unsure about quality | CREATINE / MONOHYDRATE / that's backed by over,,,40.12,en,https://drive.google.com/file/d/1S-BA-EwDPMvF_KiAeeAP5_eucnjTPta3/view?usp=drivesdk
Myth Bust,myth_busting-Ad-5-RYZE Superfoods.mp4,RYZE Superfoods,Supplements & wellness,107.8,9:16,720x1280,346,192.6,203.5,25,2.32,False,"Look, if you smoke weed, you need to be super careful","Look, if you smoke weed, you need to be super careful drinking where as much from coffee� because here's what could happen.",area / fiat | if you smoke we | you need to be super careful,Try out Rise Risk Free for 30 days.,Ay you don't feel | But fair warning,guarantee,,97.32,en,https://drive.google.com/file/d/1IoxJSVWA9ptoZqd1j3M00N6wRG8iwAbt/view?usp=drivesdk
POV,pov-Ad-1-Primal Queen.mp4,Primal Queen,Supplements & wellness,15.6,9:16,720x1280,7,27.0,113.5,2,1.29,True,"This is 100 % your look,","This is 100% your look, Connie Baby.",Painless period / S 0 lbs can t get the offi / our mind feeling sexier / thanks'to primal queen / they re running a summe / body sale and'you can / get month for FREE a / glass jar gifts and shipping | ON yous / down / SOlbs can't get the / mind feeling sexier / thanks 'to primal queen / ou re still,,your painless period down / 50 lbsrcan't get the off / your mind feeling sexier / thanks to primal queen / glass jar gifts and shipping / If the link belowaworks | Ohi painless period down / 50 lbsyca,,,,en,https://drive.google.com/file/d/1L0l3gvSmuZ6LHkTj5-WLcmfPZB9Mv3xl/view?usp=drivesdk
POV,pov-Ad-10-Gleamin-1.mp4,Gleamin,Beauty & skincare,15.3,9:16,720x1280,0,0.0,,0,0.0,True,,,POV We're besties and I'm / 3 sharing the serum that / evened my skin tone faded / my discoloration cleansed / my pores | POV We're besties and I'm / sharing the serum that / evened my skin tone faded / my discoloration cleansed / my pores | POV We're besties and I'm / sharing the serum that / evene,,POV We're besties and I'm / sharing the serum that / evened my skin tone faded / my pores | 4 POV We're besties and I'm / sharing the serum that / evened my skin tone faded / my discoloration cleansed,,,,en,https://drive.google.com/file/d/1rC_cdumV74VrIhpTwJpiwLEe9oaZY1_6/view?usp=drivesdk
POV,pov-Ad-11-Gleamin.mp4,Gleamin,Beauty & skincare,14.5,9:16,720x1280,25,103.5,242.7,0,0.0,False,Just take a,Just take a walk out of here Sun is out out of here Catch a new out of here Dream of you out of here,for 28 days forjclearerygiowing 8 smoother skin | for 28 days forjclearemtalom i | Pov Applyingjmy 10 minute Gleamin / for 28 days for,,for clearer houiig smoother sttin | Pov Applying my 10 / for 28 days for clearer glowingf asmoothergskin,,,,en,https://drive.google.com/file/d/1vWwAvDpqCeEmTYFzw_QOLR5GXffekkyY/view?usp=drivesdk
POV,pov-Ad-12-Arrae.mp4,Arrae,Supplements & wellness,9.0,9:16,720x1280,0,0.0,,1,1.11,True,,,fate / POV ' you take 2 g / face | Nigh / Pantie / beak / you take 2 gu / SHES / seas | hen you land,,hen you land | POV you take 2 gummies before / your flight and haveia snatche / face and waist when youllan / BLOAT / DIGESTIVE GUMMIES / Peach Lemon,,,,en,https://drive.google.com/file/d/1wv9yR9z9v0uXt97DnEExqjfhMQDa65SC/view?usp=drivesdk
POV,pov-Ad-13-Grüns-1.mp4,Grüns,Supplements & wellness,10.8,9:16,720x1280,20,111.2,168.5,1,0.93,False,"Oh my gosh, are you okay? It seems you haven't pooped.","Oh my gosh, are you okay?",Oh my gosh | Are you okay | It seems you haven't,,up to / Sugar / Greens / Free / shop now at gruns co,,,,en,https://drive.google.com/file/d/1YH48ZJYV7dIMjUY6-43tdDnSraRlEg9G/view?usp=drivesdk
POV,pov-Ad-14-Motion.mp4,Motion,"Software, apps & info",10.2,9:16,720x1280,0,0.0,,0,0.0,True,,,,,money,,,,en,https://drive.google.com/file/d/1QRrJhLWpowBsOdNmIeLhH-Njdyo6uRh6/view?usp=drivesdk
POV,pov-Ad-15-Gleamin.mp4,Gleamin,Beauty & skincare,55.1,9:16,720x1280,209,227.5,246.9,7,1.27,False,When you have enough confidence in your skin to decide if you want to recover up or not,"When you have enough confidence in your skin to decide if you want to recover up or not for that day, that's the real power.",that gets ridlofthoselacne | ear GEM MESS / CONFIDENCE IN,,TIMES,bogo_bundle,,,en,https://drive.google.com/file/d/1-oDl-uEnx-wYXpK_s8vnhVLSSBHszzEX/view?usp=drivesdk
POV,pov-Ad-16-Canva-1.mp4,Canva,"Software, apps & info",32.7,9:16,720x1280,156,286.2,301.5,12,3.67,False,"We all have thousands of images sitting in our camera roll but with Canva,","We all have thousands of images sitting in our camera roll but with Canva, I've turned them into these beautiful coffee table worthy photo books and I'm gonna show you how.",OV You finally g gave your / favorite photos a place to live / outside of your phone | POV You finally g / ave your / favorite photos a place to live / outside of your phone,You can visit Canva Print Shop today and enjoy free delivery.,ALL OF THESE / MEMORIES,urgency_time,2.68,30.28,en,https://drive.google.com/file/d/1_QFXmIS6pGBeVO8PkXGSspvqhM_b6Ebp/view?usp=drivesdk
POV,pov-Ad-17-Everyday Dose.mp4,Everyday Dose,Supplements & wellness,110.7,9:16,720x1280,388,210.3,224.1,35,3.16,False,"Oh - God, that is awful!","Oh- God, that is awful!",POV YOUR 6 STINKS / does,And right now they're running a discount and they're including a bunch of free there's like a premium electric frother with a 45-day money-back guarantee.,even / excuses / coFFEE,free_gift;guarantee;urgency_time,85.08,96.12,en,https://drive.google.com/file/d/1b827BlwBH8TlWPUYSag3nCfxAjIZpx2O/view?usp=drivesdk
POV,pov-Ad-18-Everyday Dose.mp4,Everyday Dose,Supplements & wellness,87.7,9:16,720x1280,354,242.3,264.0,31,3.54,False,So what brings you in today? I'm really anxious and I've gained a ton,So what brings you in today?,POV You're trying to diagnose / but your doctor won't stop / rm really anxious and | BOV You're trying to diagnose / but your doctor won't y / ton of weight ly,They're actually running a big sale right now and giving away a bunch of free gifts so I would get it now before it goes back to full price.,of free gifts,free_gift;urgency_time;price_anchor,,55.04,en,https://drive.google.com/file/d/1t8PwRinFydGeG6SwfSyD_sCTaAyNRWIJ/view?usp=drivesdk
POV,pov-Ad-19-DeLaney Ryan UGC.mp4,DeLaney Ryan UGC,Travel & accessories,37.5,4:5,720x898,116,185.8,223.7,8,2.14,False,,"If you wear your earplugs like this, you're wearing them wrong.",people weetting ina / loop / STITCH INCOMING | POW when you spot / people weary ther / loop / STITCH INCOMING | loop / 4 STITCH INCOMING,,aeons,,,,en,https://drive.google.com/file/d/1FUEZ67OHuNv7De_cP5XL2MISV5BBPhhy/view?usp=drivesdk
POV,pov-Ad-2-Motion.mp4,Motion,"Software, apps & info",11.8,9:16,720x1280,0,0.0,,3,2.53,True,,,POV my coworkers are preying / on my downfall e | POV my coworkers are preying / on my downfall e | POV my coworkers are preying / on my downfall / How is she / She s always Lore before 3 pm / She delivers everything perfectly,,I just stopped making excuses / got an Al assistant | Now just execute / else,,,,en,https://drive.google.com/file/d/1d2LxDUrALB1AcLkCBSnu5kViUxlv9lwJ/view?usp=drivesdk
POV,pov-Ad-20-Savvy Finds-1.mp4,Savvy Finds,Apparel & shapewear,47.3,9:16,720x1280,156,198.0,206.1,26,5.5,False,I swear this is the most delicious way to support,I swear this is the most delicious way to support your weight loss goals.,POV You found the mostidelicious | way to supportiweight | POV You / ifound the most delicious / WE HEALTHY / MEAL,,2 5 mane / andigetiin some extra / nutrition at the same time | Lows / roman / Getiyour hands on albag to see / jjustihow good it is foryyourself,,,,en,https://drive.google.com/file/d/13GlylGaOaDbrov3jCq-YBifCLi5i1uon/view?usp=drivesdk
POV,pov-Ad-22-Norse Organics-1.mp4,Norse Organics,Beauty & skincare,13.9,9:16,720x1280,1,4.3,200.0,0,0.0,True,You,You,POV Your mother / CHANGES your / life after | POV Your mother / CHANGES your / life after / 4 year nightmare | POV Your mother / CHANGES your / life after / 4 year ACNE nightmare / 2 step routines / Changing sheets / Cutting dairy,,POV Your mother / CHANGES your / life after / 4 year ACNE nightmare / 2 step routines / Changing sheets / Cutting dairy / Cutting sugars / Cutting gluten | Acne gone in 9 days / You can't belive the /,,,,en,https://drive.google.com/file/d/1vgYv2PLXS7DFYZKEnqYSDU9NmYK1XcPN/view?usp=drivesdk
POV,pov-Ad-23-Canva-1.mp4,Canva,"Software, apps & info",20.4,9:16,720x1280,0,0.0,,4,1.96,True,,,POV You can't stop / customizing the new Canva / Spider Man Brand New Day,,A BRA,,,,en,https://drive.google.com/file/d/11ZIH1oHSrcUqG8CVaD6B3mIIlT_vft4d/view?usp=drivesdk
POV,pov-Ad-24-HeyShape.mp4,HeyShape,Apparel & shapewear,57.6,9:16,720x1280,115,119.7,173.5,16,2.78,False,I like that.,I like that.,POV You Bought The TikTok / VIRAL Snatched Bodysuit / like that,,It is so soft Pe | lam buying,urgency_time,,,en,https://drive.google.com/file/d/1nHbqXOVJbEFW9hSswWWF4QNPJ3m5LiFu/view?usp=drivesdk
POV,pov-Ad-3-PupRing.mp4,PupRing,Travel & accessories,15.2,9:16,720x1280,6,23.7,264.7,6,3.95,True,You need to listen to this,You need to listen to this,with this pet face necklacels | pet face necklacels,,Siday by giving a pet / necklace shekwill cherish forever | ouster and hand made to order / buy 2 get 1 yes today 3,urgency_time,,,en,https://drive.google.com/file/d/1SAM5K47dV0m7y7eHY7I34pUo7Iu4g4gX/view?usp=drivesdk
POV,pov-Ad-4-The Foldie.mp4,The Foldie,Travel & accessories,29.6,4:5,720x900,0,0.0,,7,2.37,True,,,You save time and money / edition | You save time and money / MOON,,Available in Ti colors | Free Shipping,free_shipping;price_anchor,,,en,https://drive.google.com/file/d/1-wajWYChaMOI4rOZvskH9z9fTGLm41lV/view?usp=drivesdk
POV,pov-Ad-5-Ekster.mp4,Ekster,Travel & accessories,12.9,9:16,720x1280,0,0.0,,3,2.32,True,,,POV my flight is tomorrow / and still haven t packed | POV my flight is tomorrow / and still haven t packed | POV my flight is tomorrow / and I still haven t packed,,,,,,en,https://drive.google.com/file/d/1F_-queGnZcKmmN4X6JCo8gauwNJPxTWi/view?usp=drivesdk
POV,pov-Ad-6-Shapermint.mp4,Shapermint,Apparel & shapewear,44.8,4:5,720x900,145,194.3,207.9,16,3.57,False,POV. You have bottom heavy breasts that refuse to stay,POV.,POV You have bottom heavy breasts / efuse to stay up / 0 that r | POV You have bottom heavy breasts / q that refuse to stay up,It's so good it literally keeps selling out. So you'll probably want to grab your size so good again.,good look / when i wear it | Shapermint / GET YOURS,bogo_bundle;scarcity;urgency_time,,33.02,en,https://drive.google.com/file/d/1WRqSiCPoNQNReSXpjUz2etCyA2WaLg9k/view?usp=drivesdk
POV,pov-Ad-7-Gleamin.mp4,Gleamin,Beauty & skincare,17.0,9:16,720x1280,58,204.5,223.1,5,2.94,False,"My skin looked tired, but I used this for 10 minutes. This 10","My skin looked tired, but I used this for 10 minutes.",this for 10 minutes | mere in tester,It's time for you to grab it and stop waiting.,and preventsifuture breakouts / by unclogging pores | this is a must havegto your,,,15.08,en,https://drive.google.com/file/d/1aqVGrg6FnucFWvZHwurzhJqfCDI9TkLU/view?usp=drivesdk
POV,pov-Ad-8-Margarita does it all.mp4,Margarita does it all,Beauty & skincare,95.4,9:16,720x1280,318,199.9,227.2,0,0.0,False,"A mask, gleaming, vitamin","A mask, gleaming, vitamin C treatment mask.",,,POV you live in Florida and / need some Vitamin because / the vitamin D ISNZ ENOUGH / MY SKIN | POV you live in Florida and / need some Vitamin C because / the vitamin D ISN'T ENOUGH,,13.68,,en,https://drive.google.com/file/d/1pf_CVfTvEv1O1G4rIl5xKm-g1SxnD26T/view?usp=drivesdk
POV,pov-Ad-9-Mott & Bow-1.mp4,Mott & Bow,Apparel & shapewear,34.8,9:16,720x1280,112,193.3,215.2,17,4.89,False,POV. You stopped wearing jeans in summer because every,POV.,POV You stopped wearing / jeans in summer because / every pair felt like leg pris | POV You stopped wearing / jeans in summer because / every pair felt like leg patach / pies | jeans in summer because / every pair felt like leg prison,Go to Mott and Bow and get yours today.,MOTT BOW / MULTIPLE ITS / Model is 5 ' 10 wearing size 32 / SLIM MERCER JEANS / Straight / Slim / Skinny / $108 EACH / 2 PACK / Seasonal Colors Light Gray | weed,urgency_time;price_anchor,30.56,30.42,en,https://drive.google.com/file/d/1YZ2MLlzdpe1bFbw9D1uixhf9wX5HwqX8/view?usp=drivesdk
Problem / Solution,problem_solution_-Ad-1-Shapermint.mp4,Shapermint,Apparel & shapewear,42.5,4:5,720x900,134,189.4,210.8,20,4.71,False,I knew this when I was shopping for this wedding season.,I knew this when I was shopping for this wedding season.,I wish I knew this when I was / shopping for this wedding season | I wish I knew this when I was / shopping for this wedding season,So go grab yours before your next event.,Convertible straps | Get Sour with 40% off / at shapermint com,percent_off,,39.34,en,https://drive.google.com/file/d/1oRzOBdOfJ8qSIFo5qVrecBPS4uSzm6au/view?usp=drivesdk
Problem / Solution,problem_solution_-Ad-10-Mott & Bow-1.mp4,Mott & Bow,Apparel & shapewear,42.9,9:16,720x1280,147,205.8,223.5,15,3.5,False,"Those athletic fit jeans on the website, the model","Those athletic fit jeans on the website, the model wearing them probably doesn't have athletic legs so of course they look loose in the photos and of course they don't fit when you put them on so you size up.",Athletic fit jeans aren't / made for athletic legs / ji hose athletic fit | Athletic fit jeans aren't / made for athletic legs / iiihose athletic fit | athletic fit jeans aren't / mage for athletic legs / model / them,first time I put them on I didn't have to do the squat test I didn't have to hold my breath they just fit these are the genes I've been looking for for a body like mine check them out now at Mott and bow.com,,,21.48,36.56,en,https://drive.google.com/file/d/1wxGx3rS_Qz5wuNUhLoeKeNHqcpDfLsps/view?usp=drivesdk
Problem / Solution,problem_solution_-Ad-100-Cymbiotika.mp4,Cymbiotika,Supplements & wellness,33.9,9:16,720x1280,149,263.5,278.9,9,2.65,False,Caffeine thanks for this. This B12 and B6 from symbiotica,Caffeine thanks for this.,HAS CHANGED,,AND THE BEST aS B | SO STOP HOLDING / BACK,,,,en,https://drive.google.com/file/d/19hnqE3FUrdATakVmLeGP224c3u7EydDA/view?usp=drivesdk
Problem / Solution,problem_solution_-Ad-101-The Foldie.mp4,The Foldie,Travel & accessories,52.3,9:16,720x1280,182,208.8,229.5,28,5.35,False,Ever notice how choosing a bag ruins the mood before a trip?,Ever notice how choosing a bag ruins the mood before a trip?,Ever notice how choosing a bag / ruins the mood before a trip | Ever notice how choosing a bag / muinis the mood BETO a trip | Ever notice how choosing a bag / ruins the mood before a trip,Nobody talks about how much energy you get back when you stop making decisions You don't need to make but it's real one less thing to think about that's worth a lot link below,when you stop making decisions / you don't need to make | Link below / Shop The Foldie,,,44.08,en,https://drive.google.com/file/d/1guC8x-GZ1Xn1l4WOwp2STLtFU98N6VTA/view?usp=drivesdk
Problem / Solution,problem_solution_-Ad-102-DRMTLGY.mp4,DRMTLGY,Beauty & skincare,45.2,4:5,720x900,113,150.1,215.1,4,0.89,False,"I've been getting Botox done for about ten years, but","I've been getting Botox done for about ten years, but unfortunately what I'm finding, the more you have it done, the less it lasts.",,,,bogo_bundle;urgency_time,,30.08,en,https://drive.google.com/file/d/1wTtGAvpcetR0iliC6N7Yjz6LCBGi8RQv/view?usp=drivesdk
Problem / Solution,problem_solution_-Ad-12-Mott & Bow-1.mp4,Mott & Bow,Apparel & shapewear,44.9,9:16,720x1280,159,212.4,242.0,17,3.79,False,If you've,"If you've got thick thighs and you hate shopping for jeans online, listen to this.",For guys who have thick / thighs and hate buying jeans / online | For guys who have thick / thighs and hate buying jeans / online / Pith | For guys who have thick / thighs and hate buying jeans / Sees,Check them out now at motenbow.com.,I didn't haveito hold my breath | now at mottandbow com batt,,23.72,39.3,en,https://drive.google.com/file/d/1-0Pk3SPYMOkrr3ovaCE3jgGUAesiU5km/view?usp=drivesdk
Problem / Solution,problem_solution_-Ad-13-Shapermint-1.mp4,Shapermint,Apparel & shapewear,30.7,9:16,720x1280,84,164.0,200.0,12,3.9,False,"After 40, gravity took my cleavage and never gave it","After 40, gravity took my cleavage and never gave it back.",After 40 gravity took my cleavage / and never gave it back | After 40 gravity took my cleavage / and never gave it back | After 40 gravity took my cleavage / and never gave it back,You don't need to buy all those separate bras.,GET YOURS ai,,,18.06,en,https://drive.google.com/file/d/1Qyx7IlZEaGuTy5wPqqSkIB91aaQR_wpM/view?usp=drivesdk
Problem / Solution,problem_solution_-Ad-14-Loop.mp4,Loop,Travel & accessories,31.6,9:16,720x1280,90,170.8,177.4,21,6.64,False,These are more than just earplugs. They're loop,These are more than just earplugs.,They're / earplugs,,pears,,2.96,,en,https://drive.google.com/file/d/1Txv4N-WBGT020k6rK3Kwhg9XTx6nV3tP/view?usp=drivesdk
Problem / Solution,problem_solution_-Ad-15-Oats Overnight.mp4,Oats Overnight,Food & beverage,22.5,9:16,720x1280,87,231.9,243.9,16,7.11,False,"Regular, oatmeal has no, no protein, is full of sugar, and I'm","Regular, oatmeal has no, no protein, is full of sugar, and I'm still hungry after I'm doneותר, and with oats overnight, you have an on-the-go drinkable oatmeal shake with up to 20 grams of protein, never more than 9 grams of sugar sugar, and nearly double the serving renowned serving size.",sage / Regular Be teal has no / Protein / is of of sugar | Regular oatmeal has no / protein is full of sugar | m still hung / after I'm done eating,See for yourself and give oats overnight a try today.,ines / self and give / ight a try today,urgency_time,4.7,12.98,en,https://drive.google.com/file/d/169Wfpx_W42HQ87Kxte0zFZwyjB72u8Cp/view?usp=drivesdk
Problem / Solution,problem_solution_-Ad-16-Cymbiotika.mp4,Cymbiotika,Supplements & wellness,39.1,9:16,720x1280,135,207.0,213.3,9,2.3,False,Did you know that 75 % of us are magnesium deficient?,Did you know that 75% of us are magnesium deficient?,tent / dine | us are ma | Did you,,SHOP ALL / Glutathione / Master Antioxidant / Dietary 5 / Subscribe Save wh / YOUR / Arise Rewards / PERKS,,,,en,https://drive.google.com/file/d/1Y81KPCYVOd7q4xAjax7KaU2egDFFGiFj/view?usp=drivesdk
Problem / Solution,problem_solution_-Ad-18-hims.mp4,hims,Supplements & wellness,44.1,4:5,720x900,115,156.4,229.2,8,1.81,False,Everyone who's dealing with hair loss has a moment a bad photo,Everyone who's dealing with hair loss has a moment a bad photo bad mirror angle or bad lighting I remember mine so clearly see I was at the barbers getting my regular trim My barber put my braids up to give me the shape up and I could just see his face something was wrong at first I was being really,I LL NEVER FORGET THI / ABOUT MY HAIRLINE | LL NEVER FORGET / ABOUT MY HAIRLINE | hims / LL NEVER FOR / GET THIS / ABOUT MY HAIRLINE / a bad p,,and it,,,,en,https://drive.google.com/file/d/12ZJPZ-5ULdqZta2663eeUtn-JCS-7bKI/view?usp=drivesdk
Problem / Solution,problem_solution_-Ad-19-Everyday Dose.mp4,Everyday Dose,Supplements & wellness,63.9,9:16,720x1280,244,229.1,238.5,39,6.1,False,This is the ADHD morning reset that actually changed my,This is the ADHD morning reset that actually changed my day to day.,,I left the link below if you want to check it out Maybe it helps you the same way it helped me,but finishing nothing | WELCOME TO THE OTHER SID / Yup getting healthier just got a whole lot ea / a link,,26.66,57.38,en,https://drive.google.com/file/d/1vsjeEU9GNu_604r3eu601QzREqDAe094/view?usp=drivesdk
Problem / Solution,problem_solution_-Ad-2-The Foldie.mp4,The Foldie,Travel & accessories,44.2,4:5,720x900,113,153.4,197.2,23,5.2,False,Traveling with credit cards? Here's how to avoid getting scammed. Hackers,Traveling with credit cards?,TRAVELING / will | TRAVELING / WITH / credit cards / aces | HACKERS LOVE CROWDEDS,"Oh, and still try it risk-free for 60 days with free shipping and Don't miss it",with free shi / and returns,free_shipping;guarantee,,28.9,en,https://drive.google.com/file/d/1Zg1VIGGM8HLGv1cXafl5uPH28GmJq1SV/view?usp=drivesdk
Problem / Solution,problem_solution_-Ad-20-Loop.mp4,Loop,Travel & accessories,44.0,9:16,720x1280,120,163.5,178.2,24,5.45,False,Ditch the melatonin. Try Loop Dream instead.,Ditch the melatonin.,,,take this as your sign / Dream earplug,,1.44,,en,https://drive.google.com/file/d/1JxdVOS-oCMjidasxbq-fRlBGudU-T0_B/view?usp=drivesdk
Problem / Solution,problem_solution_-Ad-21-hims.mp4,hims,Supplements & wellness,16.2,9:16,720x1280,2,7.4,166.7,1,0.62,True,weak iraq,weak iraq,Actor portrayals | through hims / hims / Simulated interaction / Product shown is Viagra Connect sildenafil 50 mg a possible treatment for erectile / dysfunction Always read the label / Actor portrayals,,through hims / Simulated interaction / Product shown is Viagra Connect sildenafil 50 mg a possible treatment fonerectile / dysfunction Always read the label | Get started / today / hims / Product show,urgency_time,,,en,https://drive.google.com/file/d/1mkVSTP4499YGHh1O9b7b4P4B-opLuIGu/view?usp=drivesdk
Problem / Solution,problem_solution_-Ad-22-Busy Blooming.mp4,Busy Blooming,"Software, apps & info",50.8,9:16,720x1280,178,210.4,217.8,3,0.59,False,Content is all starting to look like the same AI slop,"Content is all starting to look like the same AI slop these days, the same fonts, the same editing styles, especially when it comes to podcast clips.",,,JUNE 18 / PODCAST / ieee open 10000 N 0 | Bust Bit,urgency_time,,,en,https://drive.google.com/file/d/1qK5WcHDwnhL-t5BbxbyFbzu4WZOExa4K/view?usp=drivesdk
Problem / Solution,problem_solution_-Ad-23-Savvy Finds.mp4,Savvy Finds,Apparel & shapewear,48.8,9:16,720x1280,186,228.8,238.0,14,2.87,False,Something that isn't talked about enough is how exhausting it can be dealing,Something that isn't talked about enough is how exhausting it can be dealing with a hidden illness.,ISN'T | is How,"They'll track follow-ups, referrals, and next steps for your care plan, and even help you make an appeal if you've been denied further testing.",is is a great step to take in / ting the care you deserve | insurance covered advocate / at solacehealth com,bogo_bundle,,33.17,en,https://drive.google.com/file/d/1ZV5s9043AaSaJV7eG_nhfGTQ3sbElBp0/view?usp=drivesdk
Problem / Solution,problem_solution_-Ad-25-RYZE Superfoods.mp4,RYZE Superfoods,Supplements & wellness,108.8,9:16,720x1280,254,140.0,148.4,19,1.75,False,"If you have high cortisol, you can have a puffy","If you have high cortisol, you can have a puffy face and a balloon belly.",Paid partnership | Paid partnership,,PUFFY | this side of the,guarantee,,,en,https://drive.google.com/file/d/1tAi31mnxsH4skCKK5OcwnxyNuuSynKVt/view?usp=drivesdk
Problem / Solution,problem_solution_-Ad-28-Savvy Finds.mp4,Savvy Finds,Apparel & shapewear,47.8,9:16,720x1280,136,170.6,173.3,24,5.02,False,There's a version of me that never skips a step of her skin care,There's a version of me that never skips a step of her skin care and she uses Nouveau.,There's a | There's a versio,Plus they even have a hundred a money-back guarantee so why not give it a try.,100 day money back / guarantee | by ordering / your / ieee / nine,guarantee,,37.02,en,https://drive.google.com/file/d/1NU9QKUd4TeuWDzZ3XRVGV3woZpNQCIj6/view?usp=drivesdk
Problem / Solution,problem_solution_-Ad-29-Cymbiotika.mp4,Cymbiotika,Supplements & wellness,58.2,9:16,720x1280,183,188.8,197.4,1,0.17,False,No more energy crashes for me. No more cacking jitters,No more energy crashes for me.,,,mine,,,,en,https://drive.google.com/file/d/1nH9XAvcynWVIyffx1j_yxAPOkKdUvi0w/view?usp=drivesdk
Problem / Solution,problem_solution_-Ad-3-Dore & Rose.mp4,Dore & Rose,Beauty & skincare,35.5,9:16,720x1280,92,155.6,174.6,8,2.26,False,Do you wake up with red eyes from hay fever? This 23 -mom,Do you wake up with red eyes from hay fever?,Doyou wake up / with red eyes,Try the DeepSleep Mask risk-free for 60 days with a special 25% off sale.,Ary the Deep Sleep / ve risk free | DORE ROSE / Try itrisk free for 60 days / with a discount of up to 25%,percent_off;guarantee,,28.48,en,https://drive.google.com/file/d/1uaoGgCil_1RxLRoWvT9fRm3WzKiZSdEh/view?usp=drivesdk
Problem / Solution,problem_solution_-Ad-30-Bioma.Health.mp4,Bioma.Health,Supplements & wellness,17.8,9:16,720x1280,0,0.0,,7,3.93,True,,,ART OF 20 | ART OF 202,,BIOMA | BOOSTER / 8 60 CAPSULE,,,,en,https://drive.google.com/file/d/1RyEh7cuZAEErQPEOmJ94_um6IQtGcj1x/view?usp=drivesdk
Problem / Solution,problem_solution_-Ad-31-MicheleSwaczyna-1.mp4,MicheleSwaczyna,Supplements & wellness,33.2,4:5,720x900,125,226.2,259.9,13,3.92,False,See these flakes? These are microplastics coming off of my cutting,See these flakes?,Still prepping | tate 4 / Still prepping | Still prepping / with,,,,,,en,https://drive.google.com/file/d/1YddrN0twrH5AVVLCrDHYyCRtFH6zMwij/view?usp=drivesdk
Problem / Solution,problem_solution_-Ad-32-The Foldie.mp4,The Foldie,Travel & accessories,30.6,4:5,720x900,95,186.2,216.6,15,4.9,False,You know that little moment of panic when you can't feel your phone?,You know that little moment of panic when you can't feel your phone?,little moment of panic / you know that | you know that / little moment of panic,Get yours today with free shipping and a 60-day money-back guarantee.,ours today,free_shipping;guarantee;urgency_time,,24.34,en,https://drive.google.com/file/d/1IzXf5N4ikI3QU3-zGcHD5yoCy4Z1B-fw/view?usp=drivesdk
Problem / Solution,problem_solution_-Ad-33-Dore & Rose.mp4,Dore & Rose,Beauty & skincare,26.8,9:16,720x1280,93,208.6,222.1,10,3.74,False,My skin has never looked better since I started traveling,My skin has never looked better since I started traveling with my Dorand Rose silk pillowcase.,my skin has never / looked better since started,"Trust me, once we try it, you won't be able to sleep without it. Get yours today, only at Dorand Rose.",of skin irritations | get yours today o,urgency_time,3.8,21.12,en,https://drive.google.com/file/d/1xSqa8HOXa-b85MI_Ieqy-xwvLHOh1Eo7/view?usp=drivesdk
Problem / Solution,problem_solution_-Ad-35-Goli.mp4,Goli,Supplements & wellness,45.3,9:16,720x1280,151,199.9,206.4,8,1.77,False,"If this is drooping down on your NAD,","If this is drooping down on your NAD, and if you're getting 11's here and they're prominent, you need NAD.",,"If you still see the link somewhere on this video, grab it up while you can and let's healthy age together.",,scarcity;price_anchor,17.02,41.16,en,https://drive.google.com/file/d/12S887VNMti0U3WORVY0pOrJoa0X50GiA/view?usp=drivesdk
Problem / Solution,problem_solution_-Ad-36-Savvy Finds.mp4,Savvy Finds,Apparel & shapewear,39.7,9:16,720x1280,136,205.7,209.9,22,5.54,False,The problem with tracking your weight consistently is you're still,"The problem with tracking your weight consistently is you're still only getting one number on the scale, not the full picture of what's going on inside your body.",hans | tracking | umber on the scale,Try it for 30 days at withings.com.,ly the way health / ing SHOULD be,,,34.52,en,https://drive.google.com/file/d/1BdsvfYlRQ7lH-6Xm66fL-0nUgmMJzXzS/view?usp=drivesdk
Problem / Solution,problem_solution_-Ad-37-Bloom Nutrition-1.mp4,Bloom Nutrition,Supplements & wellness,36.8,9:16,720x1280,108,176.0,184.2,23,6.25,False,"Okay, I've been bombarded with colostrum ads lately,","Okay, I've been bombarded with colostrum ads lately, so I got curious and tried like a few brands.",My feed alll,,after a few weeks / Skin glowing / Hair full / Me thriving | Skip the trauma,price_anchor,17.44,,en,https://drive.google.com/file/d/1Irfdl5P-JJmCE_sIwfvbKI99RsT_1sVQ/view?usp=drivesdk
Problem / Solution,problem_solution_-Ad-38-Ekster.mp4,Ekster,Travel & accessories,42.4,9:16,720x1280,142,200.8,221.0,22,5.19,False,"If you care about your watch, your shoes, how","If you care about your watch, your shoes, how you dress, why are you still carrying that?",Pent / Most men / upgrade everything / except the one thing they / carry every day | Most men / upgrade everything / except the one thing they / carry every day v | LARA / Most men / upgrade everything / except the one thing they / carry every day,,CARRY,,,,en,https://drive.google.com/file/d/1cBdx6MdPMDJd1Rl2iV-Jc-v7Xi4P4xft/view?usp=drivesdk
Problem / Solution,problem_solution_-Ad-39-Savvy Finds-1.mp4,Savvy Finds,Apparel & shapewear,30.7,9:16,720x1280,109,213.2,222.1,23,7.5,False,"So you're getting back into working out postpartum, but you aren't sure where","So you're getting back into working out postpartum, but you aren't sure where to start.",re getting back / to working out postpartum | So you're getting back | but yous aren't sure / ee to start,,Exactly what you need to / help you prioritize yourself | Pick these up from / trxtraining,bogo_bundle,,,en,https://drive.google.com/file/d/15NZ_4T8rmujrNlw2a5KY7YTwtxnqaS0c/view?usp=drivesdk
Problem / Solution,problem_solution_-Ad-4-Goli.mp4,Goli,Supplements & wellness,54.4,9:16,720x1280,219,241.4,259.9,4,0.73,False,Shout out to that nurse on here that told me that if you have a chin that looks like,"Shout out to that nurse on here that told me that if you have a chin that looks like this or a pooch that hangs out like that, or maybe those pity titties like this or hip boobs like that, or maybe that puffy face, turns out all of that could be from an underlying issue that you're probably not even",I can't believ / was right 3 | I can't aia she / was right 3 | l curt believe she / was right 8,"Now, don't be that guy and buy these in store and pay like $35 for a bottle. I'm going to link it to this video. If you still see that link down there, go ahead and grab them while.ed",hall,urgency_time;price_anchor,29.26,40.3,en,https://drive.google.com/file/d/1VJOpDMOTMeRsFDF14yipHQaqx57wYsC-/view?usp=drivesdk
Problem / Solution,problem_solution_-Ad-40-Cymbiotika.mp4,Cymbiotika,Supplements & wellness,42.4,9:16,720x1280,217,307.4,326.8,13,3.07,False,"The best night's sleep of your life. I've, I've slept terribly for years and I've tried",The best night's sleep of your life.,,Check it out for yourself.,LIFE,,,41.38,en,https://drive.google.com/file/d/1X8tE0rAD-aHuWUVAMfOfg2x2yjY7XveI/view?usp=drivesdk
Problem / Solution,problem_solution_-Ad-41-Savvy Finds.mp4,Savvy Finds,Apparel & shapewear,46.2,9:16,720x1280,138,179.3,180.7,12,2.6,False,This is Lauren. Lauren has been dealing with chronic pain,This is Lauren.,IS IS | Lauren has been dealing / Pwith chronic pain for years,,Be like | When can you meet / You'll meet with a Solace physician to discuss / your health and connect to an advocate / September 2026 / foul / Tuesday pepierg hes a / Eligibility varies by plan Advoc,,,,en,https://drive.google.com/file/d/1u9qQb02OI-2CvFh74P5KN1JPLWyo8t1k/view?usp=drivesdk
Problem / Solution,problem_solution_-Ad-43-DRMTLGY.mp4,DRMTLGY,Beauty & skincare,43.3,9:16,720x1280,150,208.0,224.2,12,2.77,False,There's a movement on TikTok called Ditch the Concealer. People are tired,There's a movement on TikTok called Ditch the Concealer.,re'sa movement on TikTok | TikTok / es a movement on | People are tired of concealers,,so it's all the sun protection | So clio / the concealer,,,,en,https://drive.google.com/file/d/1nTzyfkPbQ47Km49oonBwEI-omLdpLhbl/view?usp=drivesdk
Problem / Solution,problem_solution_-Ad-44-The Foldie.mp4,The Foldie,Travel & accessories,49.6,4:5,720x900,120,145.0,186.0,28,5.64,False,I'm officially done fighting for overhead locker space.,I'm officially done fighting for overhead locker space.,I m officially done fighting B / lh overhead locker space | I m officially done fighting / for overhead locker space,Right now They're doing buy one get one free I got one for myself and one for my mum because she steals all my good travel stuff anyway,they re doing / buy one get one free | Sesame / Real ear / and one for my mum / because she steals,bogo_bundle;urgency_time,,39.26,en,https://drive.google.com/file/d/1dw_KSBUj6sRLwY8xtMKUjTFpcf79S7Ex/view?usp=drivesdk
Problem / Solution,problem_solution_-Ad-46-Onnit-1.mp4,Onnit,Supplements & wellness,51.6,9:16,720x1280,79,91.8,205.6,44,8.52,False,,"Here's how you can go from moving like a rusty gate every morning to bouncing out of bed like A month in, a fog was gone, my mood shifted, my workouts responded, my laughing and smiling more than I have in years.",monger / Here | Here's how yot | from / ruST / gate eve,,much | Toes nas rare,,,,en,https://drive.google.com/file/d/1pP5kY-7yDOS61wwpCBZOMMhubg4wUz1b/view?usp=drivesdk
Problem / Solution,problem_solution_-Ad-47-Savvy Finds.mp4,Savvy Finds,Apparel & shapewear,43.6,9:16,720x1280,142,195.6,198.6,23,5.28,False,"If you're seeing this video, you're probably navigating a new","If you're seeing this video, you're probably navigating a new diagnosis and feeling unsure about what to do next.",,,Getting a | 5 yours / Eligibility varies by plan Advocates do not provide medical / legal advice or services,,,,en,https://drive.google.com/file/d/1ziNxCRLp8tfMZtWDWoySHYbo58vH1G7d/view?usp=drivesdk
Problem / Solution,problem_solution_-Ad-48-The Foldie.mp4,The Foldie,Travel & accessories,63.9,4:5,720x900,225,211.4,231.8,21,3.29,False,The flight attendant said half the plane had this foldy bag.,The flight attendant said half the plane had this foldy bag.,The flight attendant said / half the plane had this Foldie bag / What's going on | ant said / The flight attend / half the plane had this Foldie bag / What's going on | The flight attendant said L / half the plane had this Foldie bag / What's going on,,here you can pay for 1 and / get 1 FOR FREE | foldie / BUY 1 and get 1 FREE / Shop Now,,58.68,,en,https://drive.google.com/file/d/1DZ8Dj3EuSXNi7wjmXimuueUajJDy219g/view?usp=drivesdk
Problem / Solution,problem_solution_-Ad-49-Cymbiotika.mp4,Cymbiotika,Supplements & wellness,93.7,9:16,576x1024,298,190.9,195.2,1,0.11,False,my travel anxiety has never been so in -tents.,my travel anxiety has never been so in-tents.,my 2 travel mustihaves | my 2 travel mustihaves,"so can't wait for this to kick in for today, like it did for me last night.",N 2 travel must haves,urgency_time,,88.2,en,https://drive.google.com/file/d/1d0B-kihYvQNh42kv3C7K68oEME8mA2w6/view?usp=drivesdk
Problem / Solution,problem_solution_-Ad-5-Mott & Bow-1.mp4,Mott & Bow,Apparel & shapewear,35.8,9:16,720x1280,133,223.2,253.3,18,5.03,False,What if the reason you overpack is just that you haven't found the right pair,What if the reason you overpack is just that you haven't found the right pair of jeans yet?,Maybe it's your jeans | Maybe it's your jeans B ro | Maybe it's your jeans,,Belt 17 / DELTA,,11.96,,en,https://drive.google.com/file/d/1MISdFHV3ji-9ptIRYWVeiLVXVi7wM7WN/view?usp=drivesdk
Problem / Solution,problem_solution_-Ad-50-Javvy.mp4,Javvy,Supplements & wellness,37.5,9:16,720x1280,171,273.6,291.3,5,1.33,False,"If you have a meeting with this guy every week and you don't get enough protein, you're probably","If you have a meeting with this guy every week and you don't get enough protein, you're probably gonna lose a lot of muscle.",,"The girlies are going crazy over it in stock, grab it.",aria | What they d,scarcity;price_anchor,,34.56,en,https://drive.google.com/file/d/1NABPZMiQmAlv2k9R2eotPcE6ehr2Drf3/view?usp=drivesdk
Problem / Solution,problem_solution_-Ad-51-Savvy Finds.mp4,Savvy Finds,Apparel & shapewear,32.9,9:16,720x1280,102,185.9,196.8,21,6.38,False,"A lot of people don't know about this sanity saving service called Solace,","A lot of people don't know about this sanity saving service called Solace, but they really should.",A lot of people / don' / know about this | A lot of people / don't know about this | sanity saving service / called Solace,,Instead of managing the / healthcare system by yourself | Check if your / insurance covers an advocate at / solacehealth com / in Advocates do not provide / Advice or services,,,,en,https://drive.google.com/file/d/1s-FYpS52EQ3FA7jjtCnaZSxSTJXGnGm8/view?usp=drivesdk
Problem / Solution,problem_solution_-Ad-52-Savvy Finds-1.mp4,Savvy Finds,Apparel & shapewear,64.5,9:16,720x1280,193,179.5,211.2,26,4.03,False,Styling mistakes every big chested girl should avoid. Fresh,Styling mistakes every big chested girl should avoid.,Styling mistakes every / big chested girl should avoid | Styling mistakes every / big chested girl should avoid | Fresh Sie Threads,"Don't miss this deal, and grab your fresh clean.",Reviewing / Women's White / Crew Neck / With so many 5 star reviews / from women like me / Great fit and soft e can be / Was this helpful | Fresh Clean Threads / to 60% of / SUMMER WAREHOUSE SALE,percent_off,,57.32,en,https://drive.google.com/file/d/15UnvF9_x-8p0oUcTdc52i1GTgzeZLR7F/view?usp=drivesdk
Problem / Solution,problem_solution_-Ad-53-Savvy Finds.mp4,Savvy Finds,Apparel & shapewear,56.2,9:16,720x1280,158,168.6,181.4,4,0.71,False,"So, I'm not proud of it, but","So, I'm not proud of it, but I will admit that I do sleep with a mouthpiece every night, and this is why.",Not proud of this / but I'll say it anyway | tilt / Not proud of this / but I'll say it anyway | iii a / Not proud of this / but I'll say it anyway 7,,,,,,en,https://drive.google.com/file/d/1Hs_J6KbdcxixM8MQyIN-ztkH8ncLBEA8/view?usp=drivesdk
Problem / Solution,problem_solution_-Ad-54-Savvy Finds.mp4,Savvy Finds,Apparel & shapewear,24.5,4:5,720x900,10,24.5,49.7,17,6.95,True,,and you can find the link in the description below.,often means | often means,and you can find the link in the description below.,So you're not juggling / everything en your own | More time focusing / on your health,,,,en,https://drive.google.com/file/d/1ClyG1_gjUDWx-byjUmvCltryJ0jInn4O/view?usp=drivesdk
Problem / Solution,problem_solution_-Ad-55-Mars Men-1.mp4,Mars Men,Supplements & wellness,62.3,9:16,720x1280,169,162.7,201.3,40,6.42,False,"is being stolen from you right now, but wanna know what's","is being stolen from you right now, but wanna know what's really screwed up?",HERE S WHAT BIG PHARMA / DOESN'T WANT YOu TO KNOW | HERE'S WHAT BIG P / DOESN'T WANT YOU TO KNOW | WHAT'S REALLY SCREWED,,MINUTE T SCORE | NEXT,urgency_time,10.84,,en,https://drive.google.com/file/d/1gBU-VhDYBgmDjougf6q4a98OOqH_U5fd/view?usp=drivesdk
Problem / Solution,problem_solution_-Ad-56-MB Health Holistic Healing.mp4,MB Health Holistic Healing,Supplements & wellness,28.8,9:16,720x1280,125,260.1,278.2,2,0.69,False,"If your calorie deficit isn't working anymore, this is probably what you're missing. I've","If your calorie deficit isn't working anymore, this is probably what you're missing.",How quiet the food noise / in caloric aenicit | How quiet the food noise / in a caloric deficit / Gficit i isn / Working any,,deficit / factual,,,,en,https://drive.google.com/file/d/1A6pkC0cuq8UxIISuss1l7rbDBfOYW9dK/view?usp=drivesdk
Problem / Solution,problem_solution_-Ad-57-Canva.mp4,Canva,"Software, apps & info",26.4,1:1,720x720,92,209.0,232.3,8,3.03,False,Organize your whole brainstorm into action points in one click.,Organize your whole brainstorm into action points in one click.,Ultimate hack to sort / chaotic brainstorm ideas | in one click,One click and the whole thing turns into a doc or presentation.,switching | Canva / Sign up for free,,9.1,16.14,en,https://drive.google.com/file/d/1FDZWA1e6f29PN2r5G2f3faSD92xsT9P-/view?usp=drivesdk
Problem / Solution,problem_solution_-Ad-58-Cymbiotika-1.mp4,Cymbiotika,Supplements & wellness,20.4,9:16,720x1280,65,190.9,195.2,2,0.98,False,"I feel low energy when I'm traveling, this is my number","I feel low energy when I'm traveling, this is my number one hack.",To US,,,,,,en,https://drive.google.com/file/d/1s5BT9w43UWf-ITxmvMJjaMKLACY4thOq/view?usp=drivesdk
Problem / Solution,problem_solution_-Ad-59-Bloom Nutrition-1.mp4,Bloom Nutrition,Supplements & wellness,37.5,9:16,720x1280,93,148.7,173.8,16,4.26,False,"I was embarrassed to leave the house without makeup, then I found this.","I was embarrassed to leave the house without makeup, then I found this.",stopped / using makeup | stopped / using makeup,Link's right there.,Colostrum Collagen / Probiotics / Bloom / lager peptides | Add it to you / daily lineup,price_anchor,9.4,36.3,en,https://drive.google.com/file/d/1lQN18j14EN1pAH1ZEPMDkSYePKhxRWVG/view?usp=drivesdk
Problem / Solution,problem_solution_-Ad-6-Shapermint-1.mp4,Shapermint,Apparel & shapewear,53.6,9:16,720x1280,145,162.3,201.1,20,3.73,False,"If you're wearing camis and tops with no built -in shapewear,","If you're wearing camis and tops with no built-in shapewear, showing your tummy and back bulges, failing to smooth out your curves and making you feel uncomfortable, they're ruining your outfits.",If you're wearing camis | If you're wearing camis | showing your tummy / a guile,,and shapes my tummy and | The reviews don't lie,,,,en,https://drive.google.com/file/d/1AycvnRNz4A4hzsSjbIftMEx9Z2p9KqdN/view?usp=drivesdk
Problem / Solution,problem_solution_-Ad-60-Cymbiotika.mp4,Cymbiotika,Supplements & wellness,36.5,9:16,720x1280,144,237.0,307.0,8,2.19,False,Getting your colostrum in shouldn't feel like you're prepping for a science experiment.,Getting your colostrum in shouldn't feel like you're prepping for a science experiment.,,,Sake,,,,en,https://drive.google.com/file/d/16n4TCV0LaiKJdQSIfwZa_RTz3R48Tdl9/view?usp=drivesdk
Problem / Solution,problem_solution_-Ad-61-Artzen Media .mp4,Artzen Media,"Software, apps & info",66.5,9:16,720x1280,228,205.6,220.1,12,1.8,False,Here are two Instagram pages. One of them is losing followers,Here are two Instagram pages.,posts / followers / following / Helping you make better content / Cinematic editing tutorials assets tools / Text animations SFX freebies 1 / Message / Text,comment Kanva and I'll send you exactly how I set up mine and some extra tips that will make your covers chef kiss.,,bogo_bundle,,58.42,en,https://drive.google.com/file/d/12kHVZmJp4c6kWEXD07e_4rQUAzKrt2fI/view?usp=drivesdk
Problem / Solution,problem_solution_-Ad-62-Goli.mp4,Goli,Supplements & wellness,60.6,9:16,720x1280,274,271.3,283.8,1,0.17,False,"Yes, I had the really puppy face and this is exactly how I fixed","Yes, I had the really puppy face and this is exactly how I fixed it.",HOW DID T | ayes,I bought all three these separately I'ma leave a link to the new one and sell a pack now and it's way cheap in the bottom of separately Not gonna get keep leave a link.,,promo_code;bogo_bundle,,53.92,en,https://drive.google.com/file/d/1o3g08mc0IRCRXS1mZ3-1akdtQVjzsBkB/view?usp=drivesdk
Problem / Solution,problem_solution_-Ad-63-Motion.mp4,Motion,"Software, apps & info",15.2,9:16,360x640,62,243.9,274.3,10,6.56,False,We often forget how much time we actually lose deciding when to do,We often forget how much time we actually lose deciding when to do what.,inning today | vs decision pat,,whole month,urgency_time,,,en,https://drive.google.com/file/d/1U_ZH9Jib6AvshyG0ZEd_LnFtYjBAcUeH/view?usp=drivesdk
Problem / Solution,problem_solution_-Ad-64-Savvy Finds.mp4,Savvy Finds,Apparel & shapewear,42.1,9:16,720x1280,151,214.9,222.1,21,4.98,False,Just because you have a chronic illness doesn't mean you should have to,"Just because you have a chronic illness doesn't mean you should have to spend all of your free time worried about appointments, referrals, and insurance denials.",Just because you have / a chronic illness | Just because you have | moat mean you / should have,,to make sure your treatments / and tests are covered | for an insurance / covered / advocate,,,,en,https://drive.google.com/file/d/19ARWgWFtNmlcxZoO1aQf8t3PCD6ahefz/view?usp=drivesdk
Problem / Solution,problem_solution_-Ad-65-Savvy Finds.mp4,Savvy Finds,Apparel & shapewear,43.1,4:5,720x900,147,204.7,219.5,36,8.35,False,"One thing nobody tells you in your 20s and 30s, finding a","One thing nobody tells you in your 20s and 30s, finding a good basic tee is weirdly hard.",Sail / J one thing no b / tally / you in your | you in your 908 30 s | Finding agood basic / tee is cre rat,,Alot of basics are either / overpriced or qu | Definitely worth grabbing a few,price_anchor,,,en,https://drive.google.com/file/d/1Craw1o3US-Yx5NCmkhJZZwU9kgYYq3EW/view?usp=drivesdk
Problem / Solution,problem_solution_-Ad-66-DRMTLGY.mp4,DRMTLGY,Beauty & skincare,28.6,4:5,720x900,83,174.2,213.9,11,3.85,False,,This is Dermatology's pumpkin enzyme mask.,hated the pores | I hated the pores / on my nose / butithismask saved me,,,urgency_time,,,en,https://drive.google.com/file/d/134oRcfmypvxL8fWDOS4z6z5tAVjc28di/view?usp=drivesdk
Problem / Solution,problem_solution_-Ad-67-True Classic.mp4,True Classic,Apparel & shapewear,45.7,9:16,720x1280,105,137.9,159.1,20,4.38,False,"Oh, I'm getting it! I'm getting it! These","Oh, I'm getting it!",Dad bods deserve better shirts | Dad bods deserve better shirts | This is NOT a good fit,,FA only wear / True Classic,price_anchor,11.48,,en,https://drive.google.com/file/d/1XDtsgPO0SZmaX6-_DpHbuGhaUUPAJPJz/view?usp=drivesdk
Problem / Solution,problem_solution_-Ad-69-Savvy Finds-1.mp4,Savvy Finds,Apparel & shapewear,37.7,9:16,720x1280,123,196.0,211.2,26,6.9,False,"Not all creatine is it is created equal., some are loaded with unnecessary","Not all creatine is it is created equal., some are loaded with unnecessary additives and questionable ingredients which is why quality should be the first thing you look for when finding a new creatine.",CREATINE / CREATED / EQUAL | Some are loaded withiunnecessary additives / jand questionable ingredients,Shop now on Tropica's website.,because | Shop,,,34.52,en,https://drive.google.com/file/d/1CZcPCwsjLCcN1ip6NzIZDZaKTYtXRSus/view?usp=drivesdk
Problem / Solution,problem_solution_-Ad-7-Savvy Finds-1.mp4,Savvy Finds,Apparel & shapewear,33.2,4:5,720x900,75,135.7,173.3,20,6.03,False,"the thing that once you try it, you'll wish it was, for a","the thing that once you try it, you'll wish it was, for a while.",This is the kind of thing that / you try it | This is the kind of thing that / once you try it | Our cat s litter o / desperate need of an upg,You'll have to try it. And I think treasure is too so I highly recommend you check it out if you're a cat ASAP,and think Treasury is too,,,18.82,en,https://drive.google.com/file/d/11pCcKYKsx2BeIZU8oEQfsDVM-eWh9rH2/view?usp=drivesdk
Problem / Solution,problem_solution_-Ad-70-Shapermint-1.mp4,Shapermint,Apparel & shapewear,76.6,9:16,720x1280,207,162.2,194.3,28,3.66,False,One of these brides tugs at her dress all night. The other doesn't.,One of these brides tugs at her dress all night.,One of these brides tugs / at her dress all night | One of these brides iGas / at her dress all night / tall | The other doesn't,,1 feel so much | Shop now at sal ni / LINK,,,,en,https://drive.google.com/file/d/1aZVyXqlMgEpBfGOSMEYWLMEhE8N1zBLm/view?usp=drivesdk
Problem / Solution,problem_solution_-Ad-71-Caraway-1.mp4,Caraway,Home & kitchen,39.8,9:16,718x1280,103,155.3,171.5,9,2.26,False,"We could be consuming up to 150 ,000 plastic particles","We could be consuming up to 150,000 plastic particles every year.",Consume | Consume Up to / Plastic / awed | Consume Up to / Plastic,,,,9.92,,en,https://drive.google.com/file/d/1wHUpIFWMDxRaWQYDM2po1-f3s12f2Rzc/view?usp=drivesdk
Problem / Solution,problem_solution_-Ad-72-The Foldie.mp4,The Foldie,Travel & accessories,62.6,4:5,720x900,211,202.2,221.0,26,4.15,False,The flight attendant said half the plane had this foldy bag.,The flight attendant said half the plane had this foldy bag.,The flight attendant said half / the plane had this foldie bag / What i is going on / AMASS | The flight attendant said half / the plane had this foldie bag / What is going on | The flight attendant said half / the plane had this foldie bag / What is going on,,where you can pay for one / and get another one for free,bogo_bundle,,,en,https://drive.google.com/file/d/1aJakynSsBEHPNqK1bNIwtXAunQ0S_l7p/view?usp=drivesdk
Problem / Solution,problem_solution_-Ad-74-About lindsforthegirls.mp4,About lindsforthegirls,Supplements & wellness,57.8,9:16,720x1280,202,209.7,217.8,7,1.21,False,"If you look six months pregnant after every meal, this","If you look six months pregnant after every meal, this one's for you.",,If you're someone who's dealing with bloating after you eat I definitely think these are worth trying you might try them out for yourself comment below and I'll send you the link I've loved and used array products for years now.,,,,47.84,en,https://drive.google.com/file/d/1iz9Vwve76voRj33Hgt2fNhTOc8Ni6AsL/view?usp=drivesdk
Problem / Solution,problem_solution_-Ad-75-SheCurve.mp4,SheCurve,Apparel & shapewear,38.3,9:16,720x1280,105,164.6,199.6,2,0.52,False,"If you're wearing your bras like this with shirts like this,","If you're wearing your bras like this with shirts like this, please stop.",stop ruining your / tops by having your'Str / showing 2 | stop ruining your cute,,heal,,,,en,https://drive.google.com/file/d/1-PsgBAAEif7pHGtsoldt0RO4JaPhZOor/view?usp=drivesdk
Problem / Solution,problem_solution_-Ad-76-Kelsey G-1.mp4,Kelsey G,Home & kitchen,24.7,4:5,720x900,91,221.2,235.3,9,3.65,False,Stop using plastic cutting boards in your kitchen. Every time,Stop using plastic cutting boards in your kitchen.,ping,It's time to ditch the shedding microplastics and upgrade to Caroway today.,pDesigned to Be Lett Out | Seal / Prep made easi,urgency_time,,23.0,en,https://drive.google.com/file/d/1J_CFtHtDF7pzZpDwlSGJW-kRdDtIQ_xi/view?usp=drivesdk
Problem / Solution,problem_solution_-Ad-77-Mott & Bow.mp4,Mott & Bow,Apparel & shapewear,54.1,9:16,720x1280,166,184.1,191.0,19,3.51,False,What stylish women over 45 wear instead of,What stylish women over 45 wear instead of sweatshirts?,What stylish women over 45 / wear instead of sweatshirts | What stylish women over 45 / wear instead of sweatshirts | What stylish women over 45 / wear instead of sweatshirts,,this Cotton Jersey / Oversized Long Sleeve,,12.92,,en,https://drive.google.com/file/d/1AQT_3OASzTOfc5D7Iw4F53KzJPq1vgiJ/view?usp=drivesdk
Problem / Solution,problem_solution_-Ad-78-Oats Overnight.mp4,Oats Overnight,Food & beverage,23.6,9:16,720x1280,81,206.4,230.8,22,9.34,False,"Your oatmeal is probably not high protein, but this","Your oatmeal is probably not high protein, but this is.",,There's over 20 flavors to choose from and a full money-back guarantee if you don't love it. Try oats overnight today and you'll understand.,oats / over / might / Dark Chocolate Sea / Chocolate Chip / Green Apple / Cookie Dough / Cinnamon / Salt / vats / oats / night / night / Banana Bread / Chocolate Peanut / Mixed Berries / Butter Banana,guarantee;urgency_time,7.28,13.74,en,https://drive.google.com/file/d/1e8Uz3XL-lDuoqnip8FlcAx-XLd4yIhUZ/view?usp=drivesdk
Problem / Solution,problem_solution_-Ad-79-Mott & Bow-1.mp4,Mott & Bow,Apparel & shapewear,39.7,9:16,360x640,112,169.4,214.8,27,6.8,False,You want to know my secret to always looking good even when I'm making stupid,You want to know my secret to always looking good even when I'm making stupid videos?,,,,,28.0,,en,https://drive.google.com/file/d/13jByXy2RRwOszN6WjjlSL-BsM0mXWaXF/view?usp=drivesdk
Problem / Solution,problem_solution_-Ad-8-Savvy Finds.mp4,Savvy Finds,Apparel & shapewear,30.1,9:16,720x1280,120,238.9,250.3,15,4.98,False,"I wish someone had told me from day one after my diagnosis,","I wish someone had told me from day one after my diagnosis, it's this.",If there's one thing I wish / someone had told me | If there's one thing I wish / someone had told me | from day one after / my diagnosis,"next steps clearly by prioritizing what matters most right now, and even coordinating follow-ups and specialist appointments.",y provided ongoing / e throughout it all | FIND YOUR ADVOCATE AT / Solace / COVERED BY INSURANCE / solacehealth com / Eligibility varies by plan Advocates do not provide medical or legal advice or ser,urgency_time,,15.16,en,https://drive.google.com/file/d/1YmbcOGs0TEQpupHU9JtIRgdTrTMiEoUq/view?usp=drivesdk
Problem / Solution,problem_solution_-Ad-80-Canva.mp4,Canva,"Software, apps & info",34.0,4:5,720x900,74,130.7,206.5,14,4.12,False,"What I'm about, what I'm about to say is going to make","What I'm about, what I'm about to say is going to make or break your besties bachelorette.",If you' 're a bridesmaid / you're going to / want to hear this / Right | If you'rea bridesmaid / you're going to / want to hear this / make,"You can make invites, tote bags, t-shirts, and you can print everything directly with Canva Print Shop too.",Print Invites,,22.4,22.4,en,https://drive.google.com/file/d/11w3av9B6ymeeOJOjEglaLq_Buc7ZUKTA/view?usp=drivesdk
Problem / Solution,problem_solution_-Ad-81-Bloom Nutrition-1.mp4,Bloom Nutrition,Supplements & wellness,38.5,9:16,720x1280,91,142.0,158.0,16,4.16,False,This tastes like a creamsicle and it works better than my $300,This tastes like a creamsicle and it works better than my $300 serum.,$300 serum / coulg NEVER 7 | $300 serum / coulg NEVER 7 | $300 serum / could NEVER,,Colostrum Collagen / Probiotics / Bloom | $300 Nah $29 does,price_anchor,9.98,,en,https://drive.google.com/file/d/11-bL_2fJFzCYBdEHio90WmmsgfZWcS_I/view?usp=drivesdk
Problem / Solution,problem_solution_-Ad-82-Ekster-1.mp4,Ekster,Travel & accessories,69.6,9:16,720x1280,216,186.3,219.9,31,4.46,False,My best friend is a flight attendant. She packs,My best friend is a flight attendant.,If she won t fly without / neither will I | If she won t fly without it / neither will I,If you're the one packing for the whole crew do yourself a favor grab one maybe five of these once you try it You'll wonder how you ever packed without it,Get yours at ekster com / Shop Now,price_anchor,16.3,55.2,en,https://drive.google.com/file/d/1kOCevOFQ15mkKtBEw3zRNzTrTHiXc2Qz/view?usp=drivesdk
Problem / Solution,problem_solution_-Ad-83-Create with Donna.mp4,Create with Donna,Other/unclassified,38.9,9:16,720x1280,110,169.8,187.8,15,3.86,False,"After having kids and turning 40, my skin needs to","After having kids and turning 40, my skin needs to glow up.",,,LUNE 610,,16.52,,en,https://drive.google.com/file/d/1fW5tlSwWwHGfBAbt87SC1ji1lLbWfnmW/view?usp=drivesdk
Problem / Solution,problem_solution_-Ad-84-Harshita Dave.mp4,Harshita Dave,Other/unclassified,59.5,9:16,720x1280,202,203.7,211.0,18,3.03,False,"The biggest skincare lesson I learnt is, listen to your skin.","The biggest skincare lesson I learnt is, listen to your skin.",face com Mg,Comment below if you want the links and don't forget to patch this first.,,,,56.1,en,https://drive.google.com/file/d/1jPbcgVr5bsv15HUc91b9WKGV9JyogWj5/view?usp=drivesdk
Problem / Solution,problem_solution_-Ad-85-RYZE Superfoods.mp4,RYZE Superfoods,Supplements & wellness,97.5,9:16,720x1280,294,180.9,195.5,44,4.51,False,Health. My husband's feeling way less puffy and is,Health.,Help | 4 andtice causing / all these problems,"They have a 30-day money back guarantee So if you don't love it, you can get a full refund and it's 40% off right now Now I'm not sure how long that's gonna last but we stocked up. I dropped the link below",but'we stocked up,percent_off;guarantee;urgency_time;price_anchor,,81.96,en,https://drive.google.com/file/d/1ATk8fhzzuiXe_RNUyJb-c-mUmKIcphdO/view?usp=drivesdk
Problem / Solution,problem_solution_-Ad-86-Mott & Bow-1.mp4,Mott & Bow,Apparel & shapewear,33.1,4:5,720x900,93,168.8,229.6,17,5.14,False,,"I've tried every pair of jeans, Levi's, Lucky Brown, those expensive ones at the mall.",The best jeans for men / over 60 fie | The best jeans for men / over 60 fie | like nothing back there,,,,13.98,,en,https://drive.google.com/file/d/1-kdEFMPcIZW5kcSwWrrl4UGvVWodzcln/view?usp=drivesdk
Problem / Solution,problem_solution_-Ad-87-Bioma.Health.mp4,Bioma.Health,Supplements & wellness,18.0,9:16,720x1280,45,150.3,170.0,7,3.9,False,13 years of stubborn belly fat gone in,13 years of stubborn belly fat gone in nine weeks.,STUBBORN BELLY FAT / GONE IN 9 WEEKS / BIOMA,,Faced / Pint / Seep / quieting food noise | my confidence is back,,6.72,,en,https://drive.google.com/file/d/1xAT1L9ioYn-UhyihvPfJNQZPYRJQMF-j/view?usp=drivesdk
Problem / Solution,problem_solution_-Ad-88-Canva.mp4,Canva,"Software, apps & info",42.3,1:1,720x720,159,225.4,263.5,15,3.54,False,"Worst presentation of my life, but it never happened","Worst presentation of my life, but it never happened again.",presentation | happened,,n up for free,urgency_time,4.76,,en,https://drive.google.com/file/d/1HZk1oQl-Chveu8DhNzS2U5AYiJHRA3DP/view?usp=drivesdk
Problem / Solution,problem_solution_-Ad-89-The Foldie.mp4,The Foldie,Travel & accessories,50.7,4:5,720x900,174,206.1,234.3,36,7.11,False,"I stopped buying different bags for different occasions. Before the Foldy,",I stopped buying different bags for different occasions.,stopped buying different bags / for different occasions | I stopped buying different bags / for different tamil itt ont / Wane | before the Foldie / had a travel bag,Click the link to shop the most versatile bag now.,getting out the door / so much easier,,,45.38,en,https://drive.google.com/file/d/1eIvQLGVlK7djivwQ21Ago2La4qwsw-WQ/view?usp=drivesdk
Problem / Solution,problem_solution_-Ad-90-Cymbiotika.mp4,Cymbiotika,Supplements & wellness,35.2,9:16,720x1280,200,340.7,362.8,8,2.27,False,Have you seen this before? This is Sheila Jeetan and it's been a major game changer,Have you seen this before?,LIVE RESIN | SHILAJIT,,and overall | do not want to miss out on / this,,,,en,https://drive.google.com/file/d/1dvFKWZ7VdP0yKI3nf3McFAPQkERt12bF/view?usp=drivesdk
Problem / Solution,problem_solution_-Ad-91-SheCurve.mp4,SheCurve,Apparel & shapewear,21.8,9:16,720x1280,83,228.2,234.9,5,2.29,False,"Yo sé que ésta era la razón por la cual no utilizaba faja, de sólo","Yo sé que ésta era la razón por la cual no utilizaba faja, de sólo pensar en el que ir al baño, pero Yache Curve lo resolvió, ésta es para uso diario, tiene levantamiento de cola, nota ficia y además te comprime el abdomen como está viendo en pantalla, estira bastante en el busto, también de las pie",Peso V 5,,Peso 160 Ib | Peso 160 Ib,,,,es,https://drive.google.com/file/d/1SngWbAxV-0OwpxROX67-uYOIYnynb1xN/view?usp=drivesdk
Problem / Solution,problem_solution_-Ad-94-Savvy Finds.mp4,Savvy Finds,Apparel & shapewear,28.2,9:16,720x1280,86,183.0,260.3,21,7.45,False,Here's the problem with these tees. You get one and suddenly every other shirt,Here's the problem with these tees.,these | Here's / tine / tees,,SORE / rill,,,,en,https://drive.google.com/file/d/1veu3q4LHPI2_uOybLhTtfKGQJX4HIR1d/view?usp=drivesdk
Problem / Solution,problem_solution_-Ad-95-Create Wellness-1.mp4,Create Wellness,Supplements & wellness,34.5,9:16,720x1280,119,207.2,278.3,28,8.13,False,If you hit that mid -afternoon crash every day or you feel like you have overall low,"If you hit that mid-afternoon crash every day or you feel like you have overall low energy, chances are you need creatine.",Afternoon brain fog is / REAL This fixed it | eae brain fog is / REAL This / afternoon | ternoon brain fog is / REAL This,,age changer,,25.08,,en,https://drive.google.com/file/d/1o115vl0wNFwahzAWsKx-coXqtUTSLqu2/view?usp=drivesdk
Problem / Solution,problem_solution_-Ad-96-Shapermint-1.mp4,Shapermint,Apparel & shapewear,77.0,9:16,720x1280,208,162.0,183.2,28,3.63,False,This is the strapless bra I danced all night at the wedding,This is the strapless bra I danced all night at the wedding in.,This is the strapless bra danced / all night at the wedding in | This is the strapless bra danced / all night at the wedding in | This is the strapless bra danced / all night at the wedding in,,what a difference thi | Shop now at Shapermint,,,,en,https://drive.google.com/file/d/16eO8MOQst9Owuc4KNebdW0jPiNHpLCsR/view?usp=drivesdk
Problem / Solution,problem_solution_-Ad-97-Goli.mp4,Goli,Supplements & wellness,49.5,9:16,720x1280,251,304.2,308.5,0,0.0,False,Shout out to the nurse on here who told me if you have the hip titties like this and the,Shout out to the nurse on here who told me if you have the hip titties like this and the bowling ball face like this Or you fart and it smells like your insides are dying You got pit tits like this and a lower pooch that looks like that Or you can't stop craving carbs and sugar like all this Or you ,,"I didn't pay over 35 a bottle in stores when you get all three for way less than that on TikTok Shop. So if you deal with any of those issues- I'll leave a link below, but you gotta grab a grab.",,,,39.58,en,https://drive.google.com/file/d/1sULw1SNJ0VHqPhIkS_TkgLwDRsrOmUY6/view?usp=drivesdk
Product Demo,product_demo-Ad-1-Melissa - Chief Scientific Officer at Rythm.mp4,Melissa - Chief Scientific Officer at Rythm,Supplements & wellness,34.2,9:16,720x1280,141,247.0,263.7,0,0.0,False,I'm Rhythm's chief science officer and I want to show you how easy,I'm Rhythm's chief science officer and I want to show you how easy it is to take a rhythm test.,Chief Science Officer / Chief Scientific Officer / ied Clinical Laboratory | how easy itis / Laboratory,,and cap it | Lucky for me,urgency_time,0.56,,en,https://drive.google.com/file/d/1JUEAbdveVyS96WghlR3DLjnijnUk4SnU/view?usp=drivesdk
Product Demo,product_demo-Ad-10-BURGA.mp4,BURGA,Travel & accessories,13.4,9:16,720x1280,22,98.2,142.9,1,0.74,False,"A little vulnerable, a little funny and completely","A little vulnerable, a little funny and completely human.",tues Llelu xX BUR 6 A,"Discover the new limited edition Tomale Lu X Berger collection, only at Berger.com.",prink UP IN,scarcity,,,en,https://drive.google.com/file/d/1GdiK1Dp7QOk_SPRcVCkQPuxxwoDGDMNo/view?usp=drivesdk
Product Demo,product_demo-Ad-12-BetterMe.mp4,BetterMe,Supplements & wellness,24.1,9:16,720x1280,0,0.0,,22,9.12,True,,,SANS / Neva / Pilates / my home / Pilates | Soft Pilates Ball / Sop Bands / Yong | umbels,,Soft Pilates Ball / Chocolate Brown,,,,en,https://drive.google.com/file/d/1mHl1x0BbArbd2CW9EVnXlcI3iDoTyYCd/view?usp=drivesdk
Product Demo,product_demo-Ad-13-Mott & Bow.mp4,Mott & Bow,Apparel & shapewear,13.3,9:16,720x1280,69,310.7,343.9,5,3.75,False,"Don't buy this unless you're looking for problems. Yes, the denim is soft and",Don't buy this unless you're looking for problems.,,"Don't buy this unless you're looking for problems. But if you don't want to take my advice and you still want to grab them, I want to head and link the deal for it right here.",,,,8.5,en,https://drive.google.com/file/d/1eE44v1F4ekfUzTGw04CfrWbmkdLTi75T/view?usp=drivesdk
Product Demo,product_demo-Ad-14-Leonnklr.mp4,Leonnklr,Apparel & shapewear,28.0,9:16,720x1280,105,225.0,271.8,23,8.21,False,I've always loved holding onto a little bit of whimsy and wonder through the things that,"I've always loved holding onto a little bit of whimsy and wonder through the things that I create, especially in this world that is constantly changing.",A age / that,,,,,,en,https://drive.google.com/file/d/1u1qdlWPlW5q4QCYSorqhjSWhFcU7pxSl/view?usp=drivesdk
Product Demo,product_demo-Ad-15-Kind Patches.mp4,Kind Patches,Supplements & wellness,16.0,9:16,720x1280,55,206.0,218.5,14,8.74,False,"Monday's scariest, let's turn that frown upside down real quick. Okay,","Monday's scariest, let's turn that frown upside down real quick.",iets turn that frown / upside down real quick | o here i,Grab the discount link in my bio and don't frown.,Grab ina discoant link in / big and dere frown,,5.02,13.16,en,https://drive.google.com/file/d/18EPYby6JnwcB0MPFamg-8NBrcL8nVQtW/view?usp=drivesdk
Product Demo,product_demo-Ad-16-BURGA.mp4,BURGA,Travel & accessories,19.3,9:16,720x1280,0,0.0,,6,3.11,True,,,SANS,,Power / LEAN,,,,en,https://drive.google.com/file/d/1vzVcplAT3Av101SSZ2DDHopnWnO6CoXv/view?usp=drivesdk
Product Demo,product_demo-Ad-17-RYZE Superfoods.mp4,RYZE Superfoods,Supplements & wellness,44.0,9:16,720x1280,50,68.2,193.1,17,3.86,False,,Let's prepare rice in 30 seconds.,inp 30 second | First one,I left the bell out so you could take advantage of the promotion going on right now and get all these free gifts plus 40% off.,of the promotion / going on,percent_off;free_gift;urgency_time,,36.54,en,https://drive.google.com/file/d/1_HR2WGIX8VuWNzEP6SNOrrexNR9tMPkr/view?usp=drivesdk
Product Demo,product_demo-Ad-18-Canva.mp4,Canva,"Software, apps & info",20.1,1:1,720x720,47,140.6,186.3,10,4.99,False,"I'm a large face, I have my new flaws, all this face most","I'm a large face, I have my new flaws, all this face most tries, rather than design.",Can I designa / launch poster for | my new Pioduct before / this face mask dries,"And then, literally, safe today. Try Canva AI today.",View / Resize / Q Search resize options / Suggested / Instagram Post 4 5 / Poster Portrait A 2 / Browse by category / materials for social email / and ads all fro / he same prompt / social media | Can,urgency_time,16.62,13.78,en,https://drive.google.com/file/d/1UAnB5tPhp9EFkHlE51Y0JTkrSyvRwGqQ/view?usp=drivesdk
Product Demo,product_demo-Ad-19-The Foldie-1.mp4,The Foldie,Travel & accessories,50.3,4:5,720x900,147,175.5,195.2,17,3.38,False,I've never recommended a product this quickly before.,I've never recommended a product this quickly before.,productithis quickly before,,have a feeling you're,,,,en,https://drive.google.com/file/d/1jbydvU83h42ar6VzmravxpuSyf9EgaeY/view?usp=drivesdk
Product Demo,product_demo-Ad-2-Cymbiotika.mp4,Cymbiotika,Supplements & wellness,37.6,9:16,720x1280,87,138.7,160.3,18,4.78,False,This is the most underrated supplement. Glutathione is,This is the most underrated supplement.,The most underrated / supplement | Bony / meat / glutathione is a powerful / antioxidant,,Fa improves skin / Rally / meals | Mast / so although it may be / SUPPlement,,,,en,https://drive.google.com/file/d/1h4HniscryQTKmVtOh1VF70kw7axjUqfn/view?usp=drivesdk
Product Demo,product_demo-Ad-20-Ekster.mp4,Ekster,Travel & accessories,27.5,9:16,720x1280,7,15.3,53.7,15,5.45,True,,This is the end of the video.,Discover our bestseller the / TravelPack baleen Kit | Discover our bestseller the / TravelPack Vacuum Kit | Easily load a week's worth of / into the bag,,Get yours at ekster com / 100 Days / Money back / guarantee,guarantee,,,en,https://drive.google.com/file/d/1tD1IreJsPCfKPSJWdVk4IL-zrdPMgJpE/view?usp=drivesdk
Product Demo,product_demo-Ad-21-DRMTLGY.mp4,DRMTLGY,Beauty & skincare,40.8,9:16,720x1280,111,163.1,215.7,5,1.22,False,I had some Botox but it's gone away as you can see I can squint,I had some Botox but it's gone away as you can see I can squint my forehead but I feel like using this helped me prolong having to get it again.,,"If you're only gonna buy one thing, this is the one thing.",aces,bogo_bundle;urgency_time,,30.18,en,https://drive.google.com/file/d/1eNWY-dtE51gSq7SVizGJM0Vf9krYCpPr/view?usp=drivesdk
Product Demo,product_demo-Ad-22-Mott & Bow.mp4,Mott & Bow,Apparel & shapewear,34.6,9:16,720x1280,39,67.7,106.2,0,0.0,False,"Mop and bow jeans,","Mop and bow jeans, summer wear line, colorful, stretchy, flexible, jeans that make you happy, jeans that make you smile, jeans that you can do this and that.",Side / See a / Coal | Bear | Best,And get yours.,sear 6 b / eras,,1.6,30.82,en,https://drive.google.com/file/d/11VQpLKkBUxTblkWTBD541p4c0wAMf2jF/view?usp=drivesdk
Product Demo,product_demo-Ad-23-BURGA.mp4,BURGA,Travel & accessories,13.7,9:16,720x1280,1,4.4,73.2,1,0.73,True,You,You,BACK TO WORK ESSENTIALS / Laptop Sleeves | BACK TO WORK ESSENTIALS / Laptop Sleeves | BACK TO WORK ESSENTIALS / Laptop Sleeves,,BACK TO WORK ESSENTIALS / Laptop Sleeves | fate,,,,en,https://drive.google.com/file/d/1J8nY-SiT7F6Pm1-eEpT55aMT5wJZuXSX/view?usp=drivesdk
Product Demo,product_demo-Ad-24-Mott & Bow.mp4,Mott & Bow,Apparel & shapewear,36.1,9:16,720x1280,184,306.2,324.5,12,3.33,False,This is just a smarter way to buy the bike for your kid because this bike is a six,This is just a smarter way to buy the bike for your kid because this bike is a six in one designed to grow with them.,,"If you would choose that one too, I want to head and link it right here.",,,,33.36,en,https://drive.google.com/file/d/1o4dtKRVb36obOPVNVKJQXnNLVUagUwtx/view?usp=drivesdk
Product Demo,product_demo-Ad-25-SheCurve.mp4,SheCurve,Apparel & shapewear,24.1,9:16,720x1280,109,271.4,279.0,3,1.24,False,Ladies I'm back with a review y 'all. If you want that foopa gum and,Ladies I'm back with a review y'all.,Waistline,,,,,,en,https://drive.google.com/file/d/1cd7SC2c8p0DWQy5xKNzmlcMWT69nzu5c/view?usp=drivesdk
Product Demo,product_demo-Ad-26-Mott & Bow.mp4,Mott & Bow,Apparel & shapewear,39.8,9:16,720x1280,90,135.7,158.0,0,0.0,False,Moana as you see. I'm about to,Moana as you see.,,Click the link below and get yours.,,,7.48,34.95,en,https://drive.google.com/file/d/16V6MCmUx4FOgBX-ImkNLPBHE4-jXB-Ov/view?usp=drivesdk
Product Demo,product_demo-Ad-27-HexClad.mp4,HexClad,Home & kitchen,50.4,4:5,720x900,57,67.9,180.2,35,6.95,False,,"In my opinion, 100% Clean up?",100% worth / S the investment | HexCladjfeels like vii,"If you're thinking about upgrading your kitchen, grab HexClad today and save when you buy the set.",HYBRID | HEXCLAD / Shop Now,bogo_bundle;urgency_time,44.24,41.74,en,https://drive.google.com/file/d/1gsolxChP-thRhFgbmEMv94D0lJpdIGW1/view?usp=drivesdk
Product Demo,product_demo-Ad-28-Mott & Bow.mp4,Mott & Bow,Apparel & shapewear,35.7,9:16,720x1280,37,62.1,266.2,9,2.52,False,,A lot of guys don't like wearing looks or as fashion changes your wardrobe doesn't have to.,,I'm going to go ahead and link them right here. Check them out today because I think they're on sale.,,urgency_time,,32.88,en,https://drive.google.com/file/d/1XG4jzWnH2Why6-lHTyojdHvhAgQ8uYkg/view?usp=drivesdk
Product Demo,product_demo-Ad-29-BURGA.mp4,BURGA,Travel & accessories,18.0,9:16,720x1280,0,0.0,,21,11.65,True,,,BACK TO ROUTINE ESSENTIA | BACK i pena 3 a / land / Cows,,See was | BURGA KINDEE CASES / BACK TO ROUTINE ESSENTIA,,,,en,https://drive.google.com/file/d/118OoUNioVxM86g50gukUS7fPcK1t3pvW/view?usp=drivesdk
Product Demo,product_demo-Ad-30-Savvy Finds.mp4,Savvy Finds,Apparel & shapewear,26.6,4:5,720x900,84,189.6,214.3,19,7.15,False,see if the internet is lying about this product. This is Airwaves,see if the internet is lying about this product.,It's time to see if the int mneti is / lying about this producti | It'sitime to see if the internets / lying about this' product | Recovery,,AN if / d better recovery | Pickup one for yourself,bogo_bundle,,,en,https://drive.google.com/file/d/1gU2vgksBsxA2Rg2U0hfRZsx7B58mCrQv/view?usp=drivesdk
Product Demo,product_demo-Ad-31-Javvy.mp4,Javvy,Supplements & wellness,64.6,9:16,720x1280,231,214.6,234.3,12,1.86,False,I'm gonna show you how I make my summer hydration drink. They give me sustained,I'm gonna show you how I make my summer hydration drink.,,"I will say they have been fighting to keep these bliggers in stock So if you're seeing this video and want to try it, I would run if I were you you're welcome",Mango Pin | protein,,,59.96,en,https://drive.google.com/file/d/1B_OSbauZr0HmgPlwSzRzkgzGzqyUUlkO/view?usp=drivesdk
Product Demo,product_demo-Ad-32-Mott & Bow.mp4,Mott & Bow,Apparel & shapewear,38.4,9:16,720x1280,69,107.7,148.2,2,0.52,False,"Mott & Bowes, Vigint","Mott & Bowes, Vigint and Vegas Look at here, look at here It's a beautiful day here in Las Vegas As you see the sun is up, it's gleaming outside And I put on my comfortable Mott Bowes Fashionable, stylish, comfortable All sizes and all colors Get your color on for the summer Call us the way you are,",,Click the link below.,,,0.85,31.67,en,https://drive.google.com/file/d/1F9U6uieOMIhuRwwFMl00KnY7B6YfW7NZ/view?usp=drivesdk
Product Demo,product_demo-Ad-33-BURGA.mp4,BURGA,Travel & accessories,20.5,9:16,720x1280,57,166.8,179.8,16,7.8,False,"If bold isn't your thing, keep scrolling, but if you're drawn","If bold isn't your thing, keep scrolling, but if you're drawn to what ignites your soul, stay.",,,,,,,en,https://drive.google.com/file/d/1pIa_pVJykNoVkEVCJF9sd9ms-1EYi8W7/view?usp=drivesdk
Product Demo,product_demo-Ad-34-RYZE Superfoods.mp4,RYZE Superfoods,Supplements & wellness,44.7,9:16,720x1280,155,207.9,222.7,17,3.8,False,If you bought rice but you're just not sure how to make the most out,"If you bought rice but you're just not sure how to make the most out of it, let me show you how to prepare it in just 30 seconds.",but youireljustn not sure | tort,I left a link below so you can take advantage of this promotion and get all of these gifts plus 40% off.,SO you / ic a bets / Mont / COPY A,percent_off;free_gift;bogo_bundle,,38.66,en,https://drive.google.com/file/d/1BNr7srPwApYGguQNnjemfnsUKCv8ponW/view?usp=drivesdk
Product Demo,product_demo-Ad-35-Canva-1.mp4,Canva,"Software, apps & info",36.9,9:16,720x1280,149,242.2,259.1,20,5.42,False,How to make aesthetic carousels like these. And this is exactly,How to make aesthetic carousels like these.,AESTHETIC CAROUSELS | exactly,,that's all for today 3 / save follow / for more,urgency_time,6.14,,en,https://drive.google.com/file/d/1xeJwYNZEzKGEes5NjDK3ybkfN2XK2zaK/view?usp=drivesdk
Product Demo,product_demo-Ad-36-The Foldie.mp4,The Foldie,Travel & accessories,58.9,4:5,720x900,170,173.3,195.8,23,3.91,False,This might be the most useful bag I own and I,This might be the most useful bag I own and I don't even use it just for travel.,This be might be the most be the most / useful be might be the most lown | This might be th | Nnel Come Even,,sone of those versatile / bags you keep around | because you never realize / how ofits You a,,,,en,https://drive.google.com/file/d/1B2cmZF_yBJZbVChQNToNJZJ_70X2eHB8/view?usp=drivesdk
Product Demo,product_demo-Ad-37-Jacob Hilton.mp4,Jacob Hilton,Supplements & wellness,31.3,9:16,720x1280,84,160.8,179.2,1,0.32,False,"If you want more energy, take Sheila Jit. If you want more drive in the bedroom,","If you want more energy, take Sheila Jit.",,,mars / MARS | MARS,price_anchor,,,en,https://drive.google.com/file/d/1xH4iu8W1pKO9IQ5DB2oLKHI0Ek4p5i96/view?usp=drivesdk
Product Demo,product_demo-Ad-38-Rythm Health.mp4,Rythm Health,Supplements & wellness,54.0,9:16,720x1280,152,168.9,181.2,3,0.56,False,That's the world's easiest blood test.,That's the world's easiest blood test.,1 D TEST,,BET YOU,urgency_time,,,en,https://drive.google.com/file/d/13z_F-D6n3-tXkydcQmgYcIph-56D-HB_/view?usp=drivesdk
Product Demo,product_demo-Ad-39-Savvy Finds-1.mp4,Savvy Finds,Apparel & shapewear,42.9,9:16,720x1280,145,202.7,210.0,24,5.59,False,Having something like this to help me curb those sweet cravings,Having something like this to help me curb those sweet cravings and get in some extra nutrition at the same time has been so helpful on my weight loss journey.,tape / Havingfsomething i like this to help / want | e this to help / me curbithose sweet cravings / rem set / devious / atria | NEAL / a something / ni to help / me curb thosefsweet cravings / A SUGAR / CHOCOLATE / Teta protein Per / 0 MEALS,,It's rere i belie / serving is onlys 7212 / calories / Nest Loss | THE HEALTHY / tow SUGAR / it is forryourself,bogo_bundle,,,en,https://drive.google.com/file/d/18upctKQEn8Fo6sIRtjlAACO8yku7CseT/view?usp=drivesdk
Product Demo,product_demo-Ad-4-IL Piccolo Camerino.mp4,IL Piccolo Camerino,Other/unclassified,29.3,9:16,720x1280,4,8.2,173.9,32,10.91,True,I like to sing,I like to sing,,,,,,,en,https://drive.google.com/file/d/1RESekZMGj8EAl_hwOpJLYZbYp9gzqZZb/view?usp=drivesdk
Product Demo,product_demo-Ad-40-The Foldie.mp4,The Foldie,Travel & accessories,44.2,9:16,720x1280,133,180.4,214.6,21,4.75,False,This is for people who hate hotel room chaos. The,This is for people who hate hotel room chaos.,The Foldie / Cameo,Take a look at the Foldy and try it risk-free for 60 days.,or 60 days,guarantee,,37.52,en,https://drive.google.com/file/d/1rJJ1YrIMq1xAgml96xbO2A-lWMwbi3g0/view?usp=drivesdk
Product Demo,product_demo-Ad-41-Mott & Bow-1.mp4,Mott & Bow,Apparel & shapewear,53.5,9:16,360x640,198,222.2,246.7,1,0.19,False,Martin Bauer sent me a script for this video and honestly I just didn't want to,Martin Bauer sent me a script for this video and honestly I just didn't want to use it and it's not because I have anything against them.,,,,price_anchor,,,en,https://drive.google.com/file/d/1u32-sneA4hqpnD-diCTu99QukHkX4YGR/view?usp=drivesdk
Product Demo,product_demo-Ad-42-Savvy Finds.mp4,Savvy Finds,Apparel & shapewear,32.9,4:5,720x900,114,207.8,222.8,26,7.9,False,The key to consistency is convenience. So when your,The key to consistency is convenience.,The to Consistency / CONVENIENCE / Race | The to Consistency,"Instead, head to trxtraining.com.",Work your / Arms / Legs / Back / Glutes | keep / you from / staying consistent,bogo_bundle,,28.8,en,https://drive.google.com/file/d/1C1KnT3X9gJuuzkoXhFDNC9TWxwQxUaYv/view?usp=drivesdk
Product Demo,product_demo-Ad-43-Averie Bishop.mp4,Averie Bishop,Supplements & wellness,60.9,9:16,720x1280,114,112.3,164.1,38,6.24,False,morning all you know what time it is. It is time to get some studying for the bar done and manage,morning all you know what time it is.,,,,promo_code,,38.79,en,https://drive.google.com/file/d/14rh4DEyvtVPNsY7WtZAo291k1vH06krB/view?usp=drivesdk
Product Demo,product_demo-Ad-45-SheCurve.mp4,SheCurve,Apparel & shapewear,36.6,9:16,576x1024,105,172.2,181.7,10,2.73,False,"I am so baffled, I spewled at how a bra can lift","I am so baffled, I spewled at how a bra can lift like this without any underwire.",,,,,,,en,https://drive.google.com/file/d/1epKd2DzT7ihwYBzeTa-k9brm-SxWGjLr/view?usp=drivesdk
Product Demo,product_demo-Ad-46-Ekster-1.mp4,Ekster,Travel & accessories,73.8,9:16,720x1280,243,197.6,213.0,30,4.07,False,"If I bought these vacuum bags with just height, then I actually tried","If I bought these vacuum bags with just height, then I actually tried them.",thought these vacuum bag ads were / just hype Then actually tried them | thought these vacuum bag ads were / just hype Then actually tried them | thought these vacuum bag ads were / just hype Then actually tried them,,,,,,en,https://drive.google.com/file/d/1rOAZ9cQNwVtiyTHYpC8wqTyGiw6VJMMq/view?usp=drivesdk
Product Demo,product_demo-Ad-47-Mott & Bow-1.mp4,Mott & Bow,Apparel & shapewear,36.0,9:16,720x1280,132,219.7,263.8,19,5.27,False,"Do you actually change out of your jeans before a long flight? Because same,",Do you actually change out of your jeans before a long flight?,you actually change outlof / Laos | Do you actually change / font,"I'm telling you, highly recommend check them out at MottinBow.com.",Belt 17 / YORK / m telling you,,12.24,29.7,en,https://drive.google.com/file/d/1UMnzECfeRRWENmaxbclIjqlXr3Xw2_bo/view?usp=drivesdk
Product Demo,product_demo-Ad-48-Mott & Bow.mp4,Mott & Bow,Apparel & shapewear,23.5,9:16,720x1280,89,227.0,250.0,2,0.85,False,Have you guys seen the price of these Superstretch Mott & Bow,Have you guys seen the price of these Superstretch Mott & Bow jeans?,,"You guys, if nouve you wanna pick a pair of these up there on sale, free shipping right now, I'll drop a link right there where you can get yours.",,percent_off;free_shipping;urgency_time;price_anchor,2.42,18.48,en,https://drive.google.com/file/d/1EvJ0CayzM6E4dK1-T1dSKLw_chXBZ5vn/view?usp=drivesdk
Product Demo,product_demo-Ad-49-Mott & Bow.mp4,Mott & Bow,Apparel & shapewear,36.7,4:5,720x900,114,186.2,239.3,15,4.08,False,,"These Mott & Bow jeans, man, they actually fit me the way jeans are supposed to fit.",Sere / If you're a mature man / over 70 these jeans / are made for you | If you're a mature man / over 70 these jeans / are made for you | If you're a mature man / wmms over 70 these jeans,,MOTT BOW,,3.78,,en,https://drive.google.com/file/d/1cdZ0bo4pwhCCWA_jS8qlbCK29l2aFojU/view?usp=drivesdk
Product Demo,product_demo-Ad-5-DRMTLGY.mp4,DRMTLGY,Beauty & skincare,28.0,9:16,240x426,47,100.6,184.3,2,0.71,False,"It has tons of actives in it. It's green leaf certified,",It has tons of actives in it.,PEPTIDE NIGHT CREAM / It has tons of actives in it | PEPTIDE NIGHT CREAM / It has tons of actives in it | PEPTIDE NIGHT CREAM / It's Green Leaf Certified,,and this has | wane,price_anchor,,,en,https://drive.google.com/file/d/1zAxnVmVdAj3S1fdcDAY8hTkapEoGz62d/view?usp=drivesdk
Product Demo,product_demo-Ad-50-Gymshark.mp4,Gymshark,Supplements & wellness,70.9,4:5,720x900,220,186.2,197.3,15,2.12,False,"The Lift Seamless Legging, everyday seamless leggings. It's the","The Lift Seamless Legging, everyday seamless leggings.",the lift seamless leggings | iraq / the lift seamless leggings | it's the Whitne / she is butte,,Se she's super flattering here | I just though,,,,en,https://drive.google.com/file/d/16DbaYFiAd6s_1xUiRlq5KhUKANf5bkkj/view?usp=drivesdk
Product Demo,product_demo-Ad-51-Savvy Finds-1.mp4,Savvy Finds,Apparel & shapewear,44.5,9:16,720x1280,87,117.3,196.1,19,4.27,False,"If you're looking for a supplement that will help improve your strength,","If you're looking for a supplement that will help improve your strength, endurance, recovery, and brain performance, creatine is one of the most research options out there.",Endurance / wine,,ithatil had been working,,,,en,https://drive.google.com/file/d/1_va25k7qIXjBHjfZjm20FWs_h_ajWnKF/view?usp=drivesdk
Product Demo,product_demo-Ad-52-DRMTLGY.mp4,DRMTLGY,Beauty & skincare,39.8,9:16,720x1280,33,49.7,193.0,14,3.52,False,,it's light weight and it's officially become my holy grail.,Why left my | foundation in 2023,,it self adjusts Dat | rile / You can thank me later,,,,en,https://drive.google.com/file/d/1x6arybDEAobhfpYoKKTn6rbLEn44GiLJ/view?usp=drivesdk
Product Demo,product_demo-Ad-53-Savvy Finds-1.mp4,Savvy Finds,Apparel & shapewear,42.2,9:16,720x1280,167,237.5,253.5,15,3.55,False,"Having my chronic pain be dismissed at the doctor's office used to be my normal,","Having my chronic pain be dismissed at the doctor's office used to be my normal, and it was exhausting having to stand up for myself time and time again.",Having my chronic pain be / dismissed at the doctor s office 7 | Having my chronic pain be / dismissed at the doctor's office 7 | used to be my normal,,and it s all thanksjto / my patient advocate | Back / You are covered / Based on your insurance your intake visit is / completely covered Review your details below / United Healthcare / Name / Sally S,,,,en,https://drive.google.com/file/d/1DUbSFQYG8bf_Vmvq52DsyX9zcb4zkRD7/view?usp=drivesdk
Product Demo,product_demo-Ad-6-Cymbiotika.mp4,Cymbiotika,Supplements & wellness,29.9,9:16,720x1280,58,116.2,189.1,11,3.67,False,My fitness performance has skyrocketed,My fitness performance has skyrocketed since I started taking Creatine Plus.,icy phonocksted sin,,andj build muscle / at the same time,,,,en,https://drive.google.com/file/d/1oBXHA-lsR2C-qUInL8tgtpQql5N1o9Bv/view?usp=drivesdk
Product Demo,product_demo-Ad-7-Hismile.mp4,Hismile,Beauty & skincare,31.7,9:16,720x1280,143,270.8,323.0,9,2.84,False,They said discard it and brush for 30 seconds.,They said discard it and brush for 30 seconds.,his mess U | Watch tthis mess up myzt / teeth / TikTok Affiliate Testimonial,"Because if it makes your teeth look this white, who wouldn't want to buy it? Just don't be dumb and get it full price because they just put it on sale. I'm gonna try to leave the link somewhere down here if you want to check it out.",sing | fer only available through link in this video / mporary results re apply as needed results vary,price_anchor,,24.3,en,https://drive.google.com/file/d/14yKQ1Palwh22R27eJBf01yDjr_nyXx_4/view?usp=drivesdk
Product Demo,product_demo-Ad-8-Huel.mp4,Huel,Supplements & wellness,26.1,9:16,720x1280,90,206.7,282.7,9,3.45,False,This is 10 grams of fiber. This is 10 grams of fiber.,This is 10 grams of fiber.,his is Gn of fibre | This is 10 g of fibre | This / is 10 g of fibre,And I can get 10% off if you subscribe and new customers can get 30 pounds in free gifts. So check them out.,and yes protein | 10% off for subscribers and / 30 in free gifts for new customers / in free gifts,percent_off;free_gift;urgency_time,,21.62,en,https://drive.google.com/file/d/1tfd44-Izx1c005PmK3EpzVdRLxszhsUw/view?usp=drivesdk
Product Demo,product_demo-Ad-9-Ugccreatorusa.mp4,Ugccreatorusa,Beauty & skincare,9.9,9:16,720x1280,0,0.0,,7,7.09,True,,,nal Try this instead | Dry lips Try this instead 4 | Dry lips Try th / Alan,,Dry lips Try th / Alan | Dry lips Tny this instead,,,,en,https://drive.google.com/file/d/18kxf6S4C3elgGZBgcQwKjhs1oS7iSijD/view?usp=drivesdk
Rage Bait,rage_bait-Ad-1-Savvy Finds-1.mp4,Savvy Finds,Apparel & shapewear,56.0,9:16,720x1280,210,224.8,242.3,12,2.14,False,"Genuinely, why are people still out here using mouth","Genuinely, why are people still out here using mouth tape for sleeping?",Genuinely / iwhy are people still out / here using mouthitape for sleeping | Genuinely / Mriyerenecple still out / here using mouth tapejfor'sleeping | Genuinely / nhiyeropeade still out / here using mouth tape forsleeping,You are more than welcome to try it for yourself. 30 nights risk-free and experience the drastic difference in sleep quality for yourself.,Experience the drastic,guarantee,,50.06,en,https://drive.google.com/file/d/1uaU6vcrhJUqY9OGs7MogiiI3N3FRdLKd/view?usp=drivesdk
Rage Bait,rage_bait-Ad-10-BURGA.mp4,BURGA,Travel & accessories,10.2,9:16,720x1280,0,0.0,,1,0.98,True,,,Sensitive Content / Warning Once you / try this cheap phone cases / won't hit the same | Sensitive Content / Warning Once you / try this cheap phone cases / won't hit the same | Sensitive Content / Warning Once you / try this cheap phone cases / won't hit the same,,Sensitive Content / Warning Once you / try this cheap phone cases / won't hit the same | Sensitive Content / Warning Once you / try this cheap phone cases / won't hit the same,,,,en,https://drive.google.com/file/d/11KsvyF-tgJ56oTVTLXmJXbrwRLrq-SBE/view?usp=drivesdk
Rage Bait,rage_bait-Ad-11-The Foldie.mp4,The Foldie,Travel & accessories,61.9,4:5,720x900,182,176.3,197.4,21,3.39,False,This honestly feels illegal. I ordered the Foldy travel,This honestly feels illegal.,This / feels / Illegal | very / oldie / The Foldie Travel Bag,"Some colors are already selling out, so if you've been thinking about getting one, I'd do it while there's a one-for-one free offer still running. Click below, choose your two favorite colors and enjoy getting a second folding completely free.",colors | Shop The Foldie,bogo_bundle;scarcity;price_anchor,,44.88,en,https://drive.google.com/file/d/1HioB3FUTSLJs07U-_kRz-D1RtEbwVFWa/view?usp=drivesdk
Rage Bait,rage_bait-Ad-12-Oats Overnight-1.mp4,Oats Overnight,Food & beverage,19.1,9:16,720x1280,52,163.8,240.4,5,2.62,False,Don't buy oats overnight. You don't need 20 grams of protein.,Don't buy oats overnight.,Oats / Overnight,,wees,,0.56,,en,https://drive.google.com/file/d/18Rd7MYg5H_CHzhhjVGS7CugRjqPxyxx6/view?usp=drivesdk
Rage Bait,rage_bait-Ad-13-BURGA.mp4,BURGA,Travel & accessories,52.1,9:16,720x1280,145,167.1,197.1,46,8.83,False,Stop throwing your cash away. You might think you're saving money,Stop throwing your cash away.,Warning you can't / unsee this about / your phone case / Tap To See | ing you can't / unsee this about / your phone case | cant / about,Good thing they have a buy two.,,,,43.8,en,https://drive.google.com/file/d/11Zr9TcLyoxv32xlEi8wJnoSEGOgkgOUa/view?usp=drivesdk
Rage Bait,rage_bait-Ad-14-The Foldie.mp4,The Foldie,Travel & accessories,153.2,4:5,720x900,421,164.8,181.0,76,4.96,False,My friend Janet basically called me ridiculous to my face,My friend Janet basically called me ridiculous to my face and she was right.,My friend Janet basically / called me ridiculous / you can / gent | My friend Janet basically / called me leisWieus / gently | omen Janet basically / called me ridiculous / TO MY FACE,,,,139.02,,en,https://drive.google.com/file/d/1xtDZnTrl29ALmzIJwlACgb8dCp8RA0Rv/view?usp=drivesdk
Rage Bait,rage_bait-Ad-15-Goli.mp4,Goli,Supplements & wellness,36.2,9:16,720x1280,147,243.8,247.3,6,1.66,False,"This a scam, this is a scam, and this is a","This a scam, this is a scam, and this is a scam too.",Pat a,But on their official TikTok shop you can get all three for less than the price of one. Now you'll note the official shop has this blue verified check mark and over 5 million sales. To make things easy I put the real ones in the orange cart but grab them now so you never get the fake ones again.,od OFFICIAL SHOP / TikTok verified / Goli Nutrition / Following / 540 6 K Eollowery 5 3 M sold Dears Videos 918 K shc / Get 20% off on orders with 3 items / goli / goli / APPLE / CIDER / VINEGAR / Noe,percent_off;bogo_bundle;price_anchor,,,en,https://drive.google.com/file/d/1Dg2nS3-Jj7GTtukoAOVmuIJw759Z9ndV/view?usp=drivesdk
Rage Bait,rage_bait-Ad-16-RYZE Superfoods.mp4,RYZE Superfoods,Supplements & wellness,105.4,9:16,720x1280,292,166.3,234.3,13,1.23,False,"Hey you, if you smoke weed and you're thinking about trying mushroom coffee,","Hey you, if you smoke weed and you're thinking about trying mushroom coffee, listen carefully.",If you,"So if you want to try it with a discount, I left the link below.",DOES | Your brain will thank you,,,97.0,en,https://drive.google.com/file/d/1tTBTVF3TH_q5Vf9Yhh4QuzLMFo0k32zH/view?usp=drivesdk
Rage Bait,rage_bait-Ad-17-The Foldie.mp4,The Foldie,Travel & accessories,66.1,9:16,720x1280,193,175.3,209.9,32,4.84,False,This tiny bag made me jealous. I'm always missing out on this,This tiny bag made me jealous.,alias / said | call,This incredible offer is only available until the end of the day so grab yours before it's gone,GONE | foldie / LIMITED / SALE / SHOP NOW / OFFER CAN END AT ANYTIME,scarcity,,54.4,en,https://drive.google.com/file/d/1U9uccTlNTEQvuYiI3032Gbc2Xa8P68fA/view?usp=drivesdk
Rage Bait,rage_bait-Ad-19-Savvy Finds-1.mp4,Savvy Finds,Apparel & shapewear,34.8,9:16,720x1280,126,217.1,236.4,19,5.46,False,"I'm going to have to return this product. This,",I'm going to have to return this product.,I'm probably going tO / vetoretimn this product | Sleep,,Sail | more time o,,,,en,https://drive.google.com/file/d/1oIDATX_HaXidsF7MS7hvLpYP-Eo1j1GG/view?usp=drivesdk
Rage Bait,rage_bait-Ad-2-RYZE Superfoods.mp4,RYZE Superfoods,Supplements & wellness,38.7,9:16,720x1280,129,200.0,220.8,13,3.36,False,Do not buy rise in mushroom coffee. They said it,Do not buy rise in mushroom coffee.,tall / ae ge Do NOT buy | si 0 NOT buy | They said it would help,"Oh, and a huge sale. Free shipping and free gifts in order. I'll put a link below. Hurry and go grab a bag before it's sold out here.",,free_shipping;free_gift;scarcity,,28.46,en,https://drive.google.com/file/d/1SEf8eQXDizOLoi3Y-a1MGtvG1w9r-BVb/view?usp=drivesdk
Rage Bait,rage_bait-Ad-3-Oats Overnight-1.mp4,Oats Overnight,Food & beverage,39.2,9:16,720x1280,158,241.5,267.3,39,9.94,False,"Okay, do not buy oats overnight until you understand all the benefits","Okay, do not buy oats overnight until you understand all the benefits you get because they are made in-house.",Do not buy Oats Overnight | Do not buy Oats Overnight | Oats / Oats / over / all the benefits you get,Oats Overnight wanted to build a company that gives their customers the best possible breakfast at the best price So they did trust your breakfast to give you the best start to your day and give Oats Overnight a try today,to give you the best,percent_off;free_shipping;urgency_time;price_anchor,0.88,33.0,en,https://drive.google.com/file/d/1oD3phuAc1v2S9yJZU-pLTr84SlCPA49u/view?usp=drivesdk
Rage Bait,rage_bait-Ad-4-The Foldie.mp4,The Foldie,Travel & accessories,51.6,4:5,720x900,130,151.1,164.1,12,2.32,False,is the best way to buy this bag.,is the best way to buy this bag.,My sister regrets buyin / this rave bag | My sister regrets buying / this travel bag | My sister regrets buying / this travel bag,,foldie / Get ready for your / summer adventures with Foldie,,,,en,https://drive.google.com/file/d/1C6YRJOEQVFN2qfBS7d57uOJ3U45c7Xmt/view?usp=drivesdk
Rage Bait,rage_bait-Ad-6-Savvy Finds-1.mp4,Savvy Finds,Apparel & shapewear,26.1,9:16,720x1280,80,183.8,228.4,26,9.96,False,"Here's the problem with this mouthpiece. Once you start wearing it, you'll",Here's the problem with this mouthpiece.,me aug / Win tons,,,,,,en,https://drive.google.com/file/d/1ZlkUQesO-8tKW73wWgtX4DSzOOvGP35H/view?usp=drivesdk
Rage Bait,rage_bait-Ad-7-Ava Perkins Cosmetic Chemist.mp4,Ava Perkins Cosmetic Chemist,Beauty & skincare,65.0,9:16,720x1280,252,232.7,249.5,9,1.39,False,No! Oh my god! Sometimes skincare mistakes aren't actually,No!,Sometimes skincare / mistakes aren't actually / mistakes,,Secret | the important part isn't / making the mistake,,,,en,https://drive.google.com/file/d/1XWdgH7auzNrhw324i4sXYZw08tHeuwou/view?usp=drivesdk
Rage Bait,rage_bait-Ad-8-The Foldie.mp4,The Foldie,Travel & accessories,54.1,4:5,720x900,147,162.9,191.1,22,4.06,False,"Free bag for everyone. Foldy has a buy one,",Free bag for everyone.,FREE bag for everyone | Today / Buy one / Get one / Buy 1 get 1 offer right now,"But don't wait, colors are limited.",Perfect for all ages | BUY I / FREE / SALE ENDS SOON / ALMOST SOLD OUT AGAIN,bogo_bundle;scarcity;urgency_time,,38.26,en,https://drive.google.com/file/d/1UEg-nfsjaY-P_XqlBFLGXUT2YVKM3TcO/view?usp=drivesdk
Rage Bait,rage_bait-Ad-9-True Classic.mp4,True Classic,Apparel & shapewear,12.7,9:16,720x1280,4,19.0,324.3,5,3.95,True,Oh! Oh! Oh! Oh,Oh!,Lane | Look at whats in the / water,,,,,,en,https://drive.google.com/file/d/1RU_aO-PSmiqxR1wt-YsB7f1j6usj2fr9/view?usp=drivesdk
Skit,skit_ads-Ad-1-llilyrowanwright-1.mp4,llilyrowanwright,Travel & accessories,50.3,9:16,720x1280,151,180.0,229.8,28,5.56,False,The tequila!,The tequila!,Haye you got the tickets | THE TEQUILA,"I will literally never be going to a festival without these again, and you shouldn't either, so make sure to grab them while they're still in stock",Get the Limited / Summer Collection | Limit / Buy 2 Get 1 FREE,bogo_bundle;scarcity,,37.51,en,https://drive.google.com/file/d/1tCLFgboylaJHVcx8TGUZLOjuHvEKYl99/view?usp=drivesdk
Skit,skit_ads-Ad-10-Everyday Dose.mp4,Everyday Dose,Supplements & wellness,110.6,9:16,720x1280,370,200.7,227.4,19,1.72,False,"What brings you in today? She was hungry, gassy,",What brings you in today?,gassy puffy,And right now they're running a discount and they're including a bunch of free gifts like a premium electric frother with a 45 day money back guarantee.,mama,free_gift;guarantee;urgency_time,85.02,95.58,en,https://drive.google.com/file/d/1-1AqgsTbkPJ-5d0AXZwrmduNm605OxNM/view?usp=drivesdk
Skit,skit_ads-Ad-11-Shapermint-1.mp4,Shapermint,Apparel & shapewear,88.5,9:16,720x1280,223,151.2,170.9,20,2.26,False,"We have the same body. Haha, no.",We have the same body.,We have the sams xochy,"They have a money back guarantee, but you probably won't use it.",Angel fi you | Link's below,guarantee;urgency_time,,79.86,en,https://drive.google.com/file/d/12OulqMBUdg5Vwp2LwqwShvW8cEUMJIaR/view?usp=drivesdk
Skit,skit_ads-Ad-13-Shapermint-1.mp4,Shapermint,Apparel & shapewear,87.2,9:16,720x1280,213,146.6,165.3,20,2.29,False,Why do you look so good in every outfit?,Why do you look so good in every outfit?,Why clo you look | Why clo you look | do you look,They have a money back guarantee But you probably won't use it.,Link's below,guarantee;urgency_time,,75.69,en,https://drive.google.com/file/d/1_9h_n3J33c317bQMU_aJNuf66hK019yD/view?usp=drivesdk
Skit,skit_ads-Ad-14-Rise Science.mp4,Rise Science,Supplements & wellness,15.0,9:16,720x1280,0,0.0,,6,4.0,True,,,6 4 time do YOU 99 | Sohwhatitime do you go / Seer,,like | found that timy ideal bedtime / isi 12 12 amfand my ideal / av more energy / 7 excited to workout,,,,en,https://drive.google.com/file/d/1WeHxPVsoMu4roz4Dm42B6QIVPz7FHLP4/view?usp=drivesdk
Skit,skit_ads-Ad-15-Carpe-1.mp4,Carpe,Men's grooming,62.4,9:16,720x1280,278,267.5,304.9,31,4.97,False,I gotta see how this actually feels. How did you make a taserscope?,I gotta see how this actually feels.,The performance shot | iste good i i | Pipes / Hey what are,"If you want to stay sweat and odor-free and keep your mind sharp, click that link below and stay dry out there.",Up to 56% OFF / free shipping / exfoliating wash | Up to 56% OFF / free shipping / mind sharp,percent_off;free_shipping;urgency_time,15.84,44.72,en,https://drive.google.com/file/d/1nbZstClEIxXLzDVb83mpfxpKtQ8o1RLa/view?usp=drivesdk
Skit,skit_ads-Ad-16-naturaltopviews.mp4,naturaltopviews,Supplements & wellness,61.7,9:16,720x1280,281,273.2,286.7,15,2.43,False,"Let's just say for example, you have a hard time getting this up when it's","Let's just say for example, you have a hard time getting this up when it's time to get busy with your girl.",POV you need / Testosterone Support / FOR EXAMPLE | POV you need / Testosterone Support / LETS JUST / FOR EXAMPLE | POV you need y / Testosterone Support,"The link is on the video, definitely pick yours up and take advantage because they're running a really good deal for it.",THEY'RE / RUNNING A,,,57.54,en,https://drive.google.com/file/d/1eJ0JD5ATIB5qGr_lxzm4ic4DSh-xYU67/view?usp=drivesdk
Skit,skit_ads-Ad-18-Everyday Dose.mp4,Everyday Dose,Supplements & wellness,52.4,9:16,720x1280,152,173.9,262.5,34,6.48,False,The nurse said a few things. Okay.,The nurse said a few things.,,"She said just don't be silly and pay $45 when you can get it for a huge discount. 40% off with a bunch of free gifts for over $100, plus free shipping. They already sold out twice, and they give you a special link to order while it's there.",summer Sale Live / $100 Value Starter Kit FREE / EVERYDAY / Electric Frother / FREE / DOSE / FREE / COFFEE / Wellness Booklet / FREE / 5 FREE / Delicious Coffee / Free Monthly Gifts,percent_off;free_shipping;free_gift;scarcity;price_anchor,,33.0,en,https://drive.google.com/file/d/1JSHvzSCkFrdag8w1t-MuTKI6UP5okLbb/view?usp=drivesdk
Skit,skit_ads-Ad-19-Everyday Dose.mp4,Everyday Dose,Supplements & wellness,84.3,9:16,720x1280,386,274.6,307.2,49,5.81,False,"Babe, I love you, but can I tell you something? True, babe.","Babe, I love you, but can I tell you something?",ARE YOU SURE,"and pay $45 for one bag when you can get the same 30 serving bag plus an entire box of free gifts, 40% off. I'll leave a link right there, but like I said, it is on sale right now so you might need to check if it's still available.",30 SERVING BAG,percent_off;free_gift;urgency_time;price_anchor,,64.4,en,https://drive.google.com/file/d/11Ay1Jp0aeZoFRE0xEEP86Vi-WIdnyuCu/view?usp=drivesdk
Skit,skit_ads-Ad-2-Gymshark.mp4,Gymshark,Supplements & wellness,34.8,9:16,720x1280,80,138.1,206.7,15,4.32,False,Gym for a gluity call seller. How can I assist you?,Gym for a gluity call seller.,GYMSHARK | LIFT,,GYMSHARK,,,,en,https://drive.google.com/file/d/1UMI5oGVQUrWxUYvap1QnrQC_HMOny1EW/view?usp=drivesdk
Skit,skit_ads-Ad-21-Javvy.mp4,Javvy,Supplements & wellness,75.2,9:16,720x1280,307,245.1,253.7,7,0.93,False,"How can I help you with? So yeah, I placed my order yesterday and",How can I help you with?,Another RETURN / pee with | Another RETURN / port call,"Wow, you are literally the best Okay, now I'm even more excited for this order to show up and trust me the first sip with pumpkin pie is going to be worth the Wait, you totally made my day.",trust at that first'sip with | ratios / Grab yours before it disappears / 't walk run,bogo_bundle;scarcity;urgency_time,,66.26,en,https://drive.google.com/file/d/1svRYfT0Oo1avInyt_6kW_VNfVCERquhf/view?usp=drivesdk
Skit,skit_ads-Ad-22-Dr. Squatch.mp4,Dr. Squatch,Men's grooming,55.4,9:16,720x1280,167,181.0,227.3,17,3.07,False,"Wait, is there a girl in my little brother's room?","Wait, is there a girl in my little brother's room?",,"That stuff's a cheat code. And it flies out, so grab it before the sale's gone.",Sedan | MEN'S NATURAL INVIGORATING COLOGNE / FIRESIDE / 30 Day Sudisfaction Guarantee / SHOP Now,promo_code;bogo_bundle;guarantee;price_anchor,3.34,44.28,en,https://drive.google.com/file/d/1hAFkOXJ4952wrBu1oT6NP-G1SDx8G6u2/view?usp=drivesdk
Skit,skit_ads-Ad-23-Gymshark.mp4,Gymshark,Supplements & wellness,16.1,4:5,720x900,2,7.5,142.9,20,12.44,True,,Daddy's home,OFFICIAL PRESS | CONFERENCE,,,,,,en,https://drive.google.com/file/d/1CUSmOFWNsnQBmTWTB1RN7pBuEXZkkmqB/view?usp=drivesdk
Skit,skit_ads-Ad-24-Bloom Nutrition.mp4,Bloom Nutrition,Supplements & wellness,42.5,9:16,720x1280,102,144.1,259.5,17,4.0,False,"Babe, don't even worry, I'm literally just here for one thing.","Babe, don't even worry, I'm literally just here for one thing.",,,pict / you go to Costcb,,10.1,,en,https://drive.google.com/file/d/1q19GVOHs9jJvcnFLl1qop1Q93wq7B5Gu/view?usp=drivesdk
Skit,skit_ads-Ad-25-Canva.mp4,Canva,"Software, apps & info",26.8,1:1,720x720,68,152.0,223.7,16,5.96,False,"If only layering was this simple. Well, now",If only layering was this simple.,,,Cant / Iry Magic Layers / for free today,urgency_time,3.84,,en,https://drive.google.com/file/d/1cVRClLijLHFO0pZcDWXGrjbQesAt_Hco/view?usp=drivesdk
Skit,skit_ads-Ad-26-Motion.mp4,Motion,"Software, apps & info",25.7,9:16,720x1280,119,278.0,301.0,11,4.28,False,"15 meetings, 18 projects, dude. My boss says he wants to touch - Oh, whoa,","15 meetings, 18 projects, dude.",When that elite co worker / wants you to win 7 / OR GENT | When that elite co worker / wants you to win 7 | When that elite co worker / wants you to win 7,,i you got,urgency_time,4.2,,en,https://drive.google.com/file/d/1Q0Ky39xk-gfGcXHD_jZWvc7mp2Z9B2vL/view?usp=drivesdk
Skit,skit_ads-Ad-27-Everyday Dose.mp4,Everyday Dose,Supplements & wellness,92.5,9:16,720x1280,293,190.1,215.9,49,5.3,False,I don't know if I can do this,"I don't know if I can do this No, no you need to tell her You need to tell her you got this you've got this.",,,DOVE,free_gift;urgency_time;price_anchor,10.81,61.15,en,https://drive.google.com/file/d/1-TEPlKQsYdU_Ejk0wsJCu1xTmE9VcJ2J/view?usp=drivesdk
Skit,skit_ads-Ad-28-Grüns-1.mp4,Grüns,Supplements & wellness,19.9,9:16,720x1280,67,202.3,294.3,1,0.5,False,"Hey, um, what's that in your bag? Oh, this is a supplement?","Hey, um, what's that in your bag?",what's that in your bag | h this is a supplement,You should try it. I literally can't go to the bathroom without struggling.,OhjmyJGod I'd love to | Have a great day / Based on ingredients in Grins like Fiber / hese statements have not been evaluated by the Food ani / This product is not intended to diagnose treat cure or p,,,10.48,en,https://drive.google.com/file/d/1cl5D5WvItDVwWFlF9yMBsHG7QhSu3Tx-/view?usp=drivesdk
Skit,skit_ads-Ad-29-Motion.mp4,Motion,"Software, apps & info",13.5,9:16,360x640,0,0.0,,3,2.22,True,,,,,,,,,en,https://drive.google.com/file/d/1mKJ6JMPxraQmuipdjueBy6Kel3bLB-h7/view?usp=drivesdk
Skit,skit_ads-Ad-3-Oats Overnight.mp4,Oats Overnight,Food & beverage,24.6,9:16,720x1280,0,0.0,,1,0.41,True,,,a Verizon / Not Playing / Do Not / Disturb | alex / hey can you check the porch for a package / it says delivered / this one / yessss it's my breakfast can you put it in the / kitchen for me / oh it's food i'm gonna take some | alex / this one / yessss it's my breakfast can you put it in the / kitch,,fine just not the cookies and cream i want / it tomorrow / whoops / this is why dad likes me better / you better hope you beat me to the fridge in / the morning / Delivered | fine just not the cookies,,,,en,https://drive.google.com/file/d/1ATxCJHZ4eYE_KleFp8ta3tFzzpEpnJ5e/view?usp=drivesdk
Skit,skit_ads-Ad-30-Oats Overnight-1.mp4,Oats Overnight,Food & beverage,47.3,9:16,720x1280,167,212.0,231.1,31,6.56,False,"I don't like oatmeal, it's just, I can't with the texture.","I don't like oatmeal, it's just, I can't with the texture.",don't like oatmeal | It's just can't with the texture | moments later,Look if she can find something she likes so can you so head to oats overnight comm and try it out for yourself today?,4 Sojhead to oatsovernight com,urgency_time,10.92,39.94,en,https://drive.google.com/file/d/1QILcp0jG9ytlFDxBsdUbwrX5WWETie_B/view?usp=drivesdk
Skit,skit_ads-Ad-31-Oats Overnight.mp4,Oats Overnight,Food & beverage,29.6,9:16,720x1280,105,212.5,221.5,15,5.06,False,Okay so I work with this guy and he's always going on about how,Okay so I work with this guy and he's always going on about how great his drinkable oatmeal shake is which to be honest doesn't sound like something I'd be into.,my eomeer goes orem,,oats / over / night / Green Apple Cinnamon / Our flavor dev team does great work This is the second best / flavor they ever created 20 g Protein / 0 a 0 a oa oats / Just ad i / Nutrition Label / 100% ,guarantee,,,en,https://drive.google.com/file/d/154reTs2r5_BTF1LAMLHUujmhb19gfLiV/view?usp=drivesdk
Skit,skit_ads-Ad-33-Rise Science.mp4,Rise Science,Supplements & wellness,47.5,9:16,720x1280,84,106.0,195.2,29,6.1,False,,"Hey, you almost hit me in comes like three accident.",bet bro sleeps until 8 30 am | bet bro sleeps until 8 30 am / Tees | bet bro sleeps until 8 30 am,,best / Tome / BQUIGK QUIZ 3 THEN | 1 GOTTA fe,,31.0,,en,https://drive.google.com/file/d/1AABiQ-pBzpCfidNT4S9AJAykPQTG1XBQ/view?usp=drivesdk
Skit,skit_ads-Ad-34-Everyday Dose.mp4,Everyday Dose,Supplements & wellness,32.4,9:16,720x1280,71,131.6,169.6,1,0.31,False,"Hey Aiden, what are you drinking? Coffee.","Hey Aiden, what are you drinking?",SWIG,,What age youldginkinare / lion's Mane | What are youldninki / Foe the / Chaga / Collagen / Skin hair eee / Low acidity arabicacoffee,,17.78,,en,https://drive.google.com/file/d/1idMLwXcKRf1Cc6wf9Es5kJuDZIsFf257/view?usp=drivesdk
Skit,skit_ads-Ad-35-Oats Overnight-1.mp4,Oats Overnight,Food & beverage,32.0,9:16,720x1280,118,221.0,288.3,9,2.81,False,"Hey, if you drink this, you'll get a million bucks, but if not, you'll go bald.","Hey, if you drink this, you'll get a million bucks, but if not, you'll go bald.",DISCLAIMER / Hey if you dri / this | DISCLAIMER / you'll / d million bucks,Where do I buy it?,YES IT WOULD / ROSS / you just made up,,4.62,27.2,en,https://drive.google.com/file/d/1pQWcG_FGANu0xRHC3BWzVJnu629NwVH-/view?usp=drivesdk
Skit,skit_ads-Ad-36-Oats Overnight.mp4,Oats Overnight,Food & beverage,42.8,9:16,720x1280,164,230.1,275.3,15,3.51,False,My battery's about to die so I'm gonna make this quick. You will never believe,My battery's about to die so I'm gonna make this quick.,My battery's about to die | so I'm going to make this quick | You will never believe,,Cookies Cream,urgency_time,17.46,,en,https://drive.google.com/file/d/1RdO91c7WAu_cKgqulDmQ_QMvJ5_FrWcr/view?usp=drivesdk
Skit,skit_ads-Ad-37-Dr. Squatch.mp4,Dr. Squatch,Men's grooming,53.0,9:16,720x1280,149,168.5,218.6,27,5.09,False,Who the f**k is this guy? Just see how the f**k did you do this to,Who the f**k is this guy?,is this guy,they're gone I'll drop a link but um don't say I didn't warn you so you're telling me it's half off trust me man,warn you,,9.62,40.14,en,https://drive.google.com/file/d/1_iXavFIPtBw8efrqbTbIXKUaSUIsMaKr/view?usp=drivesdk
Skit,skit_ads-Ad-4-Shapermint-1.mp4,Shapermint,Apparel & shapewear,86.0,9:16,720x1280,215,150.0,169.3,18,2.09,False,"Ugh, are you seriously throwing a card","Ugh, are you seriously throwing a card again?",,They have a money back guarantee But you probably won't use it.,Link's below,guarantee;urgency_time,,74.47,en,https://drive.google.com/file/d/1SwCnU8guxAy-gBzrv_unnY1YKP7fwCYa/view?usp=drivesdk
Skit,skit_ads-Ad-6-Motion.mp4,Motion,"Software, apps & info",30.5,9:16,720x1280,103,202.9,237.9,5,1.64,False,"Yeah, honestly, my aero assistant has really helped me lock in.","Yeah, honestly, my aero assistant has really helped me lock in.",This is actually / none of your | This is actually / none of your / business,,'Mind your business / try Motion free,,26.1,,en,https://drive.google.com/file/d/14F9e4hr7WDZMIqTa8AJjoZY10vRAzLuM/view?usp=drivesdk
Skit,skit_ads-Ad-7-Everyday Dose.mp4,Everyday Dose,Supplements & wellness,107.2,9:16,720x1280,389,217.8,237.8,27,2.52,False,"So, what brings you in today? My face is starting to look puffy and I've","So, what brings you in today?",you in today,They're also doing a massive sale right now and they're throwing in a ton of free gifts So I grabbed some now before it goes back to full price,So grabbed some now,free_gift;urgency_time;price_anchor,,73.76,en,https://drive.google.com/file/d/1FpP86GiwbGva_1qZ2DQPuEBh71p5SM7V/view?usp=drivesdk
Skit,skit_ads-Ad-8-Oats Overnight-1.mp4,Oats Overnight,Food & beverage,30.9,9:16,720x1280,17,33.0,217.0,12,3.88,False,What,What are you drinking?,Secs / 1 D bess,,,,,,en,https://drive.google.com/file/d/1_DJY6eErBSfaWTijfz8T11-3bQ1IyYaP/view?usp=drivesdk
Skit,skit_ads-Ad-9-Loop.mp4,Loop,Travel & accessories,54.0,9:16,720x1280,247,274.2,295.6,0,0.0,False,"Hey, are you wearing earplugs? Oh,","Hey, are you wearing earplugs?",Didn t expect this to / happen while working | Didn t expect this to / happen while working | Didn't expect this / happen while working,,these are | they have like a ton / of styles,urgency_time,3.88,,en,https://drive.google.com/file/d/1CEVknWK3zY3Wc8Bv_HVbiaZiiOFpJ52Z/view?usp=drivesdk
Storytelling,storey_telling-Ad-1-Janice Journal.mp4,Janice Journal,"Software, apps & info",49.7,9:16,720x1280,208,250.9,271.5,36,7.24,False,"I designed my very own j -card for my cassette tape, so here's how you can make","I designed my very own j-card for my cassette tape, so here's how you can make yours too on Kenva!",5 wits,Sign up today for free.,a it ito | to cleans,urgency_time,,48.38,en,https://drive.google.com/file/d/1HuwuNBiBiEwJcW7Flt7lWw-51xiZ2WwM/view?usp=drivesdk
Storytelling,storey_telling-Ad-10-The Foldie.mp4,The Foldie,Travel & accessories,76.7,4:5,720x900,259,202.6,241.3,31,4.04,False,"It's not just a stylish bag, it's a money saver. My friends","It's not just a stylish bag, it's a money saver.",It's not / iust a stylish bag | It's not just a stylish bag | My friends are always raving,"Go to the site, place your order, and get the best travel cross-body bag ever today.",foldie / LIMITED TIME OFFER / BUY 1 GET 1 FREE / ENDS TONIGHT,percent_off;scarcity;urgency_time;price_anchor,,47.9,en,https://drive.google.com/file/d/1t0jlfF5A8URErj3WyV_0eqABK_ufWYm0/view?usp=drivesdk
Storytelling,storey_telling-Ad-11-Savvy Finds.mp4,Savvy Finds,Apparel & shapewear,75.3,9:16,720x1280,258,205.4,227.2,2,0.27,False,I am rich in life. Do you want to know why?,I am rich in life.,Riiein I Lite,,get to Stay ingtineyixecl,,,,en,https://drive.google.com/file/d/1W4_tx-qImQUNmcao7T6cQQp8Br6XVrYX/view?usp=drivesdk
Storytelling,storey_telling-Ad-12-Phillip Ricke.mp4,Phillip Ricke,Travel & accessories,58.3,9:16,720x1280,94,96.8,239.4,13,2.23,False,"Everyone wants a taste of the high life, but not me. I'm not","Everyone wants a taste of the high life, but not me.",everyone wants ajtaste,,thanks to Philip | next time,,,,en,https://drive.google.com/file/d/1wuPMHLTH1MJwqv7oan3jaB5pL5W9liMO/view?usp=drivesdk
Storytelling,storey_telling-Ad-2-The Foldie.mp4,The Foldie,Travel & accessories,131.3,4:5,720x900,410,187.3,208.2,48,3.65,False,"The year after my divorce, I stopped doing anything just","The year after my divorce, I stopped doing anything just for me.",i is came / The year after / my divorce | Noes / The year after / jess | anyetoing just for mes,,his is your sign t,,86.6,,en,https://drive.google.com/file/d/1YhQMLinfNSsbfJAjCXT1_nu1uD9tjMDy/view?usp=drivesdk
Storytelling,storey_telling-Ad-3-Ekster.mp4,Ekster,Travel & accessories,64.6,9:16,720x1280,220,204.2,224.3,22,3.4,False,"This is how we got robbed. We were driving through the Algarve,",This is how we got robbed.,THIS IS HOW WE aon ROBBE | THIS IS HOW WE si ROBBED / Pate | We were driving through the Algarve,"And right now, there's actually a site-wide sale on, so click below and grab yours before it's gone at extor.com.",literally got one for every bag own,urgency_time,,51.08,en,https://drive.google.com/file/d/18Q6UD2rvTZ15gTm4eBO4S3V1fool76Yi/view?usp=drivesdk
Storytelling,storey_telling-Ad-4-RYZE Superfoods.mp4,RYZE Superfoods,Supplements & wellness,89.8,9:16,720x1280,270,180.3,190.9,53,5.9,False,Do you notice your face looking puffier because of,"Do you notice your face looking puffier because of stress, not your diet?",Have / Do a your fac / ship | Do you notice your fa / Paid partnership | Hove / because of stress / Paid partnership,Rice is 25% off right now and it comes with a 30 day money back guarantee.,$0 90 Per Serving / G $36 Refill Ships in 30 Days / G Adjust Shipments or Cancel Anytime / G Free US Shipping | Ai a come / And i / you don't love it,percent_off;guarantee;urgency_time;price_anchor,,79.82,en,https://drive.google.com/file/d/10BVzBtIo2rV4awIdTUoFHV0HliXK67QZ/view?usp=drivesdk
Storytelling,storey_telling-Ad-5-otti_ldn.mp4,otti_ldn,Travel & accessories,42.3,9:16,720x1280,176,249.9,259.7,45,10.65,False,There's a quote from my favorite song and it says the more you look the more you find.,There's a quote from my favorite song and it says the more you look the more you find.,tats,,Evans / Lief / fears / fetal / Save,bogo_bundle,,,en,https://drive.google.com/file/d/1hH2nKxT5fVY8PvaWkMVKKi7u6DAa01Te/view?usp=drivesdk
Storytelling,storey_telling-Ad-6-The Foldie-1.mp4,The Foldie,Travel & accessories,53.1,4:5,720x900,137,154.7,180.2,24,4.52,False,,"I used to spend hours making lists, changing my mind, wondering whether I had packed too much or forgotten something important.",never expected this / to fix my packing promlems | never expected this / to fix my packing prob / deal | never expected this / to fix my packing problems,,Take a look at / The Foldie / Sis a,,,,en,https://drive.google.com/file/d/1YOhmpjOEjw6bKIppcByyAJXNyg7gePR7/view?usp=drivesdk
Storytelling,storey_telling-Ad-7-The Foldie-1.mp4,The Foldie,Travel & accessories,53.3,4:5,720x900,165,185.6,210.5,30,5.62,False,My wife is freaking obsessed with this bag. I,My wife is freaking obsessed with this bag.,My wifeis freaking / ebsessed with this bag | bought it fornoure / sate,Take a look at the Foldy and try it completely risk-free today.,gee ailook at Tihe Foldie,guarantee;urgency_time,,44.68,en,https://drive.google.com/file/d/1GE-OlXwgsO6IMM1aungerG9AhCqtUDqf/view?usp=drivesdk
Storytelling,storey_telling-Ad-8-Silly Wellness Mama.mp4,Silly Wellness Mama,Supplements & wellness,28.5,9:16,720x1280,105,220.8,227.6,12,4.21,False,Look how easy it is to switch between modes. These are my loops,Look how easy it is to switch between modes.,3 in 1 earplug,the music blasted the instructor my nervous like too much and finally quiet more for what I need to put out all of the distraction plus the key to the people often take them for jewelry if you're curious about trying to be a put that link below.,t all of the potash ss / mail,,,24.28,en,https://drive.google.com/file/d/15DBofvL3og9OZEAzk13PIZg0A5wBTQqp/view?usp=drivesdk
Storytelling,storey_telling-Ad-9-harrys.mp4,harrys,Men's grooming,119.4,9:16,720x1280,456,229.2,250.2,41,3.43,False,I went to Catholic Church for a crime I didn't commit.,I went to Catholic Church for a crime I didn't commit.,,,,,,,en,https://drive.google.com/file/d/1dIVSTUdWVgSl07pnXErM5_H8Nc2vDRiX/view?usp=drivesdk
Street Interview,street_interview-Ad-1-Bloom Nutrition.mp4,Bloom Nutrition,Supplements & wellness,10.9,9:16,720x1280,24,131.9,166.7,8,7.33,False,"Yes, I","Yes, I Love it absolutely delicious.",Ever wondered / what Bloom / Greens actually / taste like | Ever wondered / what Bloom / Greens actually / taste like | Students / share their initial / reactions,,Absolutely delicious | SLAY / stout / s actually so good,,,,en,https://drive.google.com/file/d/1NoM0WvQEnwqRYdiBvfv7eXMJMG2I3FNr/view?usp=drivesdk
Street Interview,street_interview-Ad-10-Oats Overnight.mp4,Oats Overnight,Food & beverage,56.3,9:16,720x1280,231,246.2,281.9,25,4.44,False,"It's not like mushy, it goes down smooth and yeah, it's tasty.","It's not like mushy, it goes down smooth and yeah, it's tasty.",Jake / yeas / comes / Nobody has time for / breakfast apparently | Rely / Nobody has time for / breakfast apparently | Nobody has time for / breakfast apparently,You get 25% off your first purchase and you get your first free shaker bottle.,oats / over / night / Better Flavors / Better Mornings | Bite,percent_off;bogo_bundle,25.72,28.22,en,https://drive.google.com/file/d/1qGEZwgtNz0XVsmHUew9FQNqVMlj6H_Km/view?usp=drivesdk
Street Interview,street_interview-Ad-11-Rise Science.mp4,Rise Science,Supplements & wellness,26.1,9:16,720x1280,106,244.2,283.2,6,2.3,False,"Hey, excuse me, sir? Yeah. What time do you wake up? 4 .44 a .m. Sleeping","Hey, excuse me, sir?",Sleeping early kills / Sa YOUr testosterone / el excuse me Sir | Sleeping early kills / Yeah,,your sleep window / joel,,11.9,,en,https://drive.google.com/file/d/1kqpQVgY6ZBk8WgxQkkrhhc7z1Hb-sRQQ/view?usp=drivesdk
Street Interview,street_interview-Ad-12-Oats Overnight-1.mp4,Oats Overnight,Food & beverage,37.8,9:16,720x1280,39,61.9,80.9,17,4.5,False,That's perfect.,That's perfect.,One of the BEST / Oats Overnight flavors / These | One of the BEST / Oats Overnight flavors,OatsOvernight.com You get 25% off your first order and you get a free shaker.,male / made | on your first purchase / night / Try one of our prefilled customizable / bundles / bats,percent_off;bogo_bundle,33.32,34.12,en,https://drive.google.com/file/d/1T8R-NvktayDLoeyTprm-qLLqxpe3MoSb/view?usp=drivesdk
Street Interview,street_interview-Ad-13-Oats Overnight-1.mp4,Oats Overnight,Food & beverage,32.9,9:16,720x1280,130,237.1,297.5,16,4.86,False,"Does it taste like cookie at all? Yeah, it does.",Does it taste like cookie at all?,Rest | Cookiejat all a | balk / i Beat,your order.,Peal / Mes a / Word / okay / Wigs / Bite / Sates | Best,,5.06,31.34,en,https://drive.google.com/file/d/1SzNvMMPY_uwgcI9isPKW3MfPlOSTcOvw/view?usp=drivesdk
Street Interview,street_interview-Ad-14-Everyday Dose.mp4,Everyday Dose,Supplements & wellness,56.2,9:16,720x1280,251,268.0,302.8,15,2.67,False,Which one of you guys is the brands in the relationship here? The brains are just,Which one of you guys is the brands in the relationship here?,the brains,,to drink coffee | EVERYDAY / FUEL YOUR / MIND BODY / 45 DAY MONEY BACK GUARANTEE,guarantee,33.02,,en,https://drive.google.com/file/d/1wQvT-BTr-7oOZ_0wl_DqO61pvIkretJE/view?usp=drivesdk
Street Interview,street_interview-Ad-2-Oats Overnight.mp4,Oats Overnight,Food & beverage,41.7,9:16,720x1280,148,213.1,329.6,22,5.28,False,When,"When you're in a rush, you're on the go, you have no time.",Do you / skip breakfast | heal / Do 605 Ship breakfast,You get 25% off your first purchase and you get your first shaker free.,Alas / feta,percent_off,17.06,21.44,en,https://drive.google.com/file/d/1yyL-D8FnubHx5Tl6BkoRpJbqgrtAzfVj/view?usp=drivesdk
Street Interview,street_interview-Ad-3-Oats Overnight-1.mp4,Oats Overnight,Food & beverage,38.5,9:16,720x1280,16,24.9,113.2,22,5.71,False,,It must be good.,The taste shocked / A J everyone | The taste shocked / Mill,,soul / Chocolate Chip / Cookie Dough / protein / poco | on your first purchase / night / Okay Be wuTl Is Ul,,,,en,https://drive.google.com/file/d/1m1N_uBxERMld2tsRsc4NbVVp9Y-ssk9W/view?usp=drivesdk
Street Interview,street_interview-Ad-4-Everyday Dose.mp4,Everyday Dose,Supplements & wellness,49.2,9:16,720x1280,223,272.1,323.5,13,2.64,False,"Which one of you is your relationship? I'll be the brains, yeah. Shall we put this",Which one of you is your relationship?,7 Shall we put this,"Check it out, go to everydaydose.com, click the link, check it out for yourself.",i arabica coffee | yaks / everydaydose com / prone,,29.66,44.32,en,https://drive.google.com/file/d/1cpxNXVaSPFpw2adCbsjEONQg0AQTSDk3/view?usp=drivesdk
Street Interview,street_interview-Ad-5-Caraway-1.mp4,Caraway,Home & kitchen,61.5,4:5,720x900,226,220.4,238.7,22,3.58,False,"Hi, I have a question for you. When was the last time you replaced your cookware?","Hi, I have a question for you.",pint 9 / See Terms Conditions,Shop at www.shops.com to automatically enter to win.,Ties,urgency_time;price_anchor,30.74,59.08,en,https://drive.google.com/file/d/1AMZr7wmNNh5Oyxa1pifHoytFNSemEOnF/view?usp=drivesdk
Street Interview,street_interview-Ad-6-Oats Overnight.mp4,Oats Overnight,Food & beverage,55.1,9:16,720x1280,161,175.4,253.7,28,5.08,False,Do you normally eat breakfast in the morning? Do you normally eat breakfast in the,Do you normally eat breakfast in the morning?,i Asking strangers eS / if they skip breakfast | far if / if they skip breakfast | ALAN,,Wail | oatsovernight com / over / night / Better Flavors / Better Mornings / A healthy breakfast that tastes like dessert,bogo_bundle,24.2,,en,https://drive.google.com/file/d/1f66hE9vnxrp5H_mQmDXdd_UhZ73fAc-X/view?usp=drivesdk
Street Interview,street_interview-Ad-7-Caraway-1.mp4,Caraway,Home & kitchen,88.0,9:16,720x1280,362,246.7,283.2,26,2.95,False,This is what we were working with before. Here's your new,This is what we were working with before.,See Terms Conditions | Conditions for details,"Now is the perfect time to shop Caroway Home, where we're hosting our biggest giveaway in Sweep 6 ever. Shop today and good luck!",,bogo_bundle;urgency_time;price_anchor,3.06,78.12,en,https://drive.google.com/file/d/13bvN4DUhmjLM2mPqm-rTybgQA9s6BLHa/view?usp=drivesdk
Street Interview,street_interview-Ad-8-Drink BRĒZ.mp4,Drink BRĒZ,Supplements & wellness,52.7,9:16,720x1280,202,229.9,235.6,27,5.12,False,Today you're walking in Washington State Park giving out breeze let's go,Today you're walking in Washington State Park giving out breeze let's go see what people think.,fan dat,,bacon | omega / peas / sate,urgency_time,7.62,,en,https://drive.google.com/file/d/1NMhwo0a7RcgVOGjZkHpwmaqvJ3-Cwkok/view?usp=drivesdk
Street Interview,street_interview-Ad-9-Oats Overnight-1.mp4,Oats Overnight,Food & beverage,34.9,9:16,720x1280,144,247.3,297.1,17,4.87,False,I'd love to get your opinion on this. Will you give this a taste for me? Sure.,I'd love to get your opinion on this.,Asking strangers to i / seer | Casi / Mime / Asking strangers to / 8 blind Lt test o / i ere,"You're going to go buy oats overnight? over night, build your own box for 25% off and you get a free protein shaker with it as well.",Rare pen | oats / over / night / Ahealthy breakfastthat tastes like dessert / Shop Now / 166 114 Reviews / New Here,percent_off;bogo_bundle,9.3,25.2,en,https://drive.google.com/file/d/1ofbRtcJgx9RuJw6RVpn-qiWh8OkbYqJI/view?usp=drivesdk
Testimonial,testimonial_-Ad-1-Loop-1.mp4,Loop,Travel & accessories,28.8,9:16,720x1280,80,166.9,186.6,8,2.78,False,"I think that they, a little bit","I think that they, a little bit more sound than the experienced ones.",,,was just ope | it would be hal,,,,en,https://drive.google.com/file/d/1mHYzFUsIR6s8_qoKDZnO31Y0IYXEeDYO/view?usp=drivesdk
Testimonial,testimonial_-Ad-10-Dore & Rose.mp4,Dore & Rose,Beauty & skincare,36.6,9:16,720x1280,116,190.2,201.5,18,4.92,False,I had no idea my old pillowcase was making my hair,I had no idea my old pillowcase was making my hair fall out.,I HAD NO IDEA | HAD NO IDEA | My Old Pillow Case Was / Making My Hair Fall Out,Click through now to get one before they run out.,DORE ROSE / Seen I've used the wide mask to sleep / CLICK THROUGH / FOR A DISCOUNT / Showing our 5 star reviews / Most / le made from / si ver prey it kills 99 7% of bacteria / SHOP SALE,,7.54,34.34,en,https://drive.google.com/file/d/1L4eQ9WRuN5rbYgUY7aTSDavmAnxTlL3O/view?usp=drivesdk
Testimonial,testimonial_-Ad-11-Oats Overnight.mp4,Oats Overnight,Food & beverage,20.1,9:16,720x1280,0,0.0,,3,1.5,True,,,Fats / over | Hats / over / High | Oats / over,,Just add milk / Boston / ace Vermont maple / Free / and more | Find out why / 1 000 000 happy customers / disagree,,,,en,https://drive.google.com/file/d/1uTXooJObAf_7PPAQMy2abw47vKBwkHTr/view?usp=drivesdk
Testimonial,testimonial_-Ad-14-Alex Hormozi.mp4,Alex Hormozi,"Software, apps & info",73.9,4:5,720x900,189,153.5,170.8,19,2.57,False,"That's when Layla and Alex, they just said, you guys have","That's when Layla and Alex, they just said, you guys have an options problem.",they just / said you / guys have,,Business Community of $1 M founders / BY ACQUISITION COM,price_anchor,1.32,,en,https://drive.google.com/file/d/1A8mpMfK92xnLXcVKwT5zJ4P3r2Ie1s_j/view?usp=drivesdk
Testimonial,testimonial_-Ad-15-The Foldie-1.mp4,The Foldie,Travel & accessories,65.0,4:5,720x900,120,110.7,136.0,45,6.92,False,luggage was for me much too complicated,luggage was for me much too complicated when traveling much too heavy always stressed at the gate so it was so impossible that I nearly decided not to travel anymore.,tiny,,PACKING SPACE,,,,en,https://drive.google.com/file/d/1fvh34qpd-6S2cSrM_d8-pqyOXhuMx8Ge/view?usp=drivesdk
Testimonial,testimonial_-Ad-21-Kenzie Blair.mp4,Kenzie Blair,Supplements & wellness,45.2,9:16,720x1280,174,231.1,244.8,17,3.76,False,"I wasn't expecting to notice the differences quickly, but here's what happened after","I wasn't expecting to notice the differences quickly, but here's what happened after taking AG1 for 30 days.",to notice a difference,"If you want to try it, you get a free welcome kit with your first subscription order.",wine days start / for new subscribers only,,,34.38,en,https://drive.google.com/file/d/1MAeZeqHnNocyuQmsxOswaBkvYniTBeZY/view?usp=drivesdk
Testimonial,testimonial_-Ad-22-Cymbiotika.mp4,Cymbiotika,Supplements & wellness,42.2,9:16,720x1280,131,186.4,208.2,14,3.32,False,I am Becca. I have been taking symbiotica for a,I am Becca.,1 AM BECCA | Lit He OVER,,,,,,en,https://drive.google.com/file/d/1uloxAR6xpATiHDx5IH6g2TuCzBOxtb1Z/view?usp=drivesdk
Testimonial,testimonial_-Ad-25-Loop.mp4,Loop,Travel & accessories,37.1,9:16,720x1280,118,190.7,231.4,22,5.93,False,"Hi, my name is Tony Cordolia and I'm the head of production at JOSMO","Hi, my name is Tony Cordolia and I'm the head of production at JOSMO Studio.",my name is Tony / Head of production at / Josmo Studio | Hi my name is Tony / head of production at / Josmo Studio,,Sitting nice and / helmet,,4.28,,en,https://drive.google.com/file/d/1NY7k9K5s8frSv4TRQ3M_mzdPDn0bDNuH/view?usp=drivesdk
Testimonial,testimonial_-Ad-30-Bloom Nutrition.mp4,Bloom Nutrition,Supplements & wellness,12.1,1:1,640x640,0,0.0,,1,0.82,True,,,Can't live without bloom nutrition Y / Yetototo BEST tasting greens / Reviewed in the United States on October 18 2021 / or Name Coconut / Size 30 Servings Pack of 1 / Verified Purchase / o need Q e Bloom Nutrition in my life F / heyimliizz The BEST greens have the / original and it's so tasty / lik,,i kristilu Tried for the first time today and / s 00000 good / greens a / every fla / yy I struggle w gut problems and bloom nu has / week no / been the best for me bc don't have to be in / pain be of,urgency_time,,,en,https://drive.google.com/file/d/15m6QofSRr1PiaZIrV8j_WSbgTNxpZb0a/view?usp=drivesdk
Testimonial,testimonial_-Ad-34-Caraway-1.mp4,Caraway,Home & kitchen,8.1,4:5,720x900,0,0.0,,4,4.93,True,,,Perfect Saut Pn / lam so happy that purchased this saut pan wanted to try Caraway but thought about ju / getting / Wonderful Gift / This Saut Pan was a birthday gift for my sister She has one other piece fron / happy to add another to her collection The sage color is very pretty and ma / stock / app,,The brand with 75 k / 5 star FEES | See ee all the buzz is about,bogo_bundle,,,en,https://drive.google.com/file/d/1YmsablzGSK4kfq8a_jRB3X1y9sFdPwAR/view?usp=drivesdk
Testimonial,testimonial_-Ad-36-Rise Science.mp4,Rise Science,Supplements & wellness,60.5,9:16,720x1280,234,232.1,236.8,0,0.0,False,I go to bed whenever. Last night was 2am the night before,I go to bed whenever.,Overweight / 9% Body Fat / whenever | Overweight / 9% Body / whenever / Night | 9% Body Fat / action,I swear knowing your perfect sleep schedule is a cheat code some days.,weight / 9% Body Fat / tay 8 hours / Ut still hit / around 3 / ight but its | 4 Overweight / may 8 hours / of sleep / round 3,promo_code,,45.86,en,https://drive.google.com/file/d/1WzaRNC_1HUZ4Wzo20Rg3hPh3cBQtdMPP/view?usp=drivesdk
Testimonial,testimonial_-Ad-37-Seed.mp4,Seed,Supplements & wellness,29.1,4:5,720x900,56,115.5,176.7,13,4.47,False,,I couldn't really tell if they were working until I started taking DSO1.,Before trying DS 019 / tried all sorts of probi | Before trying DS 01 / tried all sorts of probiot,Visit seed.com to start today.,ee words that would,urgency_time,25.66,25.22,en,https://drive.google.com/file/d/11jHhU1vP2KDs334_YtpYG7eioc3cTkel/view?usp=drivesdk
Testimonial,testimonial_-Ad-4-WHOOP.mp4,WHOOP,Supplements & wellness,69.9,9:16,720x1280,294,252.3,268.2,7,1.0,False,"So there's something I've been wearing and no,","So there's something I've been wearing and no, it's not a watch, but it is this thing right here and it's called Woop.",,"There's a link below, so make sure you hit it because you won't be missing out.",ithout any struggles | coven,,,65.62,en,https://drive.google.com/file/d/17lecmh-XdzR9QR8pDYo7C55Cv9zgy4eH/view?usp=drivesdk
Testimonial,testimonial_-Ad-41-Alex Hormozi.mp4,Alex Hormozi,"Software, apps & info",73.9,4:5,720x900,242,196.5,221.9,19,2.57,False,I'm going to learn something that'll help me make more money or help me save time.,I'm going to learn something that'll help me make more money or help me save time.,something / that'll help ml | or help / me save,,URS A MONTH | Business Community of $1 M founders / BY ACQUISITION COM,price_anchor,30.78,,en,https://drive.google.com/file/d/1X6KmoqBBwc6fhexhQaTIAGjI9WcHhNGH/view?usp=drivesdk
Testimonial,testimonial_-Ad-42-Mott & Bow-1.mp4,Mott & Bow,Apparel & shapewear,21.1,9:16,720x1280,0,0.0,,1,0.47,True,,,These white tee shirts are / what I reach for everyday / The staple in my wardrobe / Ellen F 7 A / EACH / WITH THE 3 PACK | These white tee shirts are / what I reach for everyday / The staple in my wardrobe / EACH / WITH THE 3 PACK | These white tee shirts are / what I reach for everyday / The stapl,,These white tee shirts are / what I reach for everyday / The staple in my wardrobe / EACH / WITH THE 3 PACK,,,,en,https://drive.google.com/file/d/123ECZ4p4olE5LkGaDJkJrfDO6TdY2jFQ/view?usp=drivesdk
Testimonial,testimonial_-Ad-48-Reader's Digest.mp4,Reader's Digest,Supplements & wellness,50.5,9:16,720x1280,109,129.6,158.5,46,9.11,False,I notice a difference when I take AlphaBrain.,I notice a difference when I take AlphaBrain.,I notice,,BRAIN / Focus / MEMORY / 90 REACTION TINE / DIETARY SUPPLEMENT / FIND YOUR FOCUS AT,,,,en,https://drive.google.com/file/d/1j-1K2fAYL4wuVTesP3Doy1rIE-RmsgbH/view?usp=drivesdk
Testimonial,testimonial_-Ad-52-HexClad-1.mp4,HexClad,Home & kitchen,36.7,9:16,720x1280,0,0.0,,5,1.36,True,,,Yee fete I threw out all my other pans / Reviewed in the United States on June 26 th 2026 / Verified Purchase / No seriously This does it all Nothing sticks It cleans with no effort / Can use metal spatulas Can handle the heat is oven safe The bonus / it s safe to use highly recommend it | ee etek I,,Yee fete I threw out all my other pans / Reviewed in the United States on June 26 th 2026 / Verified Purchase / No seriously This does it all Nothing sticks It cleans with no effort / Can use metal sp,,,,en,https://drive.google.com/file/d/1kBmys0h9xy8YEKbgdS4P_EutemfDg8gY/view?usp=drivesdk
Testimonial,testimonial_-Ad-53-Dore & Rose.mp4,Dore & Rose,Beauty & skincare,28.2,4:5,720x900,95,201.8,205.0,6,2.12,False,"Okay, I was pretty skeptical at first too, but after reading","Okay, I was pretty skeptical at first too, but after reading recommendations from experts and hundreds of positive reviews via door and rose I was won over and since then I swear by it as my skin has become so much calmer The fabric is very soft and therefore causes less friction This also makes it ",Reply to kerry 21321 's comment / Is buying a silk pillowcase / worth it | Reply to kerry 21321 's comment / Is buying a silk pillowcase / worth it / Okay was pre / t first too | Surgeon / You get healthy skin with the right / ingredients in your skin care products the / nutrients you consume and th,The link to the website is below,and no longer / wake up | nana,,7.66,21.72,en,https://drive.google.com/file/d/1krj_W3GysGNN-0n7IpkaADZZ_F6aWioL/view?usp=drivesdk
Testimonial,testimonial_-Ad-6-Bloom Nutrition-1.mp4,Bloom Nutrition,Supplements & wellness,10.5,9:16,720x1280,0,0.0,,0,0.0,True,,,Made my skin glow my nails / stronger and my hair shiny / HAIR / skin / net WE | Made my skin glow my nails / stronger and my hair shiny / Strum / HAIR / wet we | Made my skin glow my nails / stronger and my hair shiny / loom / Strum / HAIR,,Made my skin glow my nails / stronger and my hair shiny / Bloom | Made my skin glow my nails / stronger and my hair shiny / Strum / CREAM / net WE,,,,en,https://drive.google.com/file/d/1nDj1ZhHEXRO39E3iOarTzVJjF14hmT4N/view?usp=drivesdk
Ultra Cinematic,ultra_cinematic-Ad-1-Loop-1.mp4,Loop,Travel & accessories,9.6,9:16,720x1280,0,0.0,,0,0.0,True,,,Why settle for one / pair of earplugs / Bundle and save up to 20% | Why settle for one / pair of earplugs / Bundle and save up to 20% | Why settle for one / pair of earplugs / Bundle and save up to 20%,,Why settle for one / pair of earplugs / Bundle and save up to 20% | Why settle for one / Bundle and save up to 20%,bogo_bundle,,,en,https://drive.google.com/file/d/1_AejrmY5z5AWwL7TaeSptL5Ij7mCt6cc/view?usp=drivesdk
Ultra Cinematic,ultra_cinematic-Ad-10-HexClad-1.mp4,HexClad,Home & kitchen,74.1,9:16,720x1280,131,106.1,152.9,53,7.15,False,"It says their cookware is durable, but here at Hexclad,","It says their cookware is durable, but here at Hexclad, we don't just say it, we test it.",HAT DOES,,,,2.94,,en,https://drive.google.com/file/d/1F4jyVJHZ6P4SphlOk4GmhFI9ERFKeqs0/view?usp=drivesdk
Ultra Cinematic,ultra_cinematic-Ad-11-Brick - Take Back Your Time.mp4,Brick - Take Back Your Time,"Software, apps & info",30.7,9:16,720x1280,115,224.9,257.7,8,2.61,False,"There's a reason Brick has over 50 ,000 5 -star reviews.","There's a reason Brick has over 50,000 5-star reviews.",Brick has over | 5 star reviews,"See, if the Brick is over there, that means I can't tap my phone, which means I can't use my distractions.",,urgency_time,0.46,16.18,en,https://drive.google.com/file/d/1OKbeuhYdA21S9OEu5fxPn8KqAvNc5IrQ/view?usp=drivesdk
Ultra Cinematic,ultra_cinematic-Ad-12-Cymbiotika-1.mp4,Cymbiotika,Supplements & wellness,10.5,4:5,720x900,0,0.0,,7,6.66,True,,,rain Health,,,,,,en,https://drive.google.com/file/d/1zH82nY-G-7uq_8oVAYFX6NnWB0AsCq49/view?usp=drivesdk
Ultra Cinematic,ultra_cinematic-Ad-13-Montana Farrah-Seaton-1.mp4,Montana Farrah-Seaton,Supplements & wellness,16.1,9:16,720x1280,53,197.1,275.1,4,2.48,False,Confidence on race day comes from everything you did every day before it.,Confidence on race day comes from everything you did every day before it.,Ultra runner | Ultra runner,,,,,,en,https://drive.google.com/file/d/1iiFt_KpfZ5tygD0ruih2sv56JpzBfcg9/view?usp=drivesdk
Ultra Cinematic,ultra_cinematic-Ad-14-Harry's-1.mp4,Harry's,Men's grooming,14.6,9:16,720x1280,55,226.2,247.7,6,4.11,False,Do you hear that? That's what happens when you press too hard when you shave. That's why we made Harry's Plus. You don't have to press at all.,Do you hear that?,Oo you hear that | that / Do you hear | Do you hear that,Try it for only $10.,Harry's Plus,guarantee;price_anchor,0.06,8.04,en,https://drive.google.com/file/d/1KlS_z4J6rrGcPJjd9vc2-6r7UWQHq90R/view?usp=drivesdk
Ultra Cinematic,ultra_cinematic-Ad-15-HexClad-1.mp4,HexClad,Home & kitchen,61.4,9:16,720x1280,136,132.8,227.6,43,7.0,False,"Why. Why Hexclad costs over 1 ,000 euros and why professional",Why.,WHY HEXCLAD,,HEXCLAD / SHOP NOW,free_shipping;price_anchor,0.28,,en,https://drive.google.com/file/d/1RqzTVvHIh3pZwU790EC0OZ3XJOBvf1Pb/view?usp=drivesdk
Ultra Cinematic,ultra_cinematic-Ad-16-DrinkLMNT-1.mp4,DrinkLMNT,Supplements & wellness,29.1,9:16,720x1280,42,86.7,140.6,23,7.92,False,Alt is an essential mineral,Alt is an essential mineral Beneath it Perform To recover To embrace the moments in between And to provide the electrolytes you need And nothing you don't To support the challenges you put your body through Physically and mentally Feel the difference,SALT IS AN ESSEN | SALT IS AN ESSENTIAL MINERAL,,,,,,en,https://drive.google.com/file/d/1JMW26bm-M6szG__0N6VPZ7KLfU6RhGAS/view?usp=drivesdk
Ultra Cinematic,ultra_cinematic-Ad-17-Gymshark.mp4,Gymshark,Supplements & wellness,14.7,9:16,720x1280,0,0.0,,1,0.68,True,,,,,,,,,en,https://drive.google.com/file/d/18Ot2X08MPKV68obEerR0NfSSJlREQ7zd/view?usp=drivesdk
Ultra Cinematic,ultra_cinematic-Ad-18-Loop.mp4,Loop,Travel & accessories,8.9,9:16,720x1280,0,0.0,,2,2.25,True,,,ONE et GIVES YOU,,Engage Mode Socialize / Experience Mode Party,,,,en,https://drive.google.com/file/d/1Fiz8gjJPd2fRD9BQ5qf667CCJuYO11jc/view?usp=drivesdk
Ultra Cinematic,ultra_cinematic-Ad-19-Mott & Bow-1.mp4,Mott & Bow,Apparel & shapewear,47.2,9:16,720x1280,0,0.0,,27,5.71,True,,,thee,,MOTT BOW,,,,en,https://drive.google.com/file/d/11s5uYqOz3-7cknXA2MLNIBtAGl3Dywly/view?usp=drivesdk
Ultra Cinematic,ultra_cinematic-Ad-2-Sam Holland Food.mp4,Sam Holland Food,Food & beverage,30.3,9:16,720x1280,86,170.5,216.8,11,3.63,False,This is the one kitchen upgrade I wish I'd made years ago.,This is the one kitchen upgrade I wish I'd made years ago.,MADE,,HEALTH | HEXCLAD / Shop Now,,,,en,https://drive.google.com/file/d/1aN_vncsAL7mO1E8eu1uQPFN0XcOV6j8U/view?usp=drivesdk
Ultra Cinematic,ultra_cinematic-Ad-20-The Ordinary.mp4,The Ordinary,Beauty & skincare,29.8,16:9,1276x718,28,56.4,187.5,11,3.69,False,The poor playground is a diverse habitat.,The poor playground is a diverse habitat.,ore Playground is a / erse habitat,,uses acne from the inside,,,,en,https://drive.google.com/file/d/1zGwgcAvsX-ingIIEi2YPwbnKZAKwlH03/view?usp=drivesdk
Ultra Cinematic,ultra_cinematic-Ad-21-Sam Holland Food.mp4,Sam Holland Food,Food & beverage,48.1,9:16,720x1280,133,166.0,198.7,20,4.16,False,These pans are an absolute game -changer. If you cook as,These pans are an absolute game-changer.,AN ABSOLUTE,,HEXCLAD / Shop Wee,,,,en,https://drive.google.com/file/d/1ne76lQA8nRLf4PN6qERAePNu2udAQs1M/view?usp=drivesdk
Ultra Cinematic,ultra_cinematic-Ad-22-crodtv-1.mp4,crodtv,Supplements & wellness,37.8,9:16,720x1280,132,209.4,277.1,10,2.64,False,,"Hey Woob, am I recovered enough to swim, bike, and run today?",,Try Whoop today!,REENS AND KEEP | REMEMBER / Your / DATA,urgency_time,,35.34,en,https://drive.google.com/file/d/1gh76orWZD_gx1PlSXLPnBzx811Iga8LL/view?usp=drivesdk
Ultra Cinematic,ultra_cinematic-Ad-23-DrinkLMNT.mp4,DrinkLMNT,Supplements & wellness,6.1,9:16,720x1280,0,0.0,,4,6.53,True,,,,,,,,,en,https://drive.google.com/file/d/1ESdo6w8B_vwHpIAtr88LnB33llftxqML/view?usp=drivesdk
Ultra Cinematic,ultra_cinematic-Ad-24-Melissa - Chief Scientific Officer at Rythm.mp4,Melissa - Chief Scientific Officer at Rythm,Supplements & wellness,18.7,9:16,720x1280,63,202.0,248.0,3,1.6,False,"If you're taking peptides like semaglutide or triseptide,","If you're taking peptides like semaglutide or triseptide, you might notice that they don't just cause weight loss.",Officer,,Wand,urgency_time,,,en,https://drive.google.com/file/d/1s112jW5Bw4kZ7s7z_s-p6jJ4iSKjWYhx/view?usp=drivesdk
Ultra Cinematic,ultra_cinematic-Ad-25-Hismile.mp4,Hismile,Beauty & skincare,70.4,9:16,720x1280,191,162.8,173.1,31,4.4,False,"When you get a cavity, this actually happens with","When you get a cavity, this actually happens with a very specific mineral.",You should know this | You should know this | You should know this / You're,,a few drops | below,,,,en,https://drive.google.com/file/d/1O_l_wwt8Z5r7ismA19bD5XfzAacz9r65/view?usp=drivesdk
Ultra Cinematic,ultra_cinematic-Ad-26-IM8 Health.mp4,IM8 Health,Supplements & wellness,51.0,9:16,606x1078,40,47.1,163.7,41,8.04,False,,"World-leading scientists, including NASA, to help you live with more vitality, energy, and longevity.",What are you willing to do,,for peak performance,,,,en,https://drive.google.com/file/d/1Ca6WaBU1vQF1KbRjjk8ER7HiKJJI5t3p/view?usp=drivesdk
Ultra Cinematic,ultra_cinematic-Ad-27-Mars Men.mp4,Mars Men,Supplements & wellness,16.3,9:16,508x904,0,0.0,,10,6.13,True,,,AND IT / AT A TIME,,veil,,,,en,https://drive.google.com/file/d/1EpRSPHdWxLqkim33K-gKDSjIAdQfFH9B/view?usp=drivesdk
Ultra Cinematic,ultra_cinematic-Ad-28-Gymshark.mp4,Gymshark,Supplements & wellness,10.3,9:16,720x1280,0,0.0,,25,24.22,True,,,,,,,,,en,https://drive.google.com/file/d/1S5j5nPYZW2CraT2948mXL_wRKAIJfJ5T/view?usp=drivesdk
Ultra Cinematic,ultra_cinematic-Ad-29-DrinkLMNT.mp4,DrinkLMNT,Supplements & wellness,16.8,9:16,720x1280,0,0.0,,6,3.57,True,,,,,oars,,,,en,https://drive.google.com/file/d/14nJEH-5JLYMKoba6dPjJ0dtREdujkjup/view?usp=drivesdk
Ultra Cinematic,ultra_cinematic-Ad-3-AG1 by Athletic Greens-1.mp4,AG1 by Athletic Greens,Supplements & wellness,15.1,9:16,720x1280,2,7.9,115.4,11,7.27,True,"One, two","One, two",Say hello to your / new daily essentials,,ingredients | daily pack / of gummies,,,,en,https://drive.google.com/file/d/1KRXlp7uYEhXWn0zNzO5UZTk_AoFS2VTf/view?usp=drivesdk
Ultra Cinematic,ultra_cinematic-Ad-30-AG1 by Athletic Greens.mp4,AG1 by Athletic Greens,Supplements & wellness,45.2,9:16,720x1280,123,163.4,177.2,26,5.76,False,"No day is the same for me, some days I'm able to exercise","No day is the same for me, some days I'm able to exercise and eat clean and other days it's rushing and eating whatever I can on the fly.",,,EFFORTLESS,,,,en,https://drive.google.com/file/d/1i7JvB_zXM8EQa1Bb3BwCgM2awDrEF4L0/view?usp=drivesdk
Ultra Cinematic,ultra_cinematic-Ad-31-WHOOP-1.mp4,WHOOP,Supplements & wellness,6.1,1:1,720x720,0,0.0,,4,6.53,True,,,,,Add ee life to your years,,,,en,https://drive.google.com/file/d/1vOayi2eTWoPuPr6XCNSJdqR3cNkRHrrr/view?usp=drivesdk
Ultra Cinematic,ultra_cinematic-Ad-32-The Foldie-1.mp4,The Foldie,Travel & accessories,53.0,4:5,720x900,130,147.3,180.3,46,8.69,False,This is not a normal travel bag. This is,This is not a normal travel bag.,THIS | A NORMAL,,DOING IT | foldie,,,,en,https://drive.google.com/file/d/1M5EcoWaEW5Dd2R-_B6YzIAF_pfaTYTSB/view?usp=drivesdk
Ultra Cinematic,ultra_cinematic-Ad-33-Brick - Take Back Your Time.mp4,Brick - Take Back Your Time,"Software, apps & info",62.9,9:16,720x1280,177,168.9,210.1,3,0.48,False,"I was so much so postponing in these moments, and this","I was so much so postponing in these moments, and this is where the unnecessary questions begin.",Talways found myself | always found myself postponing | Iways found myself postponing in these cE,,blinded by my experiences,,34.88,,en,https://drive.google.com/file/d/1YB2zfj_Y5xXP7jNSLxqB3O6DlL2b188z/view?usp=drivesdk
Ultra Cinematic,ultra_cinematic-Ad-34-HexClad-1.mp4,HexClad,Home & kitchen,32.1,9:16,720x1280,63,117.6,191.5,12,3.73,False,The purpose of,The purpose of engineering is to unlock performance.,THE PURPOSE OF / ENGINEERING,,HEXCLAD / Shop Now,,,,en,https://drive.google.com/file/d/1hSMrS_h1s7h0FoyY26cnhd-I2qxS8OKA/view?usp=drivesdk
Ultra Cinematic,ultra_cinematic-Ad-35-DrinkLMNT-1.mp4,DrinkLMNT,Supplements & wellness,28.9,9:16,720x1280,44,91.5,152.6,24,8.32,False,Salt is an essential mineral.,Salt is an essential mineral.,SALT IS AN ESSENTIAL MINERAL | SALT IS AN ESSENTIAL MINERAL,,TO SUPPORT THE CHALLENGES,,,,en,https://drive.google.com/file/d/1-DrSf4qBT7s7RwoiNM7u-SCmsxVo8nVW/view?usp=drivesdk
Ultra Cinematic,ultra_cinematic-Ad-36-Hismile.mp4,Hismile,Beauty & skincare,75.2,9:16,720x1280,201,160.5,165.0,51,6.79,False,A cavity doesn't just start as a whole. It can start as,A cavity doesn't just start as a whole.,This portion of the video has been digitally created / itis not a real scenario | video has been digitally created | This / ideo has been / inota real scene / pity,and then we'll does not grow back so supporting it with your routine is so important adding this gives it considerably more to work with tooth armor a few drops onto your brush or over the toothpaste you're already using links below go check it out,your,,,72.8,en,https://drive.google.com/file/d/1eA32E7bGh3fzCZzkcS8UN0B3-dcJCNtP/view?usp=drivesdk
Ultra Cinematic,ultra_cinematic-Ad-37-Cymbiotika.mp4,Cymbiotika,Supplements & wellness,15.2,9:16,720x1280,33,130.0,173.1,29,19.04,False,Life looks different for everyone. A common,Life looks different for everyone.,,,,,,,en,https://drive.google.com/file/d/1JDfBS05mHDEL9gzWb4B1VtlG8HugSJBz/view?usp=drivesdk
Ultra Cinematic,ultra_cinematic-Ad-38-harrys.mp4,harrys,Men's grooming,14.6,3:4,720x960,0,0.0,,1,0.69,True,,,HARRY | mine / new Wok,,cary,,,,en,https://drive.google.com/file/d/1ocsyZhD9S74v5l2LRjsWksWJ4IE6GSH3/view?usp=drivesdk
Ultra Cinematic,ultra_cinematic-Ad-39-Liquid Death.mp4,Liquid Death,Supplements & wellness,30.1,9:16,720x1280,33,65.7,154.0,11,3.65,False,I just bought the world's most dangerous fiker,I just bought the world's most dangerous fiker bar.,,,TION PRODUCT IS PEANUT BUTTER CUP FLAVORED SPARKLING WATER / NOT LIQUID PEANUT BUTTER AND CHOCOLATE | FLAVOR DRAMATIZATION PRODUCT IS PEANUT BUTTER CUP FLAVORED SPARKLING WATER / NOT LIQUID PEANUT BUT,,,,en,https://drive.google.com/file/d/1O_P4pw8mgu82zRNL_GM7mrOmEuxFkoCP/view?usp=drivesdk
Ultra Cinematic,ultra_cinematic-Ad-4-Cymbiotika-1.mp4,Cymbiotika,Supplements & wellness,8.6,9:16,720x1280,0,0.0,,0,0.0,True,,,VANILLA,,VANILLA | as ten oranges,,,,en,https://drive.google.com/file/d/1fIQkFRDKm01Y1drWUVLGKJV5k8Y9Tm2p/view?usp=drivesdk
Ultra Cinematic,ultra_cinematic-Ad-5-Brick - Take Back Your Time.mp4,Brick - Take Back Your Time,"Software, apps & info",36.4,9:16,720x1280,124,204.5,261.1,31,8.52,False,Everyone's buying a flip phone to disconnect. But here's why we,Everyone's buying a flip phone to disconnect.,Everyone's buying a flip phone | Everyone's buying a fli | Pas Be / But here s why we th,,up TO / Kind of / call avd le IS a practical,,3.68,,en,https://drive.google.com/file/d/1VMSEW6aU3oKN9RWP40GnYh3kLKw6spXB/view?usp=drivesdk
Ultra Cinematic,ultra_cinematic-Ad-6-Everyday Dose.mp4,Everyday Dose,Supplements & wellness,57.3,9:16,720x1280,153,160.2,179.8,16,2.79,False,Coffee is,"Coffee is shit, and we are here to fix it.",regular / Coffee,"If you subscribe, you not only get a discount on our coffee, but we send you free gifts every single month. So, upgrade your coffee today with everyday dose.",EVERYDAY,free_gift;urgency_time;price_anchor,54.05,45.37,en,https://drive.google.com/file/d/1imbs7kDAy1BHPZjaY2AjDZKa5ZjDCANP/view?usp=drivesdk
Ultra Cinematic,ultra_cinematic-Ad-7-Jones Road Beauty-1.mp4,Jones Road Beauty,Beauty & skincare,24.5,9:16,720x1280,40,98.1,156.7,22,8.99,False,That's not your skin. That's your skin.,That's not your skin.,,,fare,,15.06,,en,https://drive.google.com/file/d/1Uab3U_u5s5PThFkfEi5Dal6VTiAFibm6/view?usp=drivesdk
Ultra Cinematic,ultra_cinematic-Ad-8-Bloom Nutrition.mp4,Bloom Nutrition,Supplements & wellness,20.2,9:16,720x1280,0,0.0,,14,6.91,True,,,APPLE / ports mood / Diss,,ENERGY BRINK / natural energy,,,,en,https://drive.google.com/file/d/18HXW4oWbU4NfduNPuovS0uy03IeCDrap/view?usp=drivesdk
Ultra Cinematic,ultra_cinematic-Ad-9-HexClad-1.mp4,HexClad,Home & kitchen,64.6,9:16,720x1280,106,98.4,165.1,51,7.89,False,"Hexclad, you heard of it? Yeah, markets itself as extremely","Hexclad, you heard of it?",,,,,0.0,,en,https://drive.google.com/file/d/10Nq1zleY7YhTThBecnvSmzwDst_Ul54g/view?usp=drivesdk
Unboxing,unboxing-Ad-1-kathrynchristi.mp4,kathrynchristi,Other/unclassified,23.9,9:16,720x1278,7,17.6,69.7,8,3.35,True,,"Like I said, a nice big one.",to clean,,d the cite,,,,en,https://drive.google.com/file/d/1OlrDEKYjSv4ii3mcuo69QGFAz6mt-Npd/view?usp=drivesdk
Unboxing,unboxing-Ad-10-RYZE Superfoods.mp4,RYZE Superfoods,Supplements & wellness,34.2,9:16,720x1280,133,233.2,248.9,11,3.21,False,I am so excited to be unboxing the new premium starter kit,I am so excited to be unboxing the new premium starter kit I've been using Rise for years and it's the perfect time to try it out.,Link / a Me ish,,hats,,,,en,https://drive.google.com/file/d/1Ad6BBpbA65F6zI2ioLRtR2aWJhGX54Ph/view?usp=drivesdk
Unboxing,unboxing-Ad-11-Pretty Twinkle Design.mp4,Pretty Twinkle Design,Other/unclassified,35.2,9:16,720x1280,85,144.8,164.2,0,0.0,False,Let's unbox my new cookware set from Careway.,Let's unbox my new cookware set from Careway.,Unbox my Samer / et With Me / Caraway | Unbox my Cane / Cookware Set With Me / Caraway,You can get $150 off your cookware set today from Airway.,Get $150 off the / Cookware Set today | Get $150 off the / Cookware Set today,bogo_bundle;urgency_time;price_anchor,,26.66,en,https://drive.google.com/file/d/1jQhgAfTVGLALww0Zw6_qU2p66pZPuREo/view?usp=drivesdk
Unboxing,unboxing-Ad-12-Caraway.mp4,Caraway,Home & kitchen,17.7,9:16,720x1280,0,0.0,,14,7.91,True,,,Your New Cookware / Just Arrived,,COOKWARE SET INCLUDES / Fry Pan Sauce Pan / Saut Pan Dutch Oven | Comes in 10 chic colors to match / any kitchen aesthetic,bogo_bundle,,,en,https://drive.google.com/file/d/1HmioSRHLa-ZdAWgWcL2HkQDgS4OgFPcW/view?usp=drivesdk
Unboxing,unboxing-Ad-13-Caraway.mp4,Caraway,Home & kitchen,48.8,9:16,576x1024,0,0.0,,19,3.89,True,,,Caraway / it your / Caraway / fennel | meme,,ou win our / usat your door | IV You win our $100 k Sweepstakes / and Caraway shows up,price_anchor,,,en,https://drive.google.com/file/d/1qXuQZkNFjoFKSe-r1jot_OTLtDpwAbNV/view?usp=drivesdk
Unboxing,unboxing-Ad-14-RYZE Superfoods.mp4,RYZE Superfoods,Supplements & wellness,120.7,9:16,720x1280,281,139.7,145.3,35,2.9,False,"I know, I know. You might be wondering why I","I know, I know.",know know | lane / you might be / wondering / paid | why get / so emotional / Sate,"Now the link is down below. If you want to give it a try, They do a 30-day guarantee, so if for some reason you turn out hating it, you can send it back.",so if for / some reason | you will,bogo_bundle;guarantee;urgency_time,,108.7,en,https://drive.google.com/file/d/1yNOxd6_fzomE412xYOgSre2gnvd3dB6A/view?usp=drivesdk
Unboxing,unboxing-Ad-15-Buffy.mp4,Buffy,Other/unclassified,21.7,9:16,718x1278,0,0.0,,4,1.84,True,,,unboxing the / cutest body pillow / from Buffy 0 | unboxing the / cutest body pillow / from Buffy 0,,it s 15% off right / now and comes / with a free trial | SOLOS / Sets / BOOKS / sieves,percent_off;free_gift,,,en,https://drive.google.com/file/d/1X0V0wUzS-HGqA5_zmdfsoRSD0hZ5UVXg/view?usp=drivesdk
Unboxing,unboxing-Ad-16-HexClad-1.mp4,HexClad,Home & kitchen,40.8,9:16,720x1280,160,235.4,283.9,7,1.72,False,"If you're gonna spend your money on a stock pot,","If you're gonna spend your money on a stock pot, you might as well get a stock pot Normally on a stock pot, it's not that easy to saute things.",patty / If you're going to / spend your money / 10 QT Hybrid Stock Pot With Lid 28 cm | a HAN 01 / If you're going to / spend your money,,back their product / if you pee | nigh / you're going to have,,,26.6,en,https://drive.google.com/file/d/1iFFpebvgJI7qhak0Ebc_q7yPICrvl9IY/view?usp=drivesdk
Unboxing,unboxing-Ad-17-Matt Benfield.mp4,Matt Benfield,Other/unclassified,39.3,9:16,720x1280,13,19.8,288.9,19,4.83,True,,"Oh my God, I just got I'm gonna go cook something now, bye.",Caraway,,,,,,en,https://drive.google.com/file/d/1FVhguykFQ8pyLoFILQ2MPr3pgd1peCpr/view?usp=drivesdk
Unboxing,unboxing-Ad-18-hayleycreatescontent.mp4,hayleycreatescontent,Other/unclassified,38.3,4:5,720x900,105,164.3,208.5,20,5.22,False,"Everyone's talking about this £15 summer cleaning kit,","Everyone's talking about this £15 summer cleaning kit, so I had to try it for myself.",peer 8 | Worst / Everyone's talking about | summer cleaning kit,"And once you've got it, you just keep refilling it instead of having to buy another plastic bottle. Transform your home this summer with 65% off this cleaning kit.",saree | guests summer,percent_off,,28.9,en,https://drive.google.com/file/d/1XqcDf3OXFmAKyktHLDIfK1FE30OS42D3/view?usp=drivesdk
Unboxing,unboxing-Ad-19-SheCurve.mp4,SheCurve,Apparel & shapewear,34.2,9:16,720x1280,107,187.7,204.1,5,1.46,False,Are your favorite outfits being ruined by visible panty lines?,Are your favorite outfits being ruined by visible panty lines?,Cross / Shaping,,,,,,en,https://drive.google.com/file/d/1JtYcYeq07Gcp4f7AYP2xefcusaUdBDF1/view?usp=drivesdk
Unboxing,unboxing-Ad-2-Caraway.mp4,Caraway,Home & kitchen,38.0,9:16,720x1280,135,213.1,224.3,43,11.31,False,Unboxing my new caraway cookware bakeware and storage pieces felt,Unboxing my new caraway cookware bakeware and storage pieces felt like opening a present.,AWAY / Jnboxing my new Caraway | king | and storage pieces felt like / opening a Present,,vats / From cooking to serving / and cleanup to storing,,0.86,,en,https://drive.google.com/file/d/14BBX6pMM26q9-0UIol7zQ3ZfIffIBEaW/view?usp=drivesdk
Unboxing,unboxing-Ad-20-Caraway.mp4,Caraway,Home & kitchen,21.8,9:16,720x1280,59,162.2,188.5,10,4.58,False,Caraway just launched their new prep set and mine just,Caraway just launched their new prep set and mine just arrived.,Caraway just launched / their new Prep Set / Your kitchen just got / some prep in its step / finally | Caraway just launched / their new Prep Set / Your kitchen just got / some prep in its step / finally | and mine just arrive d,Shop now and get yours today!,that you can slice dice,bogo_bundle;urgency_time,0.0,19.08,en,https://drive.google.com/file/d/1gzEy4y6aoqkT0QeMqKJ_-vYLSOBguIv0/view?usp=drivesdk
Unboxing,unboxing-Ad-3-StephanieCartonia.mp4,StephanieCartonia,Other/unclassified,11.4,9:16,720x1280,0,0.0,,7,6.16,True,,,Unbox My New Caraway / Cookware Set With Me | Unbox My New Caraway / Cookware Set Wit | Made with 100% non toxic / ceramic coating,,Easy to cook with and / makes cleaning a breeze | Save $150 off Caraway's / Cookware Set today,bogo_bundle;urgency_time;price_anchor,,,en,https://drive.google.com/file/d/14JWS2-6RRcMh5bA-6FZV2PWiStRynvzl/view?usp=drivesdk
Unboxing,unboxing-Ad-4-RYZE Superfoods.mp4,RYZE Superfoods,Supplements & wellness,52.1,9:16,720x1264,159,183.2,205.6,7,1.34,False,Let's do an unboxing of my new Rise Premium Starter,Let's do an unboxing of my new Rise Premium Starter Kit.,,,,,,,en,https://drive.google.com/file/d/1C2oEGUWTAXoE27QEcy_0i3biZnBGXAPs/view?usp=drivesdk
Unboxing,unboxing-Ad-5-Caraway.mp4,Caraway,Home & kitchen,23.6,9:16,720x1280,7,17.8,283.8,5,2.12,True,,I think it was really nice shooting.,IRL for the first / time,,Modern / tail,,,,en,https://drive.google.com/file/d/1BaWj2r8Ne-D_hS664BzzYGW0zisTo-RZ/view?usp=drivesdk
Unboxing,unboxing-Ad-6-RYZE Superfoods-1.mp4,RYZE Superfoods,Supplements & wellness,24.7,9:16,720x1280,99,240.2,271.2,8,3.24,False,You know that feeling when something just makes your whole morning better? That's what I felt,You know that feeling when something just makes your whole morning better?,Seine / peat | Your NEW Pn,,,,,,en,https://drive.google.com/file/d/1cFs0zBhOoIw8TW0K6mpcUOVv8SGUml9Y/view?usp=drivesdk
Unboxing,unboxing-Ad-7-Savvy Finds-1.mp4,Savvy Finds,Apparel & shapewear,22.3,9:16,720x1280,0,0.0,,17,7.63,True,,,GIVE | from 1 UP Nutrition,,ERO carbs sugar or fat | for yourself / at fupnutrition com a / ayes / Sates,,,,en,https://drive.google.com/file/d/1zF19q0QP1FwMKuQ_zFBtfbngDOX5Dy7Y/view?usp=drivesdk
Unboxing,unboxing-Ad-8-Caraway.mp4,Caraway,Home & kitchen,32.9,9:16,720x1280,89,162.1,165.9,11,3.34,False,I've been seeing caraway go viral all over this,I've been seeing caraway go viral all over this app and mine just arrived.,I've been seeing Caraway | I've been seeing Caraway,Shop now and get $150 dollars worth at today.,and it comes in over 8 different / color options to choose from | Shop now and get $150 off,bogo_bundle;urgency_time;price_anchor,0.7,25.4,en,https://drive.google.com/file/d/1o_fGW-_poMxl9-oGDVxveJdooruL3he4/view?usp=drivesdk
Unboxing,unboxing-Ad-9-Caraway-1.mp4,Caraway,Home & kitchen,35.6,4:5,720x900,97,163.3,169.1,20,5.61,False,Today I'm tossing all my old toxic pans and,Today I'm tossing all my old toxic pans and upgrading to Caroway.,oday I'm tossing all my old / toxic pots and pans | Today I m tossing all my old / toxic pots and pans | upgrading to Caraway,"ณoftab top of love shot, Chooray home today.",to make cooking healthier / Elate easier too,bogo_bundle;urgency_time,,34.44,en,https://drive.google.com/file/d/1aRGdGfPd0ikj83jcfrHg5ysVnhlF7RPW/view?usp=drivesdk
Voiceless,voiceless-Ad-1-Bloom Nutrition.mp4,Bloom Nutrition,Supplements & wellness,27.7,9:16,720x1280,0,0.0,,27,9.74,True,,,WHOLESALE / CosTco | WHOLESALE | Cora / WHITE / PRO ADVANCED / WHITENING / pose / REMOVES 100% MORE / SURFACE STAINS / Crags / VANE / Tied,,CHEESE / Snack / peat / greets,,,,en,https://drive.google.com/file/d/1CeNWu918uDg1Zk2no83m4sbp_2JEWQh7/view?usp=drivesdk
Voiceless,voiceless-Ad-10-Mott & Bow.mp4,Mott & Bow,Apparel & shapewear,18.7,9:16,720x1280,12,38.6,48.7,0,0.0,True,"This was Nightmouse,","This was Nightmouse, don't look at that Oh, no, I said, oh",,,,,,,en,https://drive.google.com/file/d/1LXT7o9AV-4DxAgW0EWhSoIBBcz0zQRrH/view?usp=drivesdk
Voiceless,voiceless-Ad-11-Canva-1.mp4,Canva,"Software, apps & info",15.2,9:16,720x1280,9,35.6,818.2,9,5.93,True,"and I'll see you in the next video, bye!","and I'll see you in the next video, bye!",SOP WS boring | STOP using boring / Pen i | nat will you / Tiny tits iisteac / lders and uploads / Print Shop,,Edit / Ask Canva / Ware / TED LOOKS FOR EVERY SPACE / APACE STEP BACK A / RECYCLE / fume / LIKE A BOX / 104% I pages 1 3 | prints directly / from Can ayPrint Shop,price_anchor,,,en,https://drive.google.com/file/d/18r3EWKR3h5dYt6FPSwQySllwyNpteRiX/view?usp=drivesdk
Voiceless,voiceless-Ad-12-Bloom Nutrition.mp4,Bloom Nutrition,Supplements & wellness,12.5,9:16,720x1280,0,0.0,,2,1.61,True,,,Matcha | axial lowed,,Certified organic and / delicious matcha powder / for lasting focus,,,,en,https://drive.google.com/file/d/1Lxyq6pzB0h3y6MZrBczGOrJMBm9Hp1OP/view?usp=drivesdk
Voiceless,voiceless-Ad-13-Canva-1.mp4,Canva,"Software, apps & info",12.5,9:16,720x1280,0,0.0,,8,6.42,True,,,This | This Canvaitrickiis INSANE / mate / Position / Tr Copy art style,,Little Root Menu,,,,en,https://drive.google.com/file/d/1jAVFKccfy-Dft15EJKb_2dgiweJbZr3_/view?usp=drivesdk
Voiceless,voiceless-Ad-14-Oats Overnight-1.mp4,Oats Overnight,Food & beverage,19.5,9:16,720x1280,0,0.0,,9,4.61,True,,,,,,,,,en,https://drive.google.com/file/d/13uZv7qUMbYcI0-U3VP5FFb5j5S8qKY2d/view?usp=drivesdk
Voiceless,voiceless-Ad-15-Shapermint.mp4,Shapermint,Apparel & shapewear,13.0,9:16,720x1280,0,0.0,,5,3.84,True,,,Shaping Shit t | stents / ping Shirt,,,,,,en,https://drive.google.com/file/d/1z1CLOQsEBGtJXpf0yYY-eRU6115_pMmG/view?usp=drivesdk
Voiceless,voiceless-Ad-16-Savvy Finds.mp4,Savvy Finds,Apparel & shapewear,22.1,4:5,720x900,0,0.0,,17,7.7,True,,,rprising solution to / standard boxy tees | A surprising solution to / standard boxy tees | Glam Threads,,life in a t shirts | Make ita good / recycled plastic bag / Pleas,,,,en,https://drive.google.com/file/d/1Ik1okAqTiIZ11suiCVH6w_QCso0bbeau/view?usp=drivesdk
Voiceless,voiceless-Ad-17-Mott & Bow-1.mp4,Mott & Bow,Apparel & shapewear,33.1,9:16,720x1280,0,0.0,,2,0.6,True,,,Mott / for every plan | Mott / for every plan | High Rise Wide / High Rise Miniboot / Leg Hubert g / Ankle Jane / What would you / Wear to brunch,,High Rise Cropped / Straight Leg Hubert / What ould you wear / for everyday comfort | d no Mott Bow,,,,en,https://drive.google.com/file/d/124mAoMNnRpXoADbZ8Qni_SSoKS5d0PhT/view?usp=drivesdk
Voiceless,voiceless-Ad-18-Dore & Rose.mp4,Dore & Rose,Beauty & skincare,17.9,9:16,720x1280,0,0.0,,1,0.56,True,,,This is the Deep Sleep / rom Dore Ros,,prevents iine line / re kin a | DORE ROSE / Experience the benefits yourself / with our temporary special offer,,,,en,https://drive.google.com/file/d/1ELgIb-EzWdYXtDEopYtOfw0YvQqn1_Zx/view?usp=drivesdk
Voiceless,voiceless-Ad-19-Gleamin-1.mp4,Gleamin,Beauty & skincare,20.1,9:16,720x1280,0,0.0,,0,0.0,True,,,amie vate / 10 minnie / glowy skin 9 | takes / Sears S get / glowy skin 3 | The fact enatintates / 10 minutes to remove,,The fact / it takes | it takes / fact / to remove,,,,en,https://drive.google.com/file/d/1AeCgvNtixyCVSbHyxVPoLlSe6b9xvrep/view?usp=drivesdk
Voiceless,voiceless-Ad-2-Savvy Finds.mp4,Savvy Finds,Apparel & shapewear,25.5,9:16,720x1280,0,0.0,,24,9.42,True,,,without this | Without this | walt,,late,,,,en,https://drive.google.com/file/d/1La4XhYOAwIVqc0jp2jYhm2NAadS3lB-U/view?usp=drivesdk
Voiceless,voiceless-Ad-20-Gymshark.mp4,Gymshark,Supplements & wellness,15.6,4:5,720x900,0,0.0,,18,11.54,True,,,,,Pass / 3 Gum A,,,,en,https://drive.google.com/file/d/1krgYD2fGA2ipWh4eXsatIwptqJyDrTt5/view?usp=drivesdk
Voiceless,voiceless-Ad-21-Gleamin-1.mp4,Gleamin,Beauty & skincare,9.6,9:16,360x640,0,0.0,,0,0.0,True,,,Kk marks and / acne scars hatejtolsee / her coming | her coming,,her coming | her coming ey,,,,en,https://drive.google.com/file/d/1S7u3u2WbjxUPuy4DMVD6YmJnDTbDYGaR/view?usp=drivesdk
Voiceless,voiceless-Ad-22-Savvy Finds.mp4,Savvy Finds,Apparel & shapewear,22.3,4:5,720x900,0,0.0,,16,7.18,True,,,What Or / ITALIAN | WwW at OF / from 1 UP Nutrition,,with ZERO carb / Sugar or fat fe / NO ARTIFICIAL COLORS / Dietary Supplement | at fupnutrition com,,,,en,https://drive.google.com/file/d/1s185l072OlNriTmyTRZ4Hd0RCXxUkmgO/view?usp=drivesdk
Voiceless,voiceless-Ad-23-BetterMe.mp4,BetterMe,Supplements & wellness,43.6,9:16,720x1280,8,11.0,145.5,2,0.46,True,Do it for the damn you got,Do it for the damn you got hot,Do it / Damn you got hot | Do it / Damn you got hot | Do it / Damn you got hot,,Wow you look / amazing | 28 DAY CALISTHENICS / WORKOUT CHALLENGE / Main goal / Current Weight / Keep fit / Your progress / G Full Body Conditioning / 18 min no equipment,,,,en,https://drive.google.com/file/d/1KUOeSqAakTObyvk0bTnSJKT8rwdwiiUD/view?usp=drivesdk
Voiceless,voiceless-Ad-24-Canva-1.mp4,Canva,"Software, apps & info",11.0,9:16,720x1280,0,0.0,,2,1.82,True,,,could clo tis in Came | coulel clo this in Came / FORK | FORM,,FORM | Design an,,,,en,https://drive.google.com/file/d/1z7esLigD9FQdb-9yX7LaZAqHVrB75YN5/view?usp=drivesdk
Voiceless,voiceless-Ad-25-Mott & Bow.mp4,Mott & Bow,Apparel & shapewear,20.9,4:5,720x900,0,0.0,,8,3.83,True,,,ruined my life Phined moana ae i,,where Igot them,,,,en,https://drive.google.com/file/d/124kkGmL9iFfCopuKTyldrnqod9M3wg-O/view?usp=drivesdk
Voiceless,voiceless-Ad-26-Cymbiotika-1.mp4,Cymbiotika,Supplements & wellness,15.0,9:16,720x1280,0,0.0,,8,5.34,True,,,OR THE MIND BOD | FOR THE MIND BODY,,move your body,,,,en,https://drive.google.com/file/d/1W8ZDZHLq6XxE3TOixHjypikiO-nhDMcH/view?usp=drivesdk
Voiceless,voiceless-Ad-27-Loop-1.mp4,Loop,Travel & accessories,9.1,9:16,720x1280,0,0.0,,1,1.1,True,,,Get closer with the / festival bundle | Get closer with the / festival bundle / Pied / Experience 2 / A Link | Get closer with the / festival bundle / Experience 2,,Get closer with the / festival bundle / Experience 2 | Get closer with the / festival bundle / Experience,bogo_bundle,,,en,https://drive.google.com/file/d/1bjine0vy0aaQxqzCXQQoTm9kq0rTMXUv/view?usp=drivesdk
Voiceless,voiceless-Ad-28-Bloom Nutrition.mp4,Bloom Nutrition,Supplements & wellness,10.6,9:16,720x1280,0,0.0,,5,4.73,True,,,,,Bros,,,,en,https://drive.google.com/file/d/1ZpkILyJTfW4LH7WV4ScQtv8yLiexSHp2/view?usp=drivesdk
Voiceless,voiceless-Ad-29-Gymshark.mp4,Gymshark,Supplements & wellness,29.6,4:5,720x900,0,0.0,,27,9.12,True,,,,,,,,,en,https://drive.google.com/file/d/1d74PTFrvGydgS5TkLAO0X7M5vXJ2LIoV/view?usp=drivesdk
Voiceless,voiceless-Ad-3-Joana.mp4,Joana,Travel & accessories,25.8,9:16,720x1280,0,0.0,,6,2.32,True,,,Semi | emotional / port | fees / Packs / hese are my must haves,,Loop Dream z | tics / at loopearplugs com / What do you think is more important / Signup to tayinthe loop for updates and special / rife,,,,en,https://drive.google.com/file/d/1iBeF3aN_NSaM7nH6eEbE5CewNIN8JVm8/view?usp=drivesdk
Voiceless,voiceless-Ad-30-Oats Overnight.mp4,Oats Overnight,Food & beverage,60.2,9:16,720x1280,0,0.0,,74,12.3,True,,,Over,,And More Ingredients Than You / Feel Like Buying / Let's be real you're not going to the store for these / Himalayan Pink Salt / Premium Cocoa / Vermont Maple / Coffee Bean / Chia Seeds / Vanilla Bean,,,,en,https://drive.google.com/file/d/18ddoOAXT1WwHstIAWNWXBIGdLAWhf1yl/view?usp=drivesdk
Voiceless,voiceless-Ad-31-The Foldie-1.mp4,The Foldie,Travel & accessories,29.5,4:5,720x900,0,0.0,,7,2.37,True,,,Same trip / Very different Energy | Same trip Very different Energy | Traveling / without a Foldie / Traveling with a / Foldie,,Feeling / scattered and / drained / Feeling prepared / and in eonitre | The Foldie just makes / everything easier,,,,en,https://drive.google.com/file/d/1XqfTcO8khGx3MYVseaY4YvTYSdFoQikC/view?usp=drivesdk
Voiceless,voiceless-Ad-32-Bloom Nutrition.mp4,Bloom Nutrition,Supplements & wellness,9.1,9:16,720x1280,0,0.0,,42,46.01,True,,,POV You want to try the / q Greens that everyone has,,,,,,en,https://drive.google.com/file/d/1RIgzvHCAPBNjIhWKaiHikQeduOyWC_-p/view?usp=drivesdk
Voiceless,voiceless-Ad-33-Bloom Nutrition.mp4,Bloom Nutrition,Supplements & wellness,11.3,9:16,720x1280,0,0.0,,12,10.63,True,,,EVEN / better | THE BEST / RS FOR EVEN / better,,FOR EVEN / bette / Pre workout,,,,en,https://drive.google.com/file/d/1Ak6T4PBKMxUdfRDkRxbI_UvWVZqQ8pkz/view?usp=drivesdk
Voiceless,voiceless-Ad-34-HeyShape.mp4,HeyShape,Apparel & shapewear,34.4,9:16,540x960,40,69.7,114.2,7,2.03,False,,talk about this material it is very comfortable it does hold everything in really well I am going to be wearing it with like the more high-waisted things and having it more like a tank top kind of look a,,,when i get this / shapewear,,,,en,https://drive.google.com/file/d/1vudwp7dIwXhCEvHM0zDi-732Rmw_cJEe/view?usp=drivesdk
Voiceless,voiceless-Ad-35-SheCurve.mp4,SheCurve,Apparel & shapewear,15.1,9:16,720x1280,10,39.6,215.8,0,0.0,True,Come on!,Come on!,pink isjajwinjinimy book | a that,,book,,,,en,https://drive.google.com/file/d/1DhxrbUpcounmwD3NSjv4egt2eokRGWIJ/view?usp=drivesdk
Voiceless,voiceless-Ad-36-Motion.mp4,Motion,"Software, apps & info",19.2,9:16,720x1280,1,3.1,69.8,7,3.65,True,,Rendezvous,Nobody i ll stick to / my paper planners | Nobody i'l stick to / my paper planners / they re better / Overwhelmed 24 7 | Nobody i ll stick to / my paper planners / they re better / Overwhelmed 24 7 / Overdue projects / Upset clients and boss,,me and / It plans my / day for / 25% more productive | It plans my day for me and / instantly ade me / 25% more productive / less overwhelmed / clear on what to do next / no daily stress,,,,en,https://drive.google.com/file/d/13Q_ev4eCgcVf4HZDDJzeIXUJzTLIKfSq/view?usp=drivesdk
Voiceless,voiceless-Ad-37-Mars Men-1.mp4,Mars Men,Supplements & wellness,38.5,9:16,720x1280,0,0.0,,20,5.2,True,,,ants | Exhausted / patsy / Stay | Then I,,,,,,en,https://drive.google.com/file/d/1t89vkcZN1mqCDOz6B6tz4cXTIuYhXJrd/view?usp=drivesdk
Voiceless,voiceless-Ad-38-Bloom Nutrition.mp4,Bloom Nutrition,Supplements & wellness,12.1,9:16,720x1280,0,0.0,,15,12.38,True,,,Probiotics / into your r | to introduce / Fruits / Veggies / our routine / IGESTION BLOATING IMMUNITY / servings | Probiotics / into your r,,It s time to introduce / into your routine | to Me / Fruits pecs / 'SESTION BLOATING IMMUNITY / servings,,,,en,https://drive.google.com/file/d/1gGYKP2iZhz5qJlZwYf_FfFyTVWdUTyVi/view?usp=drivesdk
Voiceless,voiceless-Ad-39-Oats Overnight.mp4,Oats Overnight,Food & beverage,27.3,9:16,720x1280,0,0.0,,14,5.13,True,,,beach,,Cats / OVEr i / Mis inure,,,,en,https://drive.google.com/file/d/1ZlvUSkJnapOkZGkZI-h-yJOc_F4KscWb/view?usp=drivesdk
Voiceless,voiceless-Ad-4-Mars Men-1.mp4,Mars Men,Supplements & wellness,41.1,9:16,720x1280,0,0.0,,19,4.63,True,,,Forget TRI 1 | These natural ca / increased my testoste,,WOrk | Try Mars Men risk free f / Don't feel the results / ou pony pay a cent / GET 50% OFF TODAY / SHIPPING / FREE GIFTS,percent_off;free_gift;guarantee;urgency_time,,,en,https://drive.google.com/file/d/1fToGl2JcHvEFj8lTmJzq1Tdw7N7fw79u/view?usp=drivesdk
Voiceless,voiceless-Ad-40-Gymshark.mp4,Gymshark,Supplements & wellness,22.4,4:5,720x900,3,8.1,257.1,3,1.34,True,Bring it on!,Bring it on!,,,,,,,en,https://drive.google.com/file/d/1iH9tSUYEog9GTPWoqd7-1tAHlAKSGKAB/view?usp=drivesdk
Voiceless,voiceless-Ad-41-Bloom Nutrition.mp4,Bloom Nutrition,Supplements & wellness,9.6,9:16,720x1280,0,0.0,,6,6.26,True,,,,,,,,,en,https://drive.google.com/file/d/1YtBullY7nARyoXh7ucVENag7VM-wGK1B/view?usp=drivesdk
Voiceless,voiceless-Ad-42-Ekster.mp4,Ekster,Travel & accessories,28.7,9:16,720x1280,0,0.0,,20,6.96,True,,,Travel math / baggage fees | Travel math / A baggage fees | stat,,Mons / for the ats,price_anchor,,,en,https://drive.google.com/file/d/1eWIPyAPlFxltK8zgRpobalYnTPAAzxRl/view?usp=drivesdk
Voiceless,voiceless-Ad-43-Gymshark.mp4,Gymshark,Supplements & wellness,15.1,1:1,720x720,0,0.0,,7,4.63,True,,,,,,,,,en,https://drive.google.com/file/d/12CorQ9w37QjoUJ9ckcdlnJcD0bPe4nrF/view?usp=drivesdk
Voiceless,voiceless-Ad-44-Mejuri.mp4,Mejuri,Other/unclassified,13.8,9:16,720x1280,1,4.4,115.4,4,2.91,True,You,You,THE PERFECT GIET | tees,,cone,,,,en,https://drive.google.com/file/d/12JUhgemaEFq9zcdN6d85mtsNh79u4J_5/view?usp=drivesdk
Voiceless,voiceless-Ad-45-Bloom Nutrition.mp4,Bloom Nutrition,Supplements & wellness,9.2,9:16,720x1280,0,0.0,,3,3.28,True,,,Greens | Greens / DIGESTION BLOATING IMMUNITY,,,,,,en,https://drive.google.com/file/d/1CO9Kvh4F6sPnpdve_3l7Fr8CMHIlooGD/view?usp=drivesdk
Voiceless,voiceless-Ad-46-Gymshark.mp4,Gymshark,Supplements & wellness,13.9,9:16,720x1280,0,0.0,,0,0.0,True,,,,,,,,,en,https://drive.google.com/file/d/1rAOTZxH8ozz7OnVe3E23Ej22MeVRkYey/view?usp=drivesdk
Voiceless,voiceless-Ad-47-Motion.mp4,Motion,"Software, apps & info",9.9,9:16,720x1280,7,42.5,262.5,0,0.0,True,"Tick, tick, tock, ticky, tick, tick, tock","Tick, tick, tock, ticky, tick, tick, tock",The face of a girl who made / while her 13 Al hires found / $2 3 K in her sleep / 231 qualified leads / sent personalized emails / updated the CRM and hit an / 87% reply rate in 48 hrs | The face of a girl who made / while her 13 Al hires found / $2 3 K in her sleep / 231 qualified leads / sent pers,,The face of a girl who made / while her 13 Al hires found / $2 3 K in her sleep / 231 qualified leads / sent personalized emails / updated the CRM and hit an / 87% reply rate io 48 hrs | The face of a,price_anchor,,,en,https://drive.google.com/file/d/1JF-64pZYBg5m6tskKPEYEG76WSNbbXGd/view?usp=drivesdk
Voiceless,voiceless-Ad-49-Savvy Finds.mp4,Savvy Finds,Apparel & shapewear,25.6,9:16,720x1280,0,0.0,,19,7.41,True,,,AK TOW you abeeys get,,DSUMMER SALE 20% OFF SITEWI,percent_off,,,en,https://drive.google.com/file/d/1KgGfNcgJEM31LgPNxEp2HmcaYnbsfAZB/view?usp=drivesdk
Voiceless,voiceless-Ad-5-Bloom Nutrition.mp4,Bloom Nutrition,Supplements & wellness,15.7,9:16,576x1024,0,0.0,,4,2.56,True,,,jest,,ito start my morning,,,,en,https://drive.google.com/file/d/1HcJv-bW33sfw3dpuLtDyE5IhPkb59Lkl/view?usp=drivesdk
Voiceless,voiceless-Ad-50-Motion.mp4,Motion,"Software, apps & info",8.6,9:16,360x640,1,7.0,28.0,0,0.0,True,You,You,ansistantoc the from 7 hours / oifmectingsito only 2 | m from 7 hours / fo only 2 | item from 7 hours / fo only 2 / diet,,item from 7 hours / fo only 2 / diet | Crimectings to only 2,,,,en,https://drive.google.com/file/d/1_UU79J7AXFxH3HZdVRig2o5X1RLLzAKe/view?usp=drivesdk
Voiceless,voiceless-Ad-52-Bloom Nutrition.mp4,Bloom Nutrition,Supplements & wellness,25.8,9:16,576x1024,6,14.0,352.9,7,2.72,True,I don't know who's gonna say,I don't know who's gonna say,Bloom | Double the Fruit / Bloom | loom,,COTS / late / Bloom,,,,en,https://drive.google.com/file/d/1JVu46aUbMTqTqmXSQvNvT2ZGNJuPRlZI/view?usp=drivesdk
Voiceless,voiceless-Ad-54-Oats Overnight.mp4,Oats Overnight,Food & beverage,20.9,9:16,720x1280,0,0.0,,22,10.53,True,,,just add milk / Cookies / Cream / Gluten / free / With cookie crumbles vanilla / hey protein and more,,over / night / Our Spoon Free Formula / Starts With Whole / Grains / Reduces inflammation / Sustains energy / Assists in digestive / Low glycemic index / health / Antioxidant rich | oats / over / just,,,,en,https://drive.google.com/file/d/1L2jA6cDDq6iPTQMrmmYvAfHiVOE4B29e/view?usp=drivesdk
Voiceless,voiceless-Ad-55-Bloom Nutrition.mp4,Bloom Nutrition,Supplements & wellness,10.7,9:16,720x1280,0,0.0,,2,1.88,True,,,Have Your / Moment | Have Your / Moment | Have Your / Moment,,Have Your | Have Your / SHOP NOW,,,,en,https://drive.google.com/file/d/173j5Bgxur25pymqymhpuQnKF4_B48-2k/view?usp=drivesdk
Voiceless,voiceless-Ad-56-Loop-1.mp4,Loop,Travel & accessories,10.2,9:16,720x1280,0,0.0,,0,0.0,True,,,Great music shouldn't cost aE / you your hearing / aloe a ta / slug | Great migic shouldn't cost / you your hearing / lugged / Experience 2 / Loop Link | Great music shouldn't cost / you your hearing / Experience 2 / Plus,,Great music shouldn't cost / you your hearing / Loop Link | Great music shouldn't cost / you your hearing / Experience 2,,,,en,https://drive.google.com/file/d/1b9l6PbRsLh61E0YrcgCUwrM3RjDG0zMF/view?usp=drivesdk
Voiceless,voiceless-Ad-57-Nutrafol.mp4,Nutrafol,Supplements & wellness,23.2,4:5,720x900,1,2.6,200.0,15,6.47,True,You,You,ing up for y' / rself every day / sjustifor 2 minutes | Showing up for yourself every day / Sijustifor 2 minutes | So I'm showing u / theNutrafol Fullest Hair,,Just | Thes 'stateMents have not been evaluatediBy the Food and Drug Administration / This ptoduct is not intended to diagn sey treat cure or prevent any disease,,,,en,https://drive.google.com/file/d/1Kt7rV4PIGtbK1W9u9tabt4agPikyEOJk/view?usp=drivesdk
Voiceless,voiceless-Ad-58-Kind Patches-1.mp4,Kind Patches,Supplements & wellness,27.3,9:16,720x1280,3,6.6,24.2,1,0.37,True,R .I .P. R,R.I.P.,,,,,,,en,https://drive.google.com/file/d/197J_5RevYz4afvcinBaECELGSpU1VX6s/view?usp=drivesdk
Voiceless,voiceless-Ad-59-Jones Road Beauty.mp4,Jones Road Beauty,Beauty & skincare,10.3,4:5,720x900,7,40.7,304.3,5,4.84,True,and I'll see you guys next time.,and I'll see you guys next time.,stop | stop | Brown,,Brown eyed,,,,en,https://drive.google.com/file/d/1Um3pyRW6r2JaGIv4TDaaUh-zoaV7MI3k/view?usp=drivesdk
Voiceless,voiceless-Ad-6-Loop.mp4,Loop,Travel & accessories,11.0,9:16,720x1280,0,0.0,,6,5.48,True,,,Pleasing | IT S FINALLY HERE / MAY 15 JUNE 7 | AND THE HYPE IS REAL,,AND THE HYPEIS REAL,,,,en,https://drive.google.com/file/d/1Kzpr_XbbdwbQJWc1UC9LN9SeNkVHGVuu/view?usp=drivesdk
Voiceless,voiceless-Ad-60-Gleamin-1.mp4,Gleamin,Beauty & skincare,12.6,9:16,720x1280,0,0.0,,0,0.0,True,,,Want to remove your / acne scars dark spotsr / hyperpigmentation | ant to remove y / acne scars dark spots | ant to remove your / acne scars dark spots / hyperpigmentation,,ant tojremove yOu / acne'scars dark spots / hyperpigmentation a | ant toremove a / acne scars dark spots / hyperpigmentation a / Use this,,,,en,https://drive.google.com/file/d/127zJ2z6qDF3gTI2ISpOBeJvPSRp6BrnH/view?usp=drivesdk
Voiceless,voiceless-Ad-61-DRMTLGY.mp4,DRMTLGY,Beauty & skincare,47.7,9:16,720x1280,0,0.0,,11,2.31,True,,,ve had dark circles for 17 years / these masks are what finally worked | l ve had dark circles for 17 years jae / these masks are what finally worked | I ve had dark circles for 17 years / these masks are what finally worked,,Start looking more awake join / millions who swear by DRMTLGY | GRADE SKIN CARE / Visibly improve dark circles puffiness / fine lines in 10 minutes / DERMATOLOGIST / SULFATE / RECOMMENDED / FREE / FRE,,,,en,https://drive.google.com/file/d/1WCNhN0KItnRs87nwNY3RpF4y-37OP-jH/view?usp=drivesdk
Voiceless,voiceless-Ad-62-Mejuri.mp4,Mejuri,Other/unclassified,18.8,9:16,720x1280,0,0.0,,25,13.33,True,,,rene,,pens / toby / What,,,,en,https://drive.google.com/file/d/1oGeaE0NKJj4adHQulP98hFy8Tg9gbssV/view?usp=drivesdk
Voiceless,voiceless-Ad-63-Loop-1.mp4,Loop,Travel & accessories,8.1,4:5,720x900,0,0.0,,0,0.0,True,,,Stay energized / Stay protected | Festival survival / gilts / Stay hyd pause / Stay energized / Stay protected | Festival survival / Stay hydrated / Stay energized / Stay protected,,Festival survival / Stay hydrated / Stay energized / Stay protected | Festival survival cthngay / Stay / Stay energized / Stay protected,,,,en,https://drive.google.com/file/d/1MjVfne1BbsHgc3SCsmA97VzrBAzOZ4_x/view?usp=drivesdk
Voiceless,voiceless-Ad-64-HexClad.mp4,HexClad,Home & kitchen,33.2,9:16,720x1280,3,5.4,52.8,14,4.22,True,Thanks for,Thanks for watching!,quick | quick,,meal prep,,,,en,https://drive.google.com/file/d/1y5LFPgdglGeVaFT24KJSIBeh7UIoNf7y/view?usp=drivesdk
Voiceless,voiceless-Ad-65-Bloom Nutrition.mp4,Bloom Nutrition,Supplements & wellness,7.1,9:16,720x1280,0,0.0,,0,0.0,True,,,Bloom / Don't tell anyone but there are / ONLY 50 LEFT / Bloom | Bloom / Don't tell anyone but there are / ONLY 50 LEFT | Bloom / Dont tell anyone but there are / ONLY 50 LEFT / HON eLoariner smut,,Bloom / Dont tell anyone but there are / ONLY 50 LEFT / HON eLoariner smut | Bloom / Don't tell anyone but there are / ONLY 50 LER,scarcity,,,en,https://drive.google.com/file/d/1jtJuhE_09N6a_mXhqp6sKGan6bKX8fsh/view?usp=drivesdk
Voiceless,voiceless-Ad-66-Bloom Nutrition.mp4,Bloom Nutrition,Supplements & wellness,11.4,9:16,720x1280,0,0.0,,0,0.0,True,,,high | Scoop,,Stir | high / RASPBERRY LEMONADE / Shop Now,,,,en,https://drive.google.com/file/d/1fyVdzxQOiUxL1rc6prCK3b302fWsCHns/view?usp=drivesdk
Voiceless,voiceless-Ad-67-Gleamin-1.mp4,Gleamin,Beauty & skincare,19.1,9:16,720x1280,18,56.4,65.2,0,0.0,False,If I got,"If I got a million miles away, I'd ride a little better.",ithe fact that it takes / 1 Ojminutes to remove | the factithat it takes / 1 Ojminutesito remove | at it takes / 1 Ojminutes ito remove,,the fact that it takes / 10 iminutes to remove | mei minutes to remove,,,,en,https://drive.google.com/file/d/1kVlfS-rGU6CbE8IGX2tuF3Zr1SN1FCAf/view?usp=drivesdk
Voiceless,voiceless-Ad-68-Bloom Nutrition.mp4,Bloom Nutrition,Supplements & wellness,9.6,9:16,720x1280,0,0.0,,0,0.0,True,,,The morning must have / Mari s Matcha | The morning must have / Mari s Matcha | The gut health essential / Greens,,The gut health essential / Greens | GUAVA / The key to your fitness routine / Pre workout,,,,en,https://drive.google.com/file/d/1GFCK9o7bhGj4985dgzIHyEPPNz_OMe7r/view?usp=drivesdk
Voiceless,voiceless-Ad-69-Bloom Nutrition.mp4,Bloom Nutrition,Supplements & wellness,13.2,9:16,720x1280,0,0.0,,12,9.12,True,,,Bloom | sage / Lin iT,,,,,,en,https://drive.google.com/file/d/1wd2Bh2VIHrxLF78NHXaHh6Cinpi3OoI8/view?usp=drivesdk
Voiceless,voiceless-Ad-7-HeyShape.mp4,HeyShape,Apparel & shapewear,9.3,9:16,720x1280,0,0.0,,4,4.32,True,,,Viral HeyShape Bodysuit / Wearing a size 2 size 16 | Viral HeyShape Bodysuit / Wearing a size 2 size ac,,Vises / teat,,,,en,https://drive.google.com/file/d/1aYe8lcs65ZDnI2sKoYEIPwc8z1UzQBzP/view?usp=drivesdk
Voiceless,voiceless-Ad-8-Gymshark.mp4,Gymshark,Supplements & wellness,12.3,9:16,720x1280,1,4.9,136.4,0,0.0,True,Okay,Okay,paar | foe BY,,,,,,en,https://drive.google.com/file/d/1iDir7s30f-oAmvYrL8ROEhH206UY1pkA/view?usp=drivesdk
Voiceless,voiceless-Ad-9-Cymbiotika-1.mp4,Cymbiotika,Supplements & wellness,20.6,9:16,720x1280,14,40.8,976.7,4,1.94,True,,"I don't know what I'm saying, I don't know what I'm saying, I don",rove your / and boost brain / Liposomal Delivery / vent | Want to improve your / memory and boost brain / power | Want to improve your / memory and boost brain / power,,Magnesium is an essential / mineral that is required for / 80% of the body s metabolic / functions / Ola MY | Try it for yourself you won't / regret it,,,,en,https://drive.google.com/file/d/1lhDWWRa_fomlSwuMJEc00TOpYNCGPdhM/view?usp=drivesdk
Whiteboard Explainer,whiteboard-Ad-1-Oats Overnight.mp4,Oats Overnight,Food & beverage,52.3,9:16,720x1280,181,207.7,242.8,19,3.63,False,We get this comment a lot asking why we're so expensive. People think they,We get this comment a lot asking why we're so expensive.,Why is it so / expensive / GLUTEN / FLAXSEED / MAPLES / We get this comment a lot / Seep / MONK / vest | Why is it so / expensive / GLUTEN / eine why we're so expensive | they can'make this at home,,NO SHOPPING / NO PREP TIME / sees ll'foras low as $2 63 per meal | and use Oats Overnight,price_anchor,7.78,36.06,en,https://drive.google.com/file/d/1n-s_fx_1YtvWfU_Pl9Jeq3hB9vb_5gRd/view?usp=drivesdk
Whiteboard Explainer,whiteboard-Ad-2-Seed-1.mp4,Seed,Supplements & wellness,42.6,9:16,720x1280,42,59.1,101.3,9,2.11,False,,have to be you.,Bloated Backed Up / Ever feel bloated all day | Bloated Backed Up / Ever feel bloated all day,Get 20% off-seeds DSO-1 today and try it risk-free for 30 days.,something feels off | an ty irik or 30 / ON poe,percent_off;guarantee;urgency_time,36.8,36.0,en,https://drive.google.com/file/d/17AnxcAOfNw62tHQcxSmebLJH2g3Lyich/view?usp=drivesdk
Whiteboard Explainer,whiteboard-Ad-3-Oats Overnight.mp4,Oats Overnight,Food & beverage,54.2,9:16,720x1280,194,214.8,251.8,43,7.94,False,We get this comment a lot. Obviously there's other things,We get this comment a lot.,Reply to comment / just eat something / else / We get this comment a lot | Reply to comment / just eat something / else / EGGS / We get this Sener a lot | Reply to comment / just eat something / else / Obviously there's other ies,,TIME / l s a no brainer,,37.84,,en,https://drive.google.com/file/d/1gJvXMYz-HbtPaQuRmKv08056ma8nqR8j/view?usp=drivesdk
Whiteboard Explainer,whiteboard-Ad-6-hims-1.mp4,hims,Supplements & wellness,42.9,9:16,720x1280,105,147.0,169.3,2,0.47,False,Regular sex is good but nothing special.,Regular sex is good but nothing special.,SEX ON / HIMS | SEX ON / HIMS | SEX ON / HIMS,"So get on hymns to upgrade your sex life, just go to 4hymns.co.uk and get your own personalized treatment plan and tell her she can thank me later!",SEX ON / HIMS / MAKE AN / IMPRESSION / NEVER / CONFIDENCE / GO AGAIN / AND AGAIN / AND AGAIN / seen / eats | SEX ON / HIMS / MAKE AN / IMPRESSION / NEVER / CONFIDENCE / GO AGAIN / AND AGAIN / AND AGAI,,,33.36,en,https://drive.google.com/file/d/1asrKLq7ePfcb19P6Ftk4MAO8qj5GWa_a/view?usp=drivesdk
Whiteboard Explainer,whiteboard-Ad-7-Grüns.mp4,Grüns,Supplements & wellness,26.2,9:16,720x1280,82,188.0,240.9,17,6.49,False,"Jones just hit 100 ,000 reviews with an average of 4 .8 stars.","Jones just hit 100,000 reviews with an average of 4.8 stars.",Lien,,probably only Biv me | your daily greens / foods / Gummies / Fresh Sw Taste / try them today at gruns co,urgency_time,,,en,https://drive.google.com/file/d/1ptTb57OY5Alf_ZnkMZBJkOgZFbeNLaDm/view?usp=drivesdk
Yapping,yapping_-Ad-1-sadiegritten.mp4,sadiegritten,Other/unclassified,47.5,9:16,720x1280,183,231.0,245.2,5,1.05,False,"Now, normally I'm super, super against this stuff, but I do realize that it's","Now, normally I'm super, super against this stuff, but I do realize that it's genuinely something that people deal with and battle with and struggle with every single day.",Stare por | sins youve need,,many women AIhave Seen | something anything,,,,en,https://drive.google.com/file/d/14GNJWY23a3c2JFIHMgJj-rlVwfKChaRz/view?usp=drivesdk
Yapping,yapping_-Ad-10-SheCurve.mp4,SheCurve,Apparel & shapewear,49.7,9:16,720x1280,194,234.3,264.2,0,0.0,False,So many questions about the bras that I wear. I wear,So many questions about the bras that I wear.,,,,urgency_time,,,en,https://drive.google.com/file/d/18lQmb2NQdCxf5P7-2hUuVb52PnX5xl3V/view?usp=drivesdk
Yapping,yapping_-Ad-11-SheCurve.mp4,SheCurve,Apparel & shapewear,18.8,9:16,720x1280,78,248.5,258.6,0,0.0,False,Let's talk about a bra that's so comfortable you forget that you're wearing it.,Let's talk about a bra that's so comfortable you forget that you're wearing it.,Full coverage wireless bra | Gil coverage wireless bra | Full coverage wireless bra,I'm going to add the link below.,Full coverage wireless bra,,,,en,https://drive.google.com/file/d/1GxMb8gWJjnwTHBbc2Otq2xfpsO_x32Ks/view?usp=drivesdk
Yapping,yapping_-Ad-12-Dore & Rose.mp4,Dore & Rose,Beauty & skincare,44.5,9:16,720x1280,148,199.6,233.3,8,1.8,False,This is your sign that you need to invest in a silk pillowcase.,This is your sign that you need to invest in a silk pillowcase.,arch | This is your signithat you | This is yen ReNyOn / pillowcase,So go to the link in my bio to get yours today.,and just co / iS anymore,urgency_time,10.94,37.68,en,https://drive.google.com/file/d/1zPy3nL1Iufm--RwkblAhDAkAoVOmCtZt/view?usp=drivesdk
Yapping,yapping_-Ad-13-Bloom Nutrition.mp4,Bloom Nutrition,Supplements & wellness,33.8,9:16,576x1024,132,234.6,274.6,4,1.18,False,"Look, there's not a season where you actually want to be bloated, but summer is","Look, there's not a season where you actually want to be bloated, but summer is an absolutely not.",,And if you've been eyeing this and waiting for it to go on sale now's the time go ahead and pick some up today,40% Off for Prime Day / July 8 11,percent_off;urgency_time,10.92,28.92,en,https://drive.google.com/file/d/1uo24BR4AHOCgDKjNEJRwK1XyrosXHXAn/view?usp=drivesdk
Yapping,yapping_-Ad-14-Coach Chad Byers.mp4,Coach Chad Byers,Other/unclassified,25.4,9:16,720x1280,70,165.4,174.3,1,0.39,False,Most supplements are a waste of money and,Most supplements are a waste of money and I take supplements every day.,MOST | MONEY,,NOTICED,,,,en,https://drive.google.com/file/d/1n-Z-f2-SP_YBRyJE-XCG2MORNS_riKNl/view?usp=drivesdk
Yapping,yapping_-Ad-15-Arrae.mp4,Arrae,Supplements & wellness,46.9,9:16,720x1280,186,238.0,246.8,4,0.85,False,okay so this is shocking but i drink on the weekends i,okay so this is shocking but i drink on the weekends i eat fast food i eat sugar but my abs have honestly never been this defined in my life the trick is balance and this is how i do it okay so i started taking tone by array a few months ago it's creatine literally like specifically made for women i,Stay balanced / sculpted with THIS | Stay balanced / sculpted with THIS,,,,,,en,https://drive.google.com/file/d/1ozuzO4KcsStQTrVqmMqPvusN_VPsrXxf/view?usp=drivesdk
Yapping,yapping_-Ad-16-Jones Road Beauty.mp4,Jones Road Beauty,Beauty & skincare,36.3,9:16,720x1280,135,223.0,227.9,0,0.0,False,Foundation in a stick form. This is by Jones Road Beauty.,Foundation in a stick form.,foundation ina STICK 88 | foundation ina STICK ee,And it's a pretty pretty good match so many shades available if you want to check it out for some go ahead and click the orange cart below,,urgency_time,2.24,29.44,en,https://drive.google.com/file/d/12P5Hjhv9Qr13aCF_Z1kZ1iZc2KWDQpGD/view?usp=drivesdk
Yapping,yapping_-Ad-17-Shapermint.mp4,Shapermint,Apparel & shapewear,52.8,9:16,720x1280,192,218.4,219.7,6,1.14,False,bra is too but sometimes you need a stripless size,bra is too but sometimes you need a stripless size bandou style stripless bra by Superman that's also available sizes almost 300 pounds I I have 17 inch arms 60 inch hips I'm wearing the 3X smooths out even that back fat the pads are sewn in they're not moving around on you I typically wear 44 seat ,,I'll drop a link in that orange card.,,,,47.62,en,https://drive.google.com/file/d/1voY5XEZJMX0o4nW3ctKh2glC4ck9vjWn/view?usp=drivesdk
Yapping,yapping_-Ad-18-By Erika Batista-1.mp4,By Erika Batista,Other/unclassified,49.6,9:16,720x1280,169,204.6,208.6,8,1.61,False,"Now you know, if you're in your forties like me and you're trying to look and feel good,","Now you know, if you're in your forties like me and you're trying to look and feel good, all you need is these two right here.",you know / very,,,,,,en,https://drive.google.com/file/d/1n4qG7vX2qlXmBJI1oLDjxBRBEjmRyouh/view?usp=drivesdk
Yapping,yapping_-Ad-19-Jila Meyer.mp4,Jila Meyer,Other/unclassified,93.7,9:16,720x1280,230,147.3,153.0,0,0.0,False,So what stood out to me about the IMA Daily Ultimate Essentials,So what stood out to me about the IMA Daily Ultimate Essentials is that it's not just another greens powder.,So what,,,,,,en,https://drive.google.com/file/d/1kADYSZ_lhfvcO5qBMOjeeHDCPU4MB29O/view?usp=drivesdk
Yapping,yapping_-Ad-2-Oats Overnight-1.mp4,Oats Overnight,Food & beverage,22.7,9:16,720x1280,84,221.6,277.2,0,0.0,False,Here's everything you need to know about Oats overnight in 30 seconds.,Here's everything you need to know about Oats overnight in 30 seconds.,Oats / over / night | over / vet need to know | ores / in 30 O seconds / over,Give Oats overnight to try today.,oats / It's that Rife / Over | It's dino brainer / over,urgency_time,1.44,20.64,en,https://drive.google.com/file/d/1PLlJqpyiZnWdwNneSylwsKfy6MYW2f3Y/view?usp=drivesdk
Yapping,yapping_-Ad-20-Cymbiotika.mp4,Cymbiotika,Supplements & wellness,30.0,9:16,720x1280,97,193.9,231.1,2,0.67,False,"I wish I would've known about this sooner. Last year,",I wish I would've known about this sooner.,sh would have known / a this sooner | last jear wasn't feeling / Well fand went to the / doctors,,increased | m back to feeling Wes / myself and strongerthans / ever,,,,en,https://drive.google.com/file/d/1xPPu6MPr6IuutNRFiNfOAT68rZ2soZvd/view?usp=drivesdk
Yapping,yapping_-Ad-21-Brick - Take Back Your Time.mp4,Brick - Take Back Your Time,"Software, apps & info",45.6,9:16,720x1280,145,190.8,199.5,2,0.44,False,I am convinced that notifications have gotten so much,I am convinced that notifications have gotten so much weirder.,I am convinced that notification / have gotten so much weirder | I am convinced that a / have gotten so much weirder | I am convinced that notificatio / have gotten so much weirder,,I still text my friends I just / when I do | honestly I don't miss being availa / every second of the day,bogo_bundle,20.66,23.26,en,https://drive.google.com/file/d/1k8G6IHKkEMq0D0ai9Hk-Y66oI2IotcT3/view?usp=drivesdk
Yapping,yapping_-Ad-22-Leah.mp4,Leah,Other/unclassified,42.9,9:16,720x1280,177,247.8,253.7,1,0.23,False,I just spewed a week in Italy eating pizza and pasta every single day and,I just spewed a week in Italy eating pizza and pasta every single day and I literally went to the bathroom every morning when I woke up and took amazing bikini pictures every day and I'm literally going to tell you the reason why is because I brought my array of blow gummies with me.,How stay regular and pleat free / ion euro summer / eating pizzajand pasta | How stay regular and bloat free / for euro summer / Italy / za and pasta | How stay regular and Bleat free / for euro summer,,your need to get these / and ring them withhy yous | when you re / beach,,,,en,https://drive.google.com/file/d/18HzgEn3G82FTw4gDLtaebM9uRWfp9u-S/view?usp=drivesdk
Yapping,yapping_-Ad-23-Try Cupids.mp4,Try Cupids,Supplements & wellness,40.4,9:16,720x1280,130,193.3,197.3,19,4.71,False,I thought he was hiding something. Turns out he was just leveling,I thought he was hiding something.,hiding something | leveling up,The sale does end soon.,renee / endisoon so hurry up,,,35.65,en,https://drive.google.com/file/d/1GvsoWopi8inuU7lbGJnin-JkQQdphIP7/view?usp=drivesdk
Yapping,yapping_-Ad-24-Cymbiotika.mp4,Cymbiotika,Supplements & wellness,36.2,9:16,576x1024,121,200.4,208.7,1,0.28,False,If you feel like you're bloating most,"If you feel like you're bloating most of the time, then you need to have a certain amount of vitamin D.",Adhd,,,,,,en,https://drive.google.com/file/d/1zSCdyucu0oHN6zdGsECL1440Cxf7RCZP/view?usp=drivesdk
Yapping,yapping_-Ad-25-SheCurve.mp4,SheCurve,Apparel & shapewear,47.6,9:16,720x1280,161,202.9,203.6,0,0.0,False,I literally just got out of the shower but I wanted to show you this new,I literally just got out of the shower but I wanted to show you this new broth.,baal,,,,,,en,https://drive.google.com/file/d/1t_Mk1hyvYm6Dg6sKnw5lsNYhl4p2ss0t/view?usp=drivesdk
Yapping,yapping_-Ad-26-climv.mp4,climv,Other/unclassified,39.9,9:16,720x1280,138,207.4,210.0,3,0.75,False,Don't you hate having to take like 12 different supplements,Don't you hate having to take like 12 different supplements in the morning like let's be for real It starts to make you feel like you're older than you actually are about a month and a half ago I got put on this brand called I am 8 what I love about it is that it covers all my bases Everything that ,Wipes | supplements,,Cary / focus,,,,en,https://drive.google.com/file/d/12nFqd5aTOKE933duorbBf_dBzRPqWiub/view?usp=drivesdk
Yapping,yapping_-Ad-27-Arrae.mp4,Arrae,Supplements & wellness,42.8,9:16,720x1280,132,185.0,232.3,13,3.04,False,She's not naturally smarter than you. She doesn't have a better memory,She's not naturally smarter than you.,the real reaso / don't have mo | don't have | the real r,,TONE / To mae A,,,,en,https://drive.google.com/file/d/145CfVXULVXK5IyuZkkDfxOlEZNpvqxAf/view?usp=drivesdk
Yapping,yapping_-Ad-28-Naomie Olindo-1.mp4,Naomie Olindo,Other/unclassified,55.5,9:16,720x1280,186,200.9,223.8,0,0.0,False,"Okay, I am obsessed with this blushing stick","Okay, I am obsessed with this blushing stick from Jones road Jones road products are really really great I have plenty of their things.",,,,,,,en,https://drive.google.com/file/d/1tuvZRpm-oAcydJqCHseZuzTQS6mfdoUd/view?usp=drivesdk
Yapping,yapping_-Ad-29-Cymbiotika.mp4,Cymbiotika,Supplements & wellness,48.3,9:16,720x1280,143,177.5,184.9,14,2.9,False,"But to be a little bit more intentional with my health this year, I","But to be a little bit more intentional with my health this year, I have decided to absolutely optimize my liver health.",,,4 Phyllanthus Whole Herb / Extract / Whole Herb Extract has liver | pportiy I health,,,,en,https://drive.google.com/file/d/10SkmWWj6L9n8AzXTR6XzfelsEVjApYgg/view?usp=drivesdk
Yapping,yapping_-Ad-3-Devyn Lynnae Curvy Style.mp4,Devyn Lynnae Curvy Style,Supplements & wellness,39.8,9:16,720x1280,60,90.6,107.2,4,1.01,False,,"But honey, I got you hold on.",Breathable Stretchy Easy to wear | Tetchy Easy to wear | chy Easy to wear,I'm gonna link these below.,,,,30.08,en,https://drive.google.com/file/d/1-d_mzufYu7YtZGbI79mwulCxZXuH63An/view?usp=drivesdk
Yapping,yapping_-Ad-30-DRMTLGY.mp4,DRMTLGY,Beauty & skincare,56.0,9:16,720x1280,104,111.3,117.8,1,0.18,False,when you're going to the gym and you want to look put together in together,when you're going to the gym and you want to look put together in together but not like you have a full face of minute.,but not The you ave,,at the gym Ok,,,,en,https://drive.google.com/file/d/1SpLKkgYYbNSQQb-9p0nxZB955xQ5e3un/view?usp=drivesdk
Yapping,yapping_-Ad-31-Gleamin.mp4,Gleamin,Beauty & skincare,48.5,9:16,720x1280,89,110.2,179.3,10,2.06,False,I have tried everything for my dark marks. This,I have tried everything for my dark marks.,have tried everything for my / dark marks | this is the only thing thatihas,,,,,,en,https://drive.google.com/file/d/1toQBYWCYyvkki_K-MDNyI5T6x-aSm7Po/view?usp=drivesdk
Yapping,yapping_-Ad-32-Suhaine fashion buys.mp4,Suhaine fashion buys,Apparel & shapewear,26.0,4:5,720x900,79,182.4,236.8,5,1.92,False,"If you're thinking, why not just buy new jeans? Girl, the","If you're thinking, why not just buy new jeans?",,"Go get one before they sell out again, and thank me later.",Shapermint / GET YOURS,scarcity,,20.16,en,https://drive.google.com/file/d/1lb3gL1dgTeJ__O-tt-d9I0uNYe-skM3k/view?usp=drivesdk
Yapping,yapping_-Ad-33-Jones Road Beauty.mp4,Jones Road Beauty,Beauty & skincare,82.3,9:16,720x1280,121,88.2,128.2,0,0.0,False,,this is not your or your or your or your or your your or your the process.,JONES ROAD,I'll link it down below for you.,,,77.6,79.4,en,https://drive.google.com/file/d/1hJPqTV8SojlJ0v6CdUxNmtTkftXgBZee/view?usp=drivesdk
Yapping,yapping_-Ad-34-Samantha Varvel McKinley.mp4,Samantha Varvel McKinley,Other/unclassified,41.2,9:16,720x1280,112,163.2,194.9,3,0.73,False,"In the summer, I love to have my makeup look as natural as possible.","In the summer, I love to have my makeup look as natural as possible.",love | makeup,,an aN | here's,,,,en,https://drive.google.com/file/d/1X-vVBURPZyWVHig8LdfkwqQ_5qSbqxZG/view?usp=drivesdk
Yapping,yapping_-Ad-35-Jones Road Beauty.mp4,Jones Road Beauty,Beauty & skincare,32.2,9:16,720x1280,112,208.5,231.1,4,1.24,False,"If you have really dry skin like I do, I have just found your","If you have really dry skin like I do, I have just found your new go-to blush.",i wee | Road | Blushing Sticks,,,,5.3,,en,https://drive.google.com/file/d/1qGxfjJQAUfdqxZL9qDzc65MT6Vm4rQIv/view?usp=drivesdk
Yapping,yapping_-Ad-36-Madison Freeman | My Open Door.mp4,Madison Freeman | My Open Door,Other/unclassified,58.3,9:16,720x1280,211,217.1,220.1,1,0.17,False,A lot of health drinks taste chalky earthy and just,A lot of health drinks taste chalky earthy and just downright funky so if it doesn't taste good I'm not gonna drink it and I found everyday goes in one of the biggest things that I notice about it is it actually tastes good and it's coffee plus benefits you're putting so much goodness in your body b,,"you everyday dose best offer and it'll give you extra 10% off your first order. Plus, if they have any website discounts going on, it is a stackable code.",,percent_off;promo_code;price_anchor,,36.42,en,https://drive.google.com/file/d/1Dvv4JRQ2t1hL63wttdBh9DsB7dbhEi8N/view?usp=drivesdk
Yapping,yapping_-Ad-37-Claragrugz.mp4,Claragrugz,Other/unclassified,48.0,9:16,720x1280,143,178.9,304.9,1,0.21,False,"Like, let me know why I low key have a six back. I've said it once and","Like, let me know why I low key have a six back.",nese to be | ladies we don't,,,,,,en,https://drive.google.com/file/d/1vDFQU0u8QkQtjfnOD06qyVhNDAI-LYQK/view?usp=drivesdk
Yapping,yapping_-Ad-38-Everyday Dose.mp4,Everyday Dose,Supplements & wellness,91.0,9:16,720x1280,260,171.5,259.0,8,0.88,False,I need to get back all my workouts. I need to get back to like my routine because this,I need to get back all my workouts.,need 2 get bac | Decors this whole,,J free stick ck packs | game change,price_anchor,52.68,,en,https://drive.google.com/file/d/1Go6zAEk3rZV4UJiWxbz9hWiKM5oOgHuH/view?usp=drivesdk
Yapping,yapping_-Ad-39-Cymbiotika-1.mp4,Cymbiotika,Supplements & wellness,57.8,9:16,720x1280,221,229.3,241.3,1,0.17,False,So I've struggled with skin my entire life. I've always had acne issues.,So I've struggled with skin my entire life.,wees,,,urgency_time,,,en,https://drive.google.com/file/d/1kUPh7JoGtc2c_afqgEjc0soHsUBskHsU/view?usp=drivesdk
Yapping,yapping_-Ad-4-Mandy Brooke.mp4,Mandy Brooke,Other/unclassified,38.5,9:16,720x1280,144,224.7,238.0,13,3.38,False,You know what's really humbling? Becoming emotionally invested in whether or not you poop,You know what's really humbling?,use my code 25 MANDYB | Duse my code 25 MANDYB | use BEES 25 MANDYB,,use my code 25 MANDYB / bloating | Pins / use my code 25 MANDYB / Oil and give,promo_code;urgency_time,,,en,https://drive.google.com/file/d/1o0OzVJiwhGzA7W4blyeIC1pRAPbZ5BYG/view?usp=drivesdk
Yapping,yapping_-Ad-40-dorianthabeardedman.mp4,dorianthabeardedman,Other/unclassified,42.3,9:16,576x1024,199,282.5,286.1,0,0.0,False,"Fellas, if you are waking up in the morning and you're not like this, you're not bricked","Fellas, if you are waking up in the morning and you're not like this, you're not bricked up, ready for morning cardio, that means your testosterone sucks.",if You Deal With This / You're In TroubleS | if You Deal with This / You're In Trouble | if You Deal With This Ze / You're In Trouble,It's gonna support your tea levels and maybe you can wake up in the morning and be ready for that morning cardio Now if you could benefit from this you can actually get this at a major discount discount right now But they do sell out fast if we happen to see that orange cart below they mean they sti,,scarcity;urgency_time,,32.38,en,https://drive.google.com/file/d/1qZPOQqN5FZXomtJ25VNidQed5GuN7vY6/view?usp=drivesdk
Yapping,yapping_-Ad-41-Steph Currie.mp4,Steph Currie,Other/unclassified,40.0,9:16,720x1280,149,223.7,238.9,4,1.0,False,Look at the way that like lifts my cheekbone up and,Look at the way that like lifts my cheekbone up and gives me a little bit of a glow.,g way that like | e way that like,,id it goes / lly onto the face | youth,,,,en,https://drive.google.com/file/d/1-jXR2A2sRFEhaenTgrkKiZyem6E_SEbv/view?usp=drivesdk
Yapping,yapping_-Ad-42-Kind Patches-1.mp4,Kind Patches,Supplements & wellness,36.2,9:16,720x1280,148,245.5,252.6,9,2.49,False,"Okay, so what's actually in these things? I need to know","Okay, so what's actually in these things?",,,,bogo_bundle,6.56,,en,https://drive.google.com/file/d/1mCPKqRl2LeLTRJV3UZbcDxtJDdPz9bsY/view?usp=drivesdk
Yapping,yapping_-Ad-43-Jones Road Beauty.mp4,Jones Road Beauty,Beauty & skincare,30.1,9:16,720x1280,111,221.7,225.3,3,1.0,False,if you like your skin to look like skin joe foundation is,if you like your skin to look like skin joe foundation is the perfect combination of hydration skincare and coverage older we get the more foundation just sets into your skin it actually doesn't this is like skincare meets foundation leaves you with a dewy soft finish skin feels really hydrated and ,If you / Ditch your h | Ditch your | Ditch / gage,,,,,,en,https://drive.google.com/file/d/1LN-Q8FYs9Ovj3Y2cgWA-GLnLMMDSWfnj/view?usp=drivesdk
Yapping,yapping_-Ad-44-Arrae.mp4,Arrae,Supplements & wellness,36.6,9:16,720x1280,169,277.3,302.0,0,0.0,False,"Okay, if summer snuck up on you and you need a bikini body fat,","Okay, if summer snuck up on you and you need a bikini body fat, I got you.",a bikini body | a bikini ibody,,,,,,en,https://drive.google.com/file/d/1Xz672ocCmUOgnBNO7x7vssBs2iepiRd9/view?usp=drivesdk
Yapping,yapping_-Ad-45-Lexi Hidalgo.mp4,Lexi Hidalgo,Other/unclassified,90.9,9:16,540x960,225,148.6,162.9,4,0.44,False,My personal trainer forced me to start taking it and it is easily,My personal trainer forced me to start taking it and it is easily the best thing that I've ever done.,,,lest,,,56.58,en,https://drive.google.com/file/d/1HQh5IUHRddk8qMshdWQCf1sqIGSQIoAX/view?usp=drivesdk
Yapping,yapping_-Ad-46-Gymshark.mp4,Gymshark,Supplements & wellness,111.7,9:16,720x1280,357,191.8,210.3,8,0.72,False,"Wow, wow, wow, wow, wow. Seamness 2","Wow, wow, wow, wow, wow.",,,,bogo_bundle,,72.8,en,https://drive.google.com/file/d/1dIU8nw1jw-s7OAAw6bS03oXQjyn-OUO6/view?usp=drivesdk
Yapping,yapping_-Ad-47-Arrae.mp4,Arrae,Supplements & wellness,51.0,9:16,720x1280,208,244.6,250.7,2,0.39,False,"Start taking creatine, trust me, especially if you're a","Start taking creatine, trust me, especially if you're a woman.",For the ginlStafra / creatine / Horn | Start taking Greely | pause especially,,wider,,,,en,https://drive.google.com/file/d/1C4X72vJ-yCVKGWGmS-Q4YuFNALBWyDSX/view?usp=drivesdk
Yapping,yapping_-Ad-48-Cymbiotika.mp4,Cymbiotika,Supplements & wellness,61.1,9:16,720x1280,250,245.6,250.3,3,0.49,False,I honestly feel like I've been over -complicating living a healthy lifestyle,"I honestly feel like I've been over-complicating living a healthy lifestyle for so long, like it's not that hard.",,,,,,,en,https://drive.google.com/file/d/1nIWyzLfVlvFj6CUhQOwDIsbol0aG2hG_/view?usp=drivesdk
Yapping,yapping_-Ad-49-Shopmy.mp4,Shopmy,Other/unclassified,53.6,9:16,720x1280,177,198.3,205.2,0,0.0,False,"Okay, I'm getting ready to take my DS01 daily symbiotic.","Okay, I'm getting ready to take my DS01 daily symbiotic.",long now / 2 25 HANNAHP for 25% off | Il already know 1 hav / been / ing Gseed for sol / because it actually / 25 HANNAHP for 25% off | fate / taking Gseed for so / 25 HANNAHP for 25% off,,taking Gseed Gseed for so long / 2 25 HANNAHP for 25% off | actually works / 25 HANNAHP for 25% off,percent_off,,,en,https://drive.google.com/file/d/18hTlNHGU_LsB-2Szg_cGqCFT8M5f6khO/view?usp=drivesdk
Yapping,yapping_-Ad-5-Nutrafol.mp4,Nutrafol,Supplements & wellness,37.0,9:16,720x1280,118,191.4,197.0,4,1.08,False,let's talk about GLP1s and,let's talk about GLP1s and hair thinning.,Hey guysil t's talk / about GLP 1 s | Hey guysal t's talk / about GLP 1 s,supplements will help keep you from having any extra shed during your GLP1 I plan on hitting 48 with like a smoke shop in three to six months.,planton hitting 48 looking like / a smoke show / y'hese statements have not been / y the Food and Drug Administration / This product is not intended toydiagnose treat cure or prevent any disease / f p,,,28.34,en,https://drive.google.com/file/d/1OM9ssH1xqPxMHK8jcS9G9HnS314trp2F/view?usp=drivesdk
Yapping,yapping_-Ad-50-keturahspov.mp4,keturahspov,Other/unclassified,19.0,9:16,720x1280,80,252.4,288.1,6,3.16,False,You know a product's good when it's causing you to hit the pan.,You know a product's good when it's causing you to hit the pan.,,,all have to doi | just,,,,en,https://drive.google.com/file/d/1Ta6EhM3uQd0Lsjhfo9LZo_5U1iMvYdxt/view?usp=drivesdk
Yapping,yapping_-Ad-51-Nutrafol-1.mp4,Nutrafol,Supplements & wellness,39.6,9:16,720x1280,123,186.3,188.3,3,0.76,False,I've gone through postpartum four times now so hopefully you,I've gone through postpartum four times now so hopefully you guys trust my recommendation and that is my recommendation of NutriFull.,velgone through postpartum | times now | beat / goon / so hopefully you guys,,GLICK HERE FOR,price_anchor,,,en,https://drive.google.com/file/d/1kHLTepRH5OKVTjY5hOeVOPyj3wtw9jef/view?usp=drivesdk
Yapping,yapping_-Ad-52-DRMTLGY.mp4,DRMTLGY,Beauty & skincare,66.6,9:16,720x1280,165,148.6,150.2,2,0.3,False,I am not a makeup girly. So I found this eye corrector,I am not a makeup girly.,Sol found this eye corrector,,I did / say It's orn 41 | So your ayes are blocked,,,,en,https://drive.google.com/file/d/1aLSb5s-59k8dH2efzMVWcWnRgF9WPNE6/view?usp=drivesdk
Yapping,yapping_-Ad-53-MB Health Holistic Healing.mp4,MB Health Holistic Healing,Supplements & wellness,27.1,9:16,720x1280,116,257.3,272.9,0,0.0,False,Nobody talks enough about food noise until it goes away. I've been taking a,Nobody talks enough about food noise until it goes away.,The answer to / food noise | The answer to / food noise / bout | The answer to / food noise / live been taking,,Say tin 2 Celleniic | if you / with cravings,,,,en,https://drive.google.com/file/d/1FaeCbvsrpwIbwOqEsIlzNjZFd-CXC4TJ/view?usp=drivesdk
Yapping,yapping_-Ad-54-Lynne Tariro UGC.mp4,Lynne Tariro UGC,Other/unclassified,110.4,9:16,360x640,351,190.8,196.3,1,0.09,False,"Okay, I am back with my long overdue review and","Okay, I am back with my long overdue review and update on the Gleaming Clay Mask.",LEA MIN,,them,price_anchor,,,en,https://drive.google.com/file/d/1K5xMipsCUX3Xu-tG-Vw7IGvhIGSVg3fm/view?usp=drivesdk
Yapping,yapping_-Ad-55-Arrae.mp4,Arrae,Supplements & wellness,48.5,9:16,720x1280,169,209.0,216.5,7,1.44,False,No one talks about how healthy eating can actually be causing a bloating.,No one talks about how healthy eating can actually be causing a bloating.,,,,,,,en,https://drive.google.com/file/d/12UyRIbhoZlEyZSqB_bp5CRKJMqfh3ych/view?usp=drivesdk
Yapping,yapping_-Ad-56-Arrae.mp4,Arrae,Supplements & wellness,33.7,9:16,720x1280,104,185.2,196.0,5,1.48,False,Hailey Bieber just posted on her story that she's been taking these toned,Hailey Bieber just posted on her story that she's been taking these toned creatine gummies and it literally makes so much sense because her body is frickin' tea.,of net | yer A come,I'm gonna link it down below,,urgency_time,,29.1,en,https://drive.google.com/file/d/11EgsS5n8Zoe7nkJooQqaDfjb3gg8Rrj_/view?usp=drivesdk
Yapping,yapping_-Ad-57-Bloom Nutrition.mp4,Bloom Nutrition,Supplements & wellness,24.0,9:16,576x1024,99,247.4,260.8,4,1.67,False,I still take bloom greens every single day and I'm gonna show you why.,I still take bloom greens every single day and I'm gonna show you why.,,"I know right now they're having a 30% off sale on all of their products on Amazon, so now is the time to get it.",,percent_off;urgency_time,0.72,18.78,en,https://drive.google.com/file/d/1rlc2HdW-LfLZ5dAriIgsfJbj3FxbYKbK/view?usp=drivesdk
Yapping,yapping_-Ad-58-Olivia Caridi.mp4,Olivia Caridi,Other/unclassified,15.5,9:16,720x1280,45,174.4,212.9,13,8.4,False,"Listen, I don't care where you use this. Face. Perfect.","Listen, I don't care where you use this.",Sony,,Pipe pays,,,,en,https://drive.google.com/file/d/1k_yT72w__7Mf9QO1DJOmt8SGZNZYc7L_/view?usp=drivesdk
Yapping,yapping_-Ad-59-Nick Walker Fitness.mp4,Nick Walker Fitness,Supplements & wellness,56.3,9:16,720x1280,145,154.6,197.5,0,0.0,False,I literally look forward to this coffee every day.,I literally look forward to this coffee every day.,ooteau 2 bash | pena | odteay 2 bark / poets,,,,,,en,https://drive.google.com/file/d/1P3cOSwKTWeaAXTkW9e0SKB33PGXkjrPK/view?usp=drivesdk
Yapping,yapping_-Ad-6-Gleamin.mp4,Gleamin,Beauty & skincare,26.5,9:16,720x1280,81,183.6,187.4,5,1.89,False,"You want to know how I got my skin from this, this,","You want to know how I got my skin from this, this, and this to this.",You want | got my skin from | this,,clearer and helped | this is definitely,,12.11,,en,https://drive.google.com/file/d/1_edza4qrznFq4C0dUpmCx0rdB57-ywy7/view?usp=drivesdk
Yapping,yapping_-Ad-60-SheCurve.mp4,SheCurve,Apparel & shapewear,41.3,9:16,720x1280,119,173.0,175.9,2,0.48,False,bra wear. Let me show you why vert v's new bras,bra wear.,,,,price_anchor,,,en,https://drive.google.com/file/d/1BfghSh4MIO0bb2turB3biDtxFHw2gKKs/view?usp=drivesdk
Yapping,yapping_-Ad-61-DRMTLGY.mp4,DRMTLGY,Beauty & skincare,47.4,9:16,720x1280,145,183.4,203.2,7,1.48,False,This one is for the girlies that don't wear makeup,"This one is for the girlies that don't wear makeup every day, and it's still like a little bit of extra glow.",Ie you clom't ike to / This one is for the girls | everyday this is for / This one is for the girls | you fit / makeup every day,,and mSKeUP all in one because | like / going to be my new / megan,,,,en,https://drive.google.com/file/d/1YVaVwWzLaP393R5YYO4xfH8TKv02BnT2/view?usp=drivesdk
Yapping,yapping_-Ad-62-Norse Organics.mp4,Norse Organics,Beauty & skincare,24.8,9:16,720x1280,16,38.8,169.6,4,1.62,False,my son had for years it completely,my son had for years it completely crushed his confidence as a person steps to me,It completely crushed,,his skin was / noticeably less red,,,,en,https://drive.google.com/file/d/17q_NW3k868qs5okgDVZd7HApUPPGGv_q/view?usp=drivesdk
Yapping,yapping_-Ad-63-Bloom Nutrition.mp4,Bloom Nutrition,Supplements & wellness,55.6,9:16,576x1024,147,158.5,200.8,2,0.36,False,"Guys, I'm on my way to work, and I thought this would be a perfect time","Guys, I'm on my way to work, and I thought this would be a perfect time to try out Bloom's new energy drink.",,,,urgency_time,3.86,,en,https://drive.google.com/file/d/17jFgEDGWfsLBdUfYFvlnARrKrQZDNJGm/view?usp=drivesdk
Yapping,yapping_-Ad-64-BobbyParrish.mp4,BobbyParrish,Other/unclassified,57.5,9:16,720x1280,179,186.9,196.2,0,0.0,False,When I was traveling last week I take that little travel vial,When I was traveling last week I take that little travel vial for seed and I know a lot of summer travels coming up and when you sign up for a sub of course you get the big glass and the travel one comes with it and I talk about this a lot but they did a study recently that showed a 400% increase in,must for / travel 7 | travel 7 / must for / een was arcing last | must for / travel 7 / take the little travel vial for / Seed,My link gets you 25% off your first month supply with free shipping.,must for / travel 7 / my link gets you 25% of / first month supply with free / shipping | must for / travel 7 / don't go anywhere wit / my Seed because my gut / needs it,percent_off;free_shipping,,48.06,en,https://drive.google.com/file/d/1y_SJEC5_IeOfMChj6RhhXg1MQyuaTZZx/view?usp=drivesdk
Yapping,yapping_-Ad-65-Norse Organics.mp4,Norse Organics,Beauty & skincare,29.5,9:16,720x1280,89,181.2,196.9,2,0.68,False,My son has severe acne and it hugely impacts his,My son has severe acne and it hugely impacts his mental health.,And it hugely impacts / his mental health,,I'm shocked at / how effective / these products are | I'm not cin influencer / I'm not an affiliate,,7.3,,en,https://drive.google.com/file/d/189DuWl5uIDgHCf5A14Q8AZAceTHWWjbt/view?usp=drivesdk
Yapping,yapping_-Ad-66-DRMTLGY-1.mp4,DRMTLGY,Beauty & skincare,111.8,9:16,720x1280,177,95.0,147.3,4,0.36,False,I want to show you the two products I have been using for my,I want to show you the two products I have been using for my no makeup makeup look.,the two products | I have been using for my,,I'm good to | pecntce they are,,,,en,https://drive.google.com/file/d/1fnrn9OZuAYj6f7Q0hCkcRPESbVad7db1/view?usp=drivesdk
Yapping,yapping_-Ad-67-Loop-1.mp4,Loop,Travel & accessories,35.9,9:16,720x1280,71,118.8,121.0,6,1.67,False,"So my neighbor who I had swore, hey, just, just stopped me","So my neighbor who I had swore, hey, just, just stopped me on my walk home.",key scared me / Sojmy neighbor who I had swore | my neighbor low / key scared me / hated me | my neighbor low / key scared me / coy wells home,"I was gonna say I was gonna say, I was gonna say, I was gonna say, I was gonna say, They can just reset my nervous system after a long day, but I'll link them below here so you can also check them out",LINK HERE,,,29.96,en,https://drive.google.com/file/d/1aWIsKAHUos-GOM0mN-8vamdXkn_Wd7Le/view?usp=drivesdk
Yapping,yapping_-Ad-68-Living With Landyn.mp4,Living With Landyn,Other/unclassified,116.5,9:16,720x1278,296,152.4,161.8,6,0.51,False,"Okay girls, I have been doing this little","Okay girls, I have been doing this little yogurt bowl with my symbiotica for like a week now and I I think it's like a new breakfast get your supplements in beauty from the inside out situation unlocked like I can't it's so so good so I take Greek yogurt and then I'll cut regards some strawberries A",,,,,4.42,,en,https://drive.google.com/file/d/1UVkbLQEYQUVI3nDhZexHdGSgcSHkVMaG/view?usp=drivesdk
Yapping,yapping_-Ad-69-Bloom Nutrition.mp4,Bloom Nutrition,Supplements & wellness,35.9,9:16,576x1024,143,239.0,253.2,2,0.56,False,I just posted a video about my skincare routine the other night and something I didn't,I just posted a video about my skincare routine the other night and something I didn't talk about but I definitely want to talk about is this Bloom Colostrum.,,,lays,,4.96,,en,https://drive.google.com/file/d/1izqJu0Cm3_DDhrHBLWf1067NFUPp_373/view?usp=drivesdk
Yapping,yapping_-Ad-7-Tawny Janae.mp4,Tawny Janae,Other/unclassified,52.9,9:16,720x1280,160,181.7,193.5,0,0.0,False,Now onto my IMA. I'm going to be so hydrated to,Now onto my IMA.,Use Tawny for a discount / a welcome gift | NOW ONTO MY / Use Tawny for a discount / a welcome gift | Use Tawny for a discount / a welcome gift,My religion use my name at checkout and you get a discount and a free welcome gift who it does not love Injusting the best and getting a nice discount.,wiTH CELt REIN bd ww / TECHNOLOGY 8 / ESSENTIALS / Hydration / Acai and Mixed Berries / Use Tawny / for a discount,,,39.66,en,https://drive.google.com/file/d/1wW5cpcJRs6Me_TeBVwCkUVs2PlCowpxI/view?usp=drivesdk
Yapping,yapping_-Ad-70-Arrae.mp4,Arrae,Supplements & wellness,57.5,9:16,720x1280,181,188.8,199.3,12,2.09,False,Let this be a reminder that weight loss and muscle growth don't,Let this be a reminder that weight loss and muscle growth don't have to be separate goals.,ee take the creatine | take the creatine | causes,,has now becomefa daily staple / routine | and completelydchanging your,,,,en,https://drive.google.com/file/d/1SRnzM0wMyqWdBfPw4h0D9xl-mr5JzBSc/view?usp=drivesdk
Yapping,yapping_-Ad-72-Taylor Ann Green.mp4,Taylor Ann Green,Other/unclassified,54.0,9:16,720x1280,193,214.6,225.7,0,0.0,False,"Okay, so I'm running to a Pilates class, but I have to run some","Okay, so I'm running to a Pilates class, but I have to run some errands afterwards.",,,,,,,en,https://drive.google.com/file/d/1SPfp42edoxIyxzCmoljWIirduKUjkMLC/view?usp=drivesdk
Yapping,yapping_-Ad-73-peytonwitcher_-1.mp4,peytonwitcher_,Other/unclassified,57.4,9:16,720x1280,200,209.0,216.3,2,0.35,False,"The way it looks so natural but better, literally so","The way it looks so natural but better, literally so good.",alas,,,,,,en,https://drive.google.com/file/d/1wWHWVWFh0OeEgXZ9jRf6iHxG1Zea8533/view?usp=drivesdk
Yapping,yapping_-Ad-74-Arrae.mp4,Arrae,Supplements & wellness,39.3,9:16,720x1280,147,224.5,235.3,0,0.0,False,This bad boy is the reason I am down like,"This bad boy is the reason I am down like 25 pounds and counting and of all the times in my life where I have tried to reach a certain pan size, this way far has been the easiest process for me.",this bad boy is the reason am / downilike 25 pounds and / counting | this bad boy is ine reason am / down like 25 pounds and / counting | this bad Pons the / reason lam / down like 25 pounds and,,I find have way more energy / with this without the'crash | jame / before s Iam telling you / this is going to be your secret / weapon,,,,en,https://drive.google.com/file/d/1vcUGIvzVuIgzxkVgr4DYcL9wModcuVqM/view?usp=drivesdk
Yapping,yapping_-Ad-75-Arrae.mp4,Arrae,Supplements & wellness,40.2,9:16,720x1280,144,214.8,230.9,4,0.99,False,These are a raised new variety pack of the creatine tone gummies,"These are a raised new variety pack of the creatine tone gummies that literally have five grams of creatine per serving, which helps with your muscle mass and recovery.",,,,,,,en,https://drive.google.com/file/d/1ZFhQL9c63INgH8N8HNnnn0hpWbQi-HBw/view?usp=drivesdk
Yapping,yapping_-Ad-8-Arrae.mp4,Arrae,Supplements & wellness,41.3,9:16,720x1280,160,232.4,234.3,2,0.48,False,Creatine it's cuz they're not taking creatine and I avoided taking it for,Creatine it's cuz they're not taking creatine and I avoided taking it for so long because normally only the gym bros We're trying to get super jacked and boss take a kid you not a couple weeks ago I started taking a ray tone has five grams of creatine.,EVERYTHING changed once / I started taking creatine / Creatine | EVERYTHING changed once / I started taking creatine / It's because youjre / taking creatine ss | EVERYTHING changed once / I started taking creatine,,came once listarted / taking creatine | no having to choke / down to powder,,,,en,https://drive.google.com/file/d/1eKpiF4Xbq6wDSKiD7FT14DtrVumduvUD/view?usp=drivesdk
Yapping,yapping_-Ad-9-Nutrafol.mp4,Nutrafol,Supplements & wellness,22.2,9:16,720x1280,82,221.2,238.6,1,0.45,False,"So, one of my best girlfriends who has three","So, one of my best girlfriends who has three kids recommended the NutriFull Postpartum Hair Growth.",,,These statements have not,,,,en,https://drive.google.com/file/d/1v3CQ2A-FZkl1dVDwVi1KoK0QAtXDk1YG/view?usp=drivesdk
